-- phpMyAdmin SQL Dump
-- version 5.2.1
-- https://www.phpmyadmin.net/
--
-- Host: localhost
-- Generation Time: Jun 15, 2023 at 12:01 AM
-- Server version: 10.5.20-MariaDB
-- PHP Version: 7.3.33

SET SQL_MODE = "NO_AUTO_VALUE_ON_ZERO";
START TRANSACTION;
SET time_zone = "+00:00";


/*!40101 SET @OLD_CHARACTER_SET_CLIENT=@@CHARACTER_SET_CLIENT */;
/*!40101 SET @OLD_CHARACTER_SET_RESULTS=@@CHARACTER_SET_RESULTS */;
/*!40101 SET @OLD_COLLATION_CONNECTION=@@COLLATION_CONNECTION */;
/*!40101 SET NAMES utf8mb4 */;

--
-- Database: `id20370336_tickets`
--

DELIMITER $$
--
-- Procedures
--
CREATE DEFINER=`id20370336_yonaorunov1`@`%` PROCEDURE `CalculateTrainRevenue` (IN `train_id` INT, OUT `total_revenue` INT)   BEGIN
    SELECT SUM(fare_amount) INTO total_revenue
    FROM Ticket
    WHERE train_id = train_id;
END$$

CREATE DEFINER=`id20370336_yonaorunov1`@`%` PROCEDURE `GetPassengerTickets` (IN `p_passenger_name` VARCHAR(8))   BEGIN
    SELECT t.ticket_id, t.train_id, t.passenger_name, t.departure_date, t.seat_number, t.fare_amount
    FROM Ticket t
    JOIN Passenger p ON t.passenger_name = p.passenger_name
    WHERE p.passenger_name = p_passenger_name;
END$$

DELIMITER ;

-- --------------------------------------------------------

--
-- Table structure for table `absences`
--

CREATE TABLE `absences` (
  `ID` varchar(9) NOT NULL,
  `duration` int(11) NOT NULL DEFAULT 1,
  `is_illness` tinyint(1) NOT NULL
) ENGINE=InnoDB DEFAULT CHARSET=utf8mb4 COLLATE=utf8mb4_general_ci;

--
-- Dumping data for table `absences`
--

INSERT INTO `absences` (`ID`, `duration`, `is_illness`) VALUES
('383937589', 2, 1),
('383937589', 3, 0),
('399275893', 1, 1),
('295828903', 5, 1),
('849275789', 11, 0),
('492985973', 3, 1),
('340203985', 1, 0),
('204482323', 3, 1),
('204482323', 3, 0),
('340923832', 4, 1),
('234923020', 2, 1),
('214248190', 4, 1),
('938479239', 5, 1),
('938479239', 6, 0);

-- --------------------------------------------------------

--
-- Table structure for table `administrator`
--

CREATE TABLE `administrator` (
  `ID` varchar(9) NOT NULL,
  `has_degree` tinyint(1) NOT NULL DEFAULT 0,
  `double_degree` tinyint(1) NOT NULL DEFAULT 0
) ENGINE=InnoDB DEFAULT CHARSET=utf8mb4 COLLATE=utf8mb4_general_ci;

--
-- Dumping data for table `administrator`
--

INSERT INTO `administrator` (`ID`, `has_degree`, `double_degree`) VALUES
('234923020', 0, 0),
('390442819', 1, 0),
('214248190', 1, 1),
('302948578', 1, 0);

-- --------------------------------------------------------

--
-- Table structure for table `admin_bruto`
--

CREATE TABLE `admin_bruto` (
  `ID` int(11) DEFAULT NULL,
  `salary` float DEFAULT NULL
) ENGINE=InnoDB DEFAULT CHARSET=utf8mb4 COLLATE=utf8mb4_general_ci;

--
-- Dumping data for table `admin_bruto`
--

INSERT INTO `admin_bruto` (`ID`, `salary`) VALUES
(214248190, 26562.5),
(234923020, 5200),
(302948578, 12705),
(390442819, 28400);

-- --------------------------------------------------------

--
-- Table structure for table `cashier`
--

CREATE TABLE `cashier` (
  `ID` varchar(9) NOT NULL,
  `stationName` varchar(20) NOT NULL
) ENGINE=InnoDB DEFAULT CHARSET=utf8mb4 COLLATE=utf8mb4_general_ci;

--
-- Dumping data for table `cashier`
--

INSERT INTO `cashier` (`ID`, `stationName`) VALUES
('492985973', 'Navon'),
('385992740', 'Hof HaCarmel'),
('340203985', 'Sgula'),
('493028493', 'Ofakim'),
('3456', 'lev'),
('666666', 'Default Cashier');

-- --------------------------------------------------------

--
-- Table structure for table `cashier_bruto`
--

CREATE TABLE `cashier_bruto` (
  `ID` int(11) DEFAULT NULL,
  `salary` float DEFAULT NULL
) ENGINE=InnoDB DEFAULT CHARSET=utf8mb4 COLLATE=utf8mb4_general_ci;

--
-- Dumping data for table `cashier_bruto`
--

INSERT INTO `cashier_bruto` (`ID`, `salary`) VALUES
(298762987, 22612.5),
(383937589, 13213.6),
(399275893, 19411),
(839726545, 25219.5);

-- --------------------------------------------------------

--
-- Table structure for table `driver`
--

CREATE TABLE `driver` (
  `ID` varchar(9) NOT NULL,
  `License` varchar(1) NOT NULL DEFAULT 'A',
  `Risk` int(3) UNSIGNED NOT NULL DEFAULT 0
) ENGINE=InnoDB DEFAULT CHARSET=utf8mb4 COLLATE=utf8mb4_general_ci;

--
-- Dumping data for table `driver`
--

INSERT INTO `driver` (`ID`, `License`, `Risk`) VALUES
('298762987', 'A', 0),
('839726545', 'B', 30),
('383937589', 'C', 0),
('399275893', 'B', 0);

-- --------------------------------------------------------

--
-- Table structure for table `driver_bruto`
--

CREATE TABLE `driver_bruto` (
  `ID` int(11) DEFAULT NULL,
  `salary` float DEFAULT NULL
) ENGINE=InnoDB DEFAULT CHARSET=utf8mb4 COLLATE=utf8mb4_general_ci;

--
-- Dumping data for table `driver_bruto`
--

INSERT INTO `driver_bruto` (`ID`, `salary`) VALUES
(298762987, 22612.5),
(383937589, 14013.6),
(399275893, 19411),
(839726545, 25219.5);

-- --------------------------------------------------------

--
-- Table structure for table `employee`
--

CREATE TABLE `employee` (
  `ID` varchar(9) NOT NULL,
  `Name` varchar(20) NOT NULL,
  `Gender` enum('Male','Female','Other') NOT NULL DEFAULT 'Other',
  `Rank` int(2) UNSIGNED ZEROFILL NOT NULL,
  `Seniority` int(10) UNSIGNED NOT NULL DEFAULT 0,
  `Scope` int(10) UNSIGNED NOT NULL DEFAULT 100,
  `ExtraHours` int(2) UNSIGNED ZEROFILL NOT NULL DEFAULT 00
) ENGINE=InnoDB DEFAULT CHARSET=utf8mb4 COLLATE=utf8mb4_general_ci;

--
-- Dumping data for table `employee`
--

INSERT INTO `employee` (`ID`, `Name`, `Gender`, `Rank`, `Seniority`, `Scope`, `ExtraHours`) VALUES
('092823989', 'Boaz Stefansky', 'Male', 14, 3, 100, 00),
('204482323', 'Inbal Deri', 'Female', 11, 1, 75, 00),
('214248190', 'Hadas Shitrit', 'Female', 17, 15, 100, 25),
('234923020', 'Shiran Hazan', 'Female', 10, 2, 50, 00),
('293834985', 'Ron Hadar', 'Male', 11, 2, 75, 00),
('295828903', 'Harel Yehiel', 'Male', 17, 15, 100, 20),
('298762987', 'Arieh Stein', 'Male', 15, 17, 100, 25),
('302948578', 'Ori Tennen', 'Male', 14, 7, 75, 00),
('340203985', 'Rina Dayan', 'Female', 10, 2, 50, 00),
('340923832', 'Ariel Solomon', 'Male', 13, 4, 100, 15),
('383937589', 'Moshe Katz', 'Male', 12, 5, 100, 25),
('385992740', 'Amalia Geva', 'Female', 10, 1, 50, 00),
('390442819', 'Riki Ariel', 'Female', 20, 10, 100, 25),
('392875940', 'Alex Rott', 'Other', 14, 9, 75, 00),
('394012829', 'Meir Horovitz', 'Male', 18, 12, 25, 10),
('399275893', 'Yossi Huri', 'Male', 14, 9, 100, 35),
('480303921', 'Chaim Parienti', 'Male', 18, 30, 100, 25),
('492985973', 'Shir Reuven', 'Female', 10, 1, 50, 00),
('493028493', 'Meshi Klein', 'Female', 12, 7, 100, 00),
('579483729', 'Dan Ben Moshe', 'Male', 15, 11, 75, 00),
('738723678', 'Or Gabay', 'Male', 11, 2, 75, 00),
('839726545', 'Asher Look', 'Male', 17, 19, 100, 15),
('849275789', 'Yaffa Ron', 'Female', 12, 25, 75, 00),
('938479239', 'Michal Reshef', 'Female', 18, 21, 100, 20);

-- --------------------------------------------------------

--
-- Table structure for table `engineer`
--

CREATE TABLE `engineer` (
  `ID` varchar(9) NOT NULL,
  `type` enum('machines','softwear','electricity','industry','other') NOT NULL DEFAULT 'other',
  `has_degree` tinyint(1) NOT NULL,
  `double_degree` tinyint(1) NOT NULL
) ENGINE=InnoDB DEFAULT CHARSET=utf8mb4 COLLATE=utf8mb4_general_ci;

--
-- Dumping data for table `engineer`
--

INSERT INTO `engineer` (`ID`, `type`, `has_degree`, `double_degree`) VALUES
('938479239', 'machines', 1, 1),
('480303921', 'softwear', 1, 1),
('394012829', 'electricity', 1, 1),
('092823989', 'industry', 1, 0),
('786433', 'machines', 0, 1),
('789433', 'machines', 0, 1),
('78944543', 'machines', 1, 1),
('996433', 'machines', 1, 0),
('99683', 'machines', 1, 0),
('3456', 'electricity', 0, 0);

-- --------------------------------------------------------

--
-- Stand-in structure for view `EngineerTrainView`
-- (See below for the actual view)
--
CREATE TABLE `EngineerTrainView` (
`train_id` int(8)
,`train_name` varchar(20)
,`engineer_id` varchar(9)
,`engineer_type` enum('machines','softwear','electricity','industry','other')
);

-- --------------------------------------------------------

--
-- Table structure for table `engineer_bruto`
--

CREATE TABLE `engineer_bruto` (
  `ID` int(11) DEFAULT NULL,
  `salary` float DEFAULT NULL
) ENGINE=InnoDB DEFAULT CHARSET=utf8mb4 COLLATE=utf8mb4_general_ci;

--
-- Dumping data for table `engineer_bruto`
--

INSERT INTO `engineer_bruto` (`ID`, `salary`) VALUES
(92823989, 15820),
(394012829, 7146),
(480303921, 34200),
(938479239, 25006.9);

-- --------------------------------------------------------

--
-- Table structure for table `Passenger`
--

CREATE TABLE `Passenger` (
  `passenger_id` int(8) NOT NULL,
  `passenger_name` varchar(8) NOT NULL,
  `email_address` varchar(20) NOT NULL,
  `phone_number` int(8) NOT NULL,
  `billing_address` varchar(20) NOT NULL
) ENGINE=InnoDB DEFAULT CHARSET=utf8 COLLATE=utf8_unicode_ci;

--
-- Dumping data for table `Passenger`
--

INSERT INTO `Passenger` (`passenger_id`, `passenger_name`, `email_address`, `phone_number`, `billing_address`) VALUES
(0, 'Gabriell', 'megan.campbell@examp', 13165550, '654 Elm St, Anywhere'),
(1, 'dani', 'dani@gmai.com', 524, 'dan'),
(2, 'levi', 'levi@gmal.com', 5326, 'machonlev'),
(3, 'Benjamin', 'jacob.hill@example.c', 12155550, '123 Main St, Anytown'),
(4, 'Cameron', 'joseph.parker@exampl', 13115550, '654 Oak St, Somewher'),
(5, 'Sydney', 'john.smith@example.c', 13155550, '789 Maple Rd, Nowher'),
(6, 'Calvin', 'thomas.cox@example.c', 13135550, '321 Pine St, Everywh'),
(7, 'Aubrey', 'adam.parker@example.', 13125550, '123 Main St, Anytown'),
(8, 'Aubrey', 'emily.jones@example.', 14115550, '654 Oak St, Somewher'),
(9, 'Lawrence', 'sara.roberts@example', 13125550, '987 Cedar Ave, Nowhe'),
(10, 'Arthur', 'jeffrey.brooks@examp', 13145550, '654 Elm St, Anywhere'),
(11, 'Mackenzi', 'alexandra.james@exam', 13125550, '321 Pine St, Everywh'),
(12, 'Frank', 'melissa.robinson@exa', 13115550, '789 Maple Rd, Nowher'),
(13, 'Londyn', 'faith.richardson@exa', 13165550, '123 Main St, Anytown'),
(14, 'Gordon', 'gabrielle.evans@exam', 13115550, '456 Oak Ave, Somewhe'),
(15, 'Taylor', 'victor.jackson@examp', 13135550, '654 Oak St, Somewher'),
(16, 'Isabelle', 'anthony.hall@example', 13115550, '456 Oak Ave, Somewhe'),
(17, 'Caroline', 'jacob.hill@example.c', 13125550, '789 Maple Rd, Nowher'),
(18, 'Elise', 'hannah.king@example.', 13135550, '321 Pine St, Everywh'),
(19, 'Maya', 'gabrielle.evans@exam', 14115550, '789 Maple Rd, Nowher'),
(20, 'Sydney', 'taylor.mitchell@exam', 13115550, '456 Oak Ave, Somewhe'),
(21, 'Andrew', 'samantha.brown@examp', 13175550, '789 Maple Rd, Nowher'),
(22, 'Landon', 'robert.lewis@example', 13145550, '654 Oak St, Somewher'),
(23, 'Mark', 'timothy.hall@example', 19145550, '654 Oak St, Somewher'),
(24, 'Jordyn', 'stephanie.clark@exam', 13165550, '789 Maple Rd, Nowher'),
(25, 'Levi', 'john.smith@example.c', 13165550, '987 Cedar Ave, Nowhe'),
(26, 'Alexandr', 'elizabeth.carter@exa', 13145550, '654 Elm St, Anywhere'),
(27, 'Delaney', 'hannah.king@example.', 19145550, '456 Oak Ave, Somewhe'),
(28, 'Norman', 'matthew.thompson@exa', 13155550, '654 Elm St, Anywhere'),
(29, 'Albert', 'sara.roberts@example', 13165550, '654 Elm St, Anywhere'),
(30, 'Peter', 'patrick.adams@exampl', 13165550, '987 Cedar Ave, Nowhe'),
(31, 'Anna', 'robert.lewis@example', 13155550, '321 Pine St, Everywh'),
(32, 'Brianna', 'brian.walker@example', 13135550, '654 Elm St, Anywhere'),
(33, 'Walter', 'benjamin.edwards@exa', 13115550, '654 Elm St, Anywhere'),
(34, 'Arthur', 'charles.reed@example', 13155550, '654 Oak St, Somewher'),
(35, 'Jacob', 'emily.jones@example.', 13165550, '321 Pine St, Everywh'),
(36, 'Julia', 'adam.parker@example.', 13115550, '654 Elm St, Anywhere'),
(37, 'Lester', 'julia.howard@example', 18175550, '321 Pine St, Everywh'),
(38, 'Ronald', 'julia.howard@example', 13145550, '654 Elm St, Anywhere'),
(39, 'Miles', 'amelia.watson@exampl', 13165550, '654 Oak St, Somewher'),
(40, 'Kenneth', 'melissa.robinson@exa', 13155550, '456 Oak Ave, Somewhe'),
(41, 'George', 'brian.walker@example', 13125550, '987 Cedar Ave, Nowhe'),
(42, 'Miles', 'julia.howard@example', 13165550, '654 Elm St, Anywhere'),
(43, 'Daniel', 'edward.rivera@exampl', 13115550, '654 Elm St, Anywhere'),
(44, 'Adalyn', 'lily.jones@example.c', 13165550, '789 Maple Rd, Nowher'),
(45, 'Faith', 'nicole.garcia@exampl', 13165550, '987 Cedar Ave, Nowhe'),
(46, 'Paige', 'nicole.garcia@exampl', 13135550, '321 Pine St, Everywh'),
(47, 'Emma', 'mark.taylor@example.', 13135550, '321 Pine St, Everywh'),
(48, 'Jennifer', 'philip.morris@exampl', 18155550, '654 Oak St, Somewher'),
(49, 'Nathan', 'tyler.rivera@example', 13135550, '456 Oak Ave, Somewhe'),
(50, 'Gabriell', 'andrew.thomas@exampl', 12155550, '654 Elm St, Anywhere'),
(51, 'Morgan', 'natalie.cooper@examp', 13115550, '654 Elm St, Anywhere'),
(52, 'Leah', 'ryan.perez@example.c', 13155550, '123 Main St, Anytown'),
(53, 'Tyler', 'natalie.cooper@examp', 13115550, '654 Elm St, Anywhere'),
(54, 'Daniel', 'kayla.price@example.', 13145550, '321 Pine St, Everywh'),
(55, 'Francis', 'victor.jackson@examp', 13125550, '654 Elm St, Anywhere'),
(56, 'Richard', 'olivia.cook@example.', 13165550, '123 Main St, Anytown'),
(57, 'Samuel', 'lauren.martin@exampl', 18145550, '123 Main St, Anytown'),
(58, 'Isabel', 'martin.martinez@exam', 13135550, '654 Oak St, Somewher'),
(59, 'Jacob', 'lauren.martin@exampl', 13115550, '654 Oak St, Somewher'),
(60, 'John', 'joseph.parker@exampl', 13165550, '123 Main St, Anytown'),
(61, 'Walter', 'sara.roberts@example', 13165550, '987 Cedar Ave, Nowhe'),
(62, 'Joel', 'charles.reed@example', 13145550, '789 Maple Rd, Nowher'),
(63, 'Gregory', 'richard.ramirez@exam', 13155550, '123 Main St, Anytown'),
(64, 'David', 'timothy.hall@example', 13165550, '321 Pine St, Everywh'),
(65, 'Donald', 'jacob.hill@example.c', 13155550, '123 Main St, Anytown'),
(66, 'Patrick', 'brian.walker@example', 19145550, '654 Elm St, Anywhere'),
(67, 'Mckenzie', 'matthew.thompson@exa', 13125550, '654 Elm St, Anywhere'),
(68, 'Sarah', 'joshua.sanchez@examp', 13135550, '123 Main St, Anytown'),
(69, 'Cameron', 'megan.campbell@examp', 13145550, '789 Maple Rd, Nowher'),
(70, 'Jordyn', 'john.smith@example.c', 13145550, '987 Cedar Ave, Nowhe'),
(71, 'Oscar', 'ashley.green@example', 13115550, '321 Pine St, Everywh'),
(72, 'Jessica', 'isabella.lewis@examp', 13155550, '654 Elm St, Anywhere'),
(73, 'Patrick', 'andrew.thomas@exampl', 13145550, '987 Cedar Ave, Nowhe'),
(74, 'Layla', 'jonathan.baker@examp', 18165550, '321 Pine St, Everywh'),
(75, 'Layla', 'donald.collins@examp', 13115550, '123 Main St, Anytown'),
(76, 'Rylee', 'nicole.garcia@exampl', 13155550, '654 Elm St, Anywhere'),
(77, 'Roy', 'amanda.perez@example', 14115550, '321 Pine St, Everywh'),
(78, 'Sydney', 'thomas.cox@example.c', 13145550, '789 Maple Rd, Nowher'),
(79, 'Audrey', 'brian.walker@example', 13155550, '654 Oak St, Somewher'),
(80, 'Adriana', 'gabrielle.evans@exam', 13165550, '321 Pine St, Everywh'),
(81, 'Frederic', 'thomas.cox@example.c', 13165550, '789 Maple Rd, Nowher'),
(82, 'Carl', 'samantha.brown@examp', 13165550, '456 Oak Ave, Somewhe'),
(83, 'Keith', 'richard.ramirez@exam', 13145550, '123 Main St, Anytown'),
(84, 'Nora', 'katherine.jackson@ex', 13125550, '654 Elm St, Anywhere'),
(85, 'Frederic', 'michael.anderson@exa', 13175550, '456 Oak Ave, Somewhe'),
(86, 'Delaney', 'william.hernandez@ex', 19145550, '654 Oak St, Somewher'),
(87, 'Eugene', 'lauren.martin@exampl', 13155550, '654 Elm St, Anywhere'),
(88, 'Chloe', 'mackenzie.bailey@exa', 13115550, '654 Oak St, Somewher'),
(89, 'Joseph', 'matthew.thompson@exa', 13155550, '654 Elm St, Anywhere'),
(90, 'Brandon', 'katherine.jackson@ex', 13135550, '123 Main St, Anytown'),
(91, 'Olivia', 'sydney.williams@exam', 13155550, '321 Pine St, Everywh'),
(92, 'Ryan', 'sarah.brown@example.', 13125550, '789 Maple Rd, Nowher'),
(93, 'Nathan', 'louis.anderson@examp', 12175550, '987 Cedar Ave, Nowhe'),
(94, 'Ralph', 'john.smith@example.c', 13155550, '123 Main St, Anytown'),
(95, 'Audrey', 'samantha.brown@examp', 13155550, '321 Pine St, Everywh'),
(96, 'Levi', 'john.smith@example.c', 13125550, '654 Oak St, Somewher'),
(97, 'Louis', 'jeffrey.brooks@examp', 14165550, '654 Elm St, Anywhere'),
(98, 'Roland', 'megan.campbell@examp', 13165550, '456 Oak Ave, Somewhe'),
(99, 'Gabriell', 'benjamin.edwards@exa', 13155550, '654 Oak St, Somewher'),
(100, 'orunov', 'yona@gmai.com', 999, 'yona'),
(101, 'Jennifer', 'victor.jackson@examp', 18125550, '789 Maple Rd, Nowher'),
(102, 'Melissa', 'rachel.moore@example', 13125550, '123 Main St, Anytown'),
(103, 'Thomas', 'jeffrey.brooks@examp', 13135550, '654 Oak St, Somewher'),
(104, 'Gabriell', 'brian.walker@example', 18155550, '123 Main St, Anytown'),
(105, 'Skylar', 'amanda.perez@example', 13115550, '321 Pine St, Everywh'),
(106, 'Brandon', 'paige.harris@example', 18175550, '654 Elm St, Anywhere'),
(107, 'Louis', 'patrick.adams@exampl', 13155550, '123 Main St, Anytown'),
(108, 'Lily', 'olivia.cook@example.', 13135550, '654 Oak St, Somewher'),
(109, 'Piper', 'chloe.richardson@exa', 14115550, '654 Elm St, Anywhere'),
(110, 'Alexandr', 'philip.morris@exampl', 13135550, '321 Pine St, Everywh'),
(111, 'Roland', 'chloe.richardson@exa', 19145550, '321 Pine St, Everywh'),
(112, 'Lily', 'melissa.robinson@exa', 13165550, '789 Maple Rd, Nowher'),
(113, 'Avery', 'philip.morris@exampl', 13135550, '654 Elm St, Anywhere'),
(114, 'Frank', 'michael.anderson@exa', 13125550, '321 Pine St, Everywh'),
(115, 'John', 'lily.jones@example.c', 13135550, '987 Cedar Ave, Nowhe'),
(116, 'Terry', 'amelia.watson@exampl', 13155550, '123 Main St, Anytown'),
(117, 'Kevin', 'lauren.martin@exampl', 13165550, '456 Oak Ave, Somewhe'),
(118, 'Riley', 'eric.nelson@example.', 13165550, '321 Pine St, Everywh'),
(119, 'Angelina', 'victoria.turner@exam', 13125550, '456 Oak Ave, Somewhe'),
(120, 'Delaney', 'nicholas.wright@exam', 13115550, '987 Cedar Ave, Nowhe'),
(121, 'Evelyn', 'sara.roberts@example', 13165550, '456 Oak Ave, Somewhe'),
(122, 'Peter', 'samantha.brown@examp', 13145550, '789 Maple Rd, Nowher'),
(123, 'yosi', 'yosi.com', 1432, 'hii'),
(124, 'Bella', 'andrew.thomas@exampl', 19145550, '987 Cedar Ave, Nowhe'),
(125, 'Makayla', 'grace.mitchell@examp', 13125550, '789 Maple Rd, Nowher'),
(126, 'Hailey', 'evelyn.phillips@exam', 13145550, '654 Oak St, Somewher'),
(127, 'Isaiah', 'danielle.murphy@exam', 13125550, '654 Oak St, Somewher'),
(128, 'Mackenzi', 'louis.anderson@examp', 12155550, '654 Oak St, Somewher'),
(129, 'Scott', 'hannah.king@example.', 13155550, '321 Pine St, Everywh'),
(130, 'Madeline', 'louis.anderson@examp', 13125550, '321 Pine St, Everywh'),
(131, 'Jessica', 'danielle.murphy@exam', 13155550, '123 Main St, Anytown'),
(132, 'Adriana', 'nicole.garcia@exampl', 12135550, '789 Maple Rd, Nowher'),
(133, 'Stephani', 'robert.lewis@example', 13125550, '654 Elm St, Anywhere'),
(134, 'William', 'emily.jones@example.', 13145550, '987 Cedar Ave, Nowhe'),
(135, 'Patrick', 'brandon.collins@exam', 13115550, '987 Cedar Ave, Nowhe'),
(136, 'Maya', 'peter.hall@example.c', 13115550, '321 Pine St, Everywh'),
(137, 'Morgan', 'francis.cruz@example', 13135550, '456 Oak Ave, Somewhe'),
(138, 'Lauren', 'charles.reed@example', 13135550, '123 Main St, Anytown'),
(139, 'Mia', 'avery.gonzalez@examp', 13135550, '456 Oak Ave, Somewhe'),
(140, 'Aria', 'nicholas.wright@exam', 13135550, '654 Elm St, Anywhere'),
(141, 'Victoria', 'nicholas.wright@exam', 18145550, '654 Oak St, Somewher'),
(142, 'Nora', 'tyler.rivera@example', 13125550, '321 Pine St, Everywh'),
(143, 'Martin', 'ryan.perez@example.c', 13165550, '654 Oak St, Somewher'),
(144, 'Henry', 'olivia.cook@example.', 13155550, '789 Maple Rd, Nowher'),
(145, 'Eric', 'olivia.cook@example.', 19145550, '789 Maple Rd, Nowher'),
(146, 'Elizabet', 'michael.anderson@exa', 13135550, '789 Maple Rd, Nowher'),
(147, 'Eugene', 'nicholas.wright@exam', 13155550, '654 Elm St, Anywhere'),
(148, 'Nora', 'julia.howard@example', 18165550, '321 Pine St, Everywh'),
(149, 'Kevin', 'mackenzie.bailey@exa', 12135550, '654 Elm St, Anywhere'),
(150, 'Violet', 'melissa.robinson@exa', 13165550, '789 Maple Rd, Nowher'),
(151, 'Timothy', 'richard.ramirez@exam', 13115550, '321 Pine St, Everywh'),
(152, 'Adalyn', 'derek.wood@example.c', 13165550, '654 Elm St, Anywhere'),
(153, 'Jocelyn', 'olivia.cook@example.', 13125550, '456 Oak Ave, Somewhe'),
(154, 'Julianna', 'eric.nelson@example.', 13115550, '654 Elm St, Anywhere'),
(155, 'Aaliyah', 'megan.campbell@examp', 13165550, '654 Oak St, Somewher'),
(156, 'Delaney', 'megan.campbell@examp', 13155550, '123 Main St, Anytown'),
(157, 'Haley', 'brandon.collins@exam', 19145550, '789 Maple Rd, Nowher'),
(158, 'Miles', 'victor.jackson@examp', 12135550, '456 Oak Ave, Somewhe'),
(159, 'Haley', 'louis.anderson@examp', 13125550, '123 Main St, Anytown'),
(160, 'Avery', 'john.smith@example.c', 13165550, '456 Oak Ave, Somewhe'),
(161, 'Delaney', 'paige.harris@example', 13115550, '321 Pine St, Everywh'),
(162, 'Isabella', 'alexandra.james@exam', 13165550, '987 Cedar Ave, Nowhe'),
(163, 'Victoria', 'evelyn.phillips@exam', 13145550, '987 Cedar Ave, Nowhe'),
(164, 'Gordon', 'brandon.collins@exam', 13165550, '789 Maple Rd, Nowher'),
(165, 'Jessica', 'walter.carter@exampl', 13145550, '654 Elm St, Anywhere'),
(166, 'Levi', 'eric.nelson@example.', 13165550, '456 Oak Ave, Somewhe'),
(167, 'Isabelle', 'samantha.brown@examp', 13135550, '654 Elm St, Anywhere'),
(168, 'Timothy', 'lauren.martin@exampl', 13115550, '654 Oak St, Somewher'),
(169, 'Lauren', 'mark.taylor@example.', 13115550, '654 Oak St, Somewher'),
(170, 'Peyton', 'louis.anderson@examp', 13135550, '654 Elm St, Anywhere'),
(171, 'Audrey', 'caroline.lee@example', 13155550, '789 Maple Rd, Nowher'),
(172, 'Samantha', 'donald.collins@examp', 18155550, '987 Cedar Ave, Nowhe'),
(173, 'Angelina', 'charles.reed@example', 18145550, '321 Pine St, Everywh'),
(174, 'Rylee', 'gabrielle.evans@exam', 13155550, '654 Oak St, Somewher'),
(175, 'Madison', 'ashley.green@example', 19145550, '654 Elm St, Anywhere'),
(176, 'Walter', 'benjamin.edwards@exa', 13165550, '987 Cedar Ave, Nowhe'),
(177, 'Stephani', 'jeffrey.brooks@examp', 18165550, '987 Cedar Ave, Nowhe'),
(178, 'Caroline', 'hannah.king@example.', 19165550, '654 Oak St, Somewher'),
(179, 'Tyler', 'jonathan.baker@examp', 18145550, '456 Oak Ave, Somewhe'),
(180, 'Chloe', 'david.wilson@example', 18165550, '789 Maple Rd, Nowher'),
(181, 'Steven', 'lauren.martin@exampl', 13145550, '456 Oak Ave, Somewhe'),
(182, 'Stephen', 'rachel.moore@example', 13165550, '456 Oak Ave, Somewhe'),
(183, 'Stephen', 'brian.walker@example', 13155550, '321 Pine St, Everywh'),
(184, 'Lawrence', 'jacob.hill@example.c', 13125550, '456 Oak Ave, Somewhe'),
(185, 'Jocelyn', 'amelia.watson@exampl', 13145550, '321 Pine St, Everywh'),
(186, 'Gregory', 'eric.nelson@example.', 13135550, '987 Cedar Ave, Nowhe'),
(187, 'Rachel', 'alexandra.james@exam', 13145550, '654 Oak St, Somewher'),
(188, 'Aubrey', 'jasmine.johnson@exam', 13145550, '123 Main St, Anytown'),
(189, 'Maya', 'taylor.mitchell@exam', 13125550, '654 Oak St, Somewher'),
(190, 'Gabriell', 'richard.ramirez@exam', 13165550, '123 Main St, Anytown'),
(191, 'Richard', 'victor.jackson@examp', 13115550, '123 Main St, Anytown'),
(192, 'Gordon', 'victor.jackson@examp', 13155550, '654 Elm St, Anywhere'),
(193, 'Gordon', 'nicholas.wright@exam', 13145550, '456 Oak Ave, Somewhe'),
(194, 'Jocelyn', 'amelia.watson@exampl', 13145550, '456 Oak Ave, Somewhe'),
(195, 'Terry', 'hannah.king@example.', 13165550, '123 Main St, Anytown'),
(196, 'Adam', 'jessica.white@exampl', 18145550, '321 Pine St, Everywh'),
(197, 'Lauren', 'madison.howard@examp', 13115550, '789 Maple Rd, Nowher'),
(198, 'Jordyn', 'timothy.hall@example', 13165550, '789 Maple Rd, Nowher'),
(199, 'Raymond', 'walter.carter@exampl', 18145550, '321 Pine St, Everywh'),
(200, 'Sydney', 'walter.carter@exampl', 13155550, '654 Oak St, Somewher'),
(201, 'Delaney', 'robert.lewis@example', 14115550, '987 Cedar Ave, Nowhe'),
(202, 'Nicholas', 'martin.martinez@exam', 19145550, '654 Oak St, Somewher'),
(203, 'Alex', 'anthony.hall@example', 13165550, '987 Cedar Ave, Nowhe'),
(204, 'Scott', 'samantha.brown@examp', 13155550, '123 Main St, Anytown'),
(205, 'Kylie', 'julia.howard@example', 13155550, '123 Main St, Anytown'),
(206, 'Elise', 'caroline.lee@example', 13125550, '456 Oak Ave, Somewhe'),
(207, 'Frederic', 'elizabeth.carter@exa', 13165550, '654 Elm St, Anywhere'),
(208, 'William', 'avery.gonzalez@examp', 13145550, '789 Maple Rd, Nowher'),
(209, 'Bradley', 'donald.collins@examp', 13155550, '654 Elm St, Anywhere'),
(210, 'Levi', 'robert.lewis@example', 13175550, '654 Oak St, Somewher'),
(211, 'Nora', 'anthony.hall@example', 13145550, '654 Elm St, Anywhere'),
(212, 'Morgan', 'chloe.richardson@exa', 13165550, '987 Cedar Ave, Nowhe'),
(213, 'Dennis', 'katherine.jackson@ex', 13135550, '456 Oak Ave, Somewhe'),
(214, 'Ashley', 'george.jones@example', 19145550, '987 Cedar Ave, Nowhe'),
(215, 'Steven', 'louis.anderson@examp', 13155550, '654 Elm St, Anywhere'),
(216, 'Kennedy', 'david.wilson@example', 12155550, '456 Oak Ave, Somewhe'),
(217, 'Makenna', 'daniel.kelly@example', 13145550, '789 Maple Rd, Nowher'),
(218, 'Caroline', 'emma.garcia@example.', 13125550, '789 Maple Rd, Nowher'),
(219, 'Thomas', 'francis.cruz@example', 13155550, '456 Oak Ave, Somewhe'),
(220, 'Piper', 'tyler.rivera@example', 13155550, '654 Elm St, Anywhere'),
(221, 'Brandon', 'caroline.lee@example', 13145550, '789 Maple Rd, Nowher'),
(222, 'Sarah', 'christopher.harris@e', 13145550, '456 Oak Ave, Somewhe'),
(223, 'Maya', 'grace.mitchell@examp', 19145550, '321 Pine St, Everywh'),
(224, 'Jordyn', 'lauren.martin@exampl', 13155550, '456 Oak Ave, Somewhe'),
(225, 'Nora', 'ryan.perez@example.c', 13165550, '654 Oak St, Somewher'),
(226, 'Arthur', 'caroline.lee@example', 13145550, '654 Oak St, Somewher'),
(227, 'Aaron', 'mackenzie.bailey@exa', 13145550, '987 Cedar Ave, Nowhe'),
(228, 'Caroline', 'julia.howard@example', 18155550, '789 Maple Rd, Nowher'),
(229, 'Isaac', 'isabella.lewis@examp', 13175550, '456 Oak Ave, Somewhe'),
(230, 'Matthew', 'michael.anderson@exa', 13145550, '789 Maple Rd, Nowher'),
(231, 'Anna', 'jasmine.johnson@exam', 13155550, '789 Maple Rd, Nowher'),
(232, 'Jacob', 'olivia.cook@example.', 13165550, '123 Main St, Anytown'),
(233, 'Paige', 'jennifer.davis@examp', 13125550, '987 Cedar Ave, Nowhe'),
(234, 'Victoria', 'avery.gonzalez@examp', 13165550, '123 Main St, Anytown'),
(235, 'Haley', 'chloe.richardson@exa', 18125550, '789 Maple Rd, Nowher'),
(236, 'Carl', 'nicole.garcia@exampl', 13165550, '123 Main St, Anytown'),
(237, 'Brianna', 'kaitlyn.nelson@examp', 13135550, '654 Elm St, Anywhere'),
(238, 'Madeline', 'george.jones@example', 13155550, '789 Maple Rd, Nowher'),
(239, 'Eddie', 'natalie.cooper@examp', 13125550, '123 Main St, Anytown'),
(240, 'Jasmine', 'ryan.perez@example.c', 18145550, '456 Oak Ave, Somewhe'),
(241, 'Christop', 'joseph.parker@exampl', 13165550, '456 Oak Ave, Somewhe'),
(242, 'Isaac', 'francis.cruz@example', 13145550, '654 Elm St, Anywhere'),
(243, 'Piper', 'mackenzie.bailey@exa', 13165550, '321 Pine St, Everywh'),
(244, 'Alex', 'richard.ramirez@exam', 19145550, '321 Pine St, Everywh'),
(245, 'Donald', 'chloe.richardson@exa', 13165550, '789 Maple Rd, Nowher'),
(246, 'Anna', 'victor.jackson@examp', 13165550, '321 Pine St, Everywh'),
(247, 'Eddie', 'victor.jackson@examp', 18165550, '789 Maple Rd, Nowher'),
(248, 'Richard', 'sarah.brown@example.', 13125550, '456 Oak Ave, Somewhe'),
(249, 'Peyton', 'julia.howard@example', 13165550, '654 Oak St, Somewher'),
(250, 'Calvin', 'nicole.garcia@exampl', 13155550, '123 Main St, Anytown'),
(251, 'Henry', 'andrew.thomas@exampl', 13115550, '123 Main St, Anytown'),
(252, 'Mark', 'chloe.richardson@exa', 13135550, '789 Maple Rd, Nowher'),
(253, 'Tyler', 'jasmine.johnson@exam', 13135550, '654 Oak St, Somewher'),
(254, 'Isaac', 'emma.garcia@example.', 13165550, '789 Maple Rd, Nowher'),
(255, 'Nicole', 'gabrielle.evans@exam', 19165550, '789 Maple Rd, Nowher'),
(256, 'Aaron', 'katherine.jackson@ex', 13115550, '789 Maple Rd, Nowher'),
(257, 'Kenneth', 'samantha.brown@examp', 13125550, '654 Elm St, Anywhere'),
(258, 'Gordon', 'gabrielle.evans@exam', 13155550, '321 Pine St, Everywh'),
(259, 'Madeline', 'alyssa.foster@exampl', 12175550, '456 Oak Ave, Somewhe'),
(260, 'Isabel', 'peter.hall@example.c', 13165550, '654 Elm St, Anywhere'),
(261, 'Brooke', 'emma.garcia@example.', 13165550, '123 Main St, Anytown'),
(262, 'Joshua', 'william.hernandez@ex', 13125550, '321 Pine St, Everywh'),
(263, 'Alex', 'faith.richardson@exa', 13135550, '987 Cedar Ave, Nowhe'),
(264, 'Michael', 'john.smith@example.c', 13145550, '654 Elm St, Anywhere'),
(265, 'Edward', 'faith.richardson@exa', 13165550, '321 Pine St, Everywh'),
(266, 'Isaac', 'donald.collins@examp', 13155550, '123 Main St, Anytown'),
(267, 'Lawrence', 'joseph.parker@exampl', 13125550, '321 Pine St, Everywh'),
(268, 'Lila', 'peter.hall@example.c', 13165550, '123 Main St, Anytown'),
(269, 'Audrey', 'robert.lewis@example', 13145550, '789 Maple Rd, Nowher'),
(270, 'Olivia', 'hannah.king@example.', 13115550, '456 Oak Ave, Somewhe'),
(271, 'Miles', 'tyler.rivera@example', 13155550, '987 Cedar Ave, Nowhe'),
(272, 'Christop', 'nicole.garcia@exampl', 13135550, '654 Oak St, Somewher'),
(273, 'Natalie', 'christopher.harris@e', 13165550, '654 Elm St, Anywhere'),
(274, 'Sara', 'avery.gonzalez@examp', 13155550, '123 Main St, Anytown'),
(275, 'Norman', 'sara.roberts@example', 13125550, '654 Oak St, Somewher'),
(276, 'Nathan', 'martin.martinez@exam', 13125550, '456 Oak Ave, Somewhe'),
(277, 'Delaney', 'edward.rivera@exampl', 13145550, '987 Cedar Ave, Nowhe'),
(278, 'Leah', 'paige.harris@example', 13115550, '123 Main St, Anytown'),
(279, 'Danielle', 'isabella.lewis@examp', 13115550, '654 Oak St, Somewher'),
(280, 'Alexis', 'tyler.rivera@example', 13165550, '456 Oak Ave, Somewhe'),
(281, 'Stephen', 'jasmine.johnson@exam', 18165550, '654 Oak St, Somewher'),
(282, 'Mackenzi', 'hannah.king@example.', 13145550, '987 Cedar Ave, Nowhe'),
(283, 'Ronald', 'chloe.richardson@exa', 13125550, '789 Maple Rd, Nowher'),
(284, 'Julianna', 'francis.cruz@example', 13165550, '654 Oak St, Somewher'),
(285, 'Francis', 'george.jones@example', 13155550, '654 Oak St, Somewher'),
(286, 'Norman', 'scott.gonzalez@examp', 18165550, '321 Pine St, Everywh'),
(287, 'Roland', 'amanda.perez@example', 13135550, '654 Oak St, Somewher'),
(288, 'Matthew', 'julia.howard@example', 13165550, '123 Main St, Anytown'),
(289, 'Gerald', 'francis.cruz@example', 13165550, '123 Main St, Anytown'),
(290, 'Mariah', 'anthony.hall@example', 18165550, '789 Maple Rd, Nowher'),
(291, 'Trevor', 'danielle.murphy@exam', 18155550, '987 Cedar Ave, Nowhe'),
(292, 'Walter', 'ryan.perez@example.c', 13125550, '123 Main St, Anytown'),
(293, 'Lauren', 'julia.howard@example', 13165550, '456 Oak Ave, Somewhe'),
(294, 'Isaiah', 'daniel.kelly@example', 13115550, '654 Elm St, Anywhere'),
(295, 'Julianna', 'andrew.thomas@exampl', 13155550, '654 Oak St, Somewher'),
(296, 'Jocelyn', 'derek.wood@example.c', 15155550, '321 Pine St, Everywh'),
(297, 'Arthur', 'ryan.perez@example.c', 13155550, '321 Pine St, Everywh'),
(298, 'Landon', 'kayla.price@example.', 13125550, '123 Main St, Anytown'),
(299, 'Amanda', 'avery.gonzalez@examp', 13135550, '987 Cedar Ave, Nowhe'),
(300, 'Brianna', 'evelyn.phillips@exam', 13165550, '987 Cedar Ave, Nowhe'),
(301, 'Kevin', 'kayla.price@example.', 13165550, '654 Oak St, Somewher'),
(302, 'Samantha', 'ashley.green@example', 13155550, '654 Oak St, Somewher'),
(303, 'Albert', 'benjamin.edwards@exa', 19145550, '654 Oak St, Somewher'),
(304, 'Raymond', 'andrew.thomas@exampl', 13145550, '123 Main St, Anytown'),
(305, 'Elizabet', 'matthew.thompson@exa', 13155550, '654 Elm St, Anywhere'),
(306, 'Frank', 'rachel.moore@example', 13125550, '654 Oak St, Somewher'),
(307, 'Jessica', 'brandon.collins@exam', 13155550, '123 Main St, Anytown'),
(308, 'Roy', 'brian.walker@example', 13115550, '456 Oak Ave, Somewhe'),
(309, 'Eddie', 'raymond.davis@exampl', 13115550, '123 Main St, Anytown'),
(310, 'Lester', 'david.wilson@example', 13125550, '987 Cedar Ave, Nowhe'),
(311, 'Joseph', 'william.hernandez@ex', 13165550, '654 Oak St, Somewher'),
(312, 'Francis', 'alexandra.james@exam', 13115550, '654 Oak St, Somewher'),
(313, 'Sara', 'arthur.martinez@exam', 13155550, '987 Cedar Ave, Nowhe'),
(314, 'Aaron', 'derek.wood@example.c', 13155550, '789 Maple Rd, Nowher'),
(315, 'Joshua', 'joseph.parker@exampl', 13155550, '123 Main St, Anytown'),
(316, 'Samantha', 'gabrielle.evans@exam', 13135550, '987 Cedar Ave, Nowhe'),
(317, 'Mark', 'sara.roberts@example', 12175550, '456 Oak Ave, Somewhe'),
(318, 'Violet', 'megan.campbell@examp', 13125550, '123 Main St, Anytown'),
(319, 'Stephani', 'brandon.collins@exam', 13165550, '123 Main St, Anytown'),
(320, 'Emma', 'michael.anderson@exa', 18155550, '654 Elm St, Anywhere'),
(321, 'Peter', 'francis.cruz@example', 13165550, '789 Maple Rd, Nowher'),
(322, 'Calvin', 'philip.morris@exampl', 13115550, '789 Maple Rd, Nowher'),
(323, 'Joel', 'chloe.richardson@exa', 13165550, '123 Main St, Anytown'),
(324, 'Terry', 'peter.hall@example.c', 13165550, '654 Elm St, Anywhere'),
(325, 'Alexis', 'kayla.price@example.', 12175550, '654 Elm St, Anywhere'),
(326, 'Sydney', 'julia.howard@example', 13155550, '789 Maple Rd, Nowher'),
(327, 'Matthew', 'joshua.sanchez@examp', 12155550, '987 Cedar Ave, Nowhe'),
(328, 'Nora', 'eric.nelson@example.', 13125550, '654 Elm St, Anywhere'),
(329, 'Mackenzi', 'natalie.cooper@examp', 14155550, '789 Maple Rd, Nowher'),
(330, 'Thomas', 'olivia.cook@example.', 13165550, '456 Oak Ave, Somewhe'),
(331, 'Norman', 'jonathan.baker@examp', 13155550, '321 Pine St, Everywh'),
(332, 'Taylor', 'sarah.brown@example.', 13155550, '123 Main St, Anytown'),
(333, 'Aaron', 'edward.rivera@exampl', 18145550, '456 Oak Ave, Somewhe'),
(334, 'Brianna', 'rachel.moore@example', 13115550, '456 Oak Ave, Somewhe'),
(335, 'Dennis', 'jennifer.davis@examp', 15155550, '321 Pine St, Everywh'),
(336, 'Roger', 'steven.hall@example.', 12135550, '987 Cedar Ave, Nowhe'),
(337, 'John', 'evelyn.phillips@exam', 13145550, '321 Pine St, Everywh'),
(338, 'Lauren', 'sara.roberts@example', 13155550, '321 Pine St, Everywh'),
(339, 'Audrey', 'andrew.thomas@exampl', 18145550, '456 Oak Ave, Somewhe'),
(340, 'Terry', 'anthony.hall@example', 13165550, '654 Elm St, Anywhere'),
(341, 'Ellie', 'avery.gonzalez@examp', 13155550, '987 Cedar Ave, Nowhe'),
(342, 'Hannah', 'paige.harris@example', 18145550, '321 Pine St, Everywh'),
(343, 'Stephani', 'daniel.kelly@example', 13115550, '321 Pine St, Everywh'),
(344, 'Nicole', 'kayla.price@example.', 13155550, '987 Cedar Ave, Nowhe'),
(345, 'Lily', 'george.jones@example', 18165550, '456 Oak Ave, Somewhe'),
(346, 'Albert', 'ashley.green@example', 13115550, '123 Main St, Anytown'),
(347, 'Terry', 'elizabeth.carter@exa', 13155550, '321 Pine St, Everywh'),
(348, 'Danielle', 'victoria.turner@exam', 13165550, '789 Maple Rd, Nowher'),
(349, 'Caroline', 'joshua.sanchez@examp', 15155550, '654 Oak St, Somewher'),
(350, 'Leah', 'joseph.parker@exampl', 13165550, '456 Oak Ave, Somewhe'),
(351, 'Wayne', 'nicole.garcia@exampl', 19165550, '321 Pine St, Everywh'),
(352, 'Amelia', 'anthony.hall@example', 13135550, '456 Oak Ave, Somewhe'),
(353, 'Amelia', 'charles.reed@example', 19165550, '654 Oak St, Somewher'),
(354, 'Lily', 'martin.martinez@exam', 13155550, '654 Elm St, Anywhere'),
(355, 'Miles', 'eric.nelson@example.', 13115550, '987 Cedar Ave, Nowhe'),
(356, 'Keith', 'jasmine.johnson@exam', 19145550, '987 Cedar Ave, Nowhe'),
(357, 'Michael', 'emily.jones@example.', 13155550, '456 Oak Ave, Somewhe'),
(358, 'Carl', 'timothy.hall@example', 13115550, '654 Oak St, Somewher'),
(359, 'Charles', 'elizabeth.carter@exa', 13155550, '123 Main St, Anytown'),
(360, 'Gerald', 'nicholas.wright@exam', 18165550, '987 Cedar Ave, Nowhe'),
(361, 'Morgan', 'arthur.martinez@exam', 13165550, '654 Oak St, Somewher'),
(362, 'Mackenzi', 'gabrielle.evans@exam', 13135550, '987 Cedar Ave, Nowhe'),
(363, 'Caroline', 'william.hernandez@ex', 13165550, '123 Main St, Anytown'),
(364, 'Terry', 'walter.carter@exampl', 13145550, '654 Elm St, Anywhere'),
(365, 'Stephen', 'victor.jackson@examp', 13145550, '789 Maple Rd, Nowher'),
(366, 'Lila', 'alexandra.james@exam', 13165550, '654 Oak St, Somewher'),
(367, 'Peyton', 'edward.rivera@exampl', 13155550, '654 Elm St, Anywhere'),
(368, 'Stephani', 'peter.hall@example.c', 13155550, '987 Cedar Ave, Nowhe'),
(369, 'Alexis', 'benjamin.edwards@exa', 13155550, '987 Cedar Ave, Nowhe'),
(370, 'Mckenzie', 'robert.lewis@example', 13155550, '321 Pine St, Everywh'),
(371, 'Max', 'george.jones@example', 13155550, '654 Elm St, Anywhere'),
(372, 'Nicholas', 'scott.gonzalez@examp', 13125550, '123 Main St, Anytown'),
(373, 'Kaitlyn', 'tyler.rivera@example', 13125550, '789 Maple Rd, Nowher'),
(374, 'Taylor', 'morgan.kelly@example', 13165550, '789 Maple Rd, Nowher'),
(375, 'Lily', 'kayla.price@example.', 13165550, '321 Pine St, Everywh'),
(376, 'Evelyn', 'peter.hall@example.c', 13135550, '654 Oak St, Somewher'),
(377, 'Mckenzie', 'ashley.green@example', 13145550, '654 Elm St, Anywhere'),
(378, 'Aaliyah', 'lauren.martin@exampl', 13135550, '654 Oak St, Somewher'),
(379, 'Steven', 'jessica.white@exampl', 13125550, '654 Elm St, Anywhere'),
(380, 'Kenneth', 'matthew.thompson@exa', 13165550, '789 Maple Rd, Nowher'),
(381, 'Adriana', 'samantha.brown@examp', 13155550, '789 Maple Rd, Nowher'),
(382, 'Hailey', 'jessica.white@exampl', 18155550, '987 Cedar Ave, Nowhe'),
(383, 'Amelia', 'natalie.cooper@examp', 13165550, '789 Maple Rd, Nowher'),
(384, 'Ronald', 'anthony.hall@example', 13125550, '654 Oak St, Somewher'),
(385, 'Miles', 'arthur.martinez@exam', 13155550, '456 Oak Ave, Somewhe'),
(386, 'Sarah', 'louis.anderson@examp', 13155550, '321 Pine St, Everywh'),
(387, 'Keith', 'jacob.hill@example.c', 13145550, '456 Oak Ave, Somewhe'),
(388, 'Londyn', 'andrew.thomas@exampl', 12175550, '654 Oak St, Somewher'),
(389, 'Terry', 'joseph.parker@exampl', 13135550, '987 Cedar Ave, Nowhe'),
(390, 'Jacob', 'alyssa.foster@exampl', 13155550, '654 Elm St, Anywhere'),
(391, 'Clarence', 'george.jones@example', 12155550, '123 Main St, Anytown'),
(392, 'Gianna', 'andrew.thomas@exampl', 18145550, '789 Maple Rd, Nowher'),
(393, 'Alexis', 'kevin.edwards@exampl', 13125550, '123 Main St, Anytown'),
(394, 'Benjamin', 'charles.reed@example', 13115550, '123 Main St, Anytown'),
(395, 'Sara', 'louis.anderson@examp', 13155550, '654 Oak St, Somewher'),
(396, 'Joel', 'timothy.hall@example', 13155550, '654 Elm St, Anywhere'),
(397, 'Avery', 'caroline.lee@example', 13165550, '321 Pine St, Everywh'),
(398, 'Jasmine', 'rachel.moore@example', 13115550, '789 Maple Rd, Nowher'),
(399, 'Donald', 'david.wilson@example', 13165550, '987 Cedar Ave, Nowhe'),
(400, 'Rylee', 'alexandra.james@exam', 13165550, '456 Oak Ave, Somewhe'),
(401, 'Sadie', 'brian.walker@example', 13165550, '321 Pine St, Everywh'),
(402, 'Isabelle', 'grace.mitchell@examp', 13135550, '654 Elm St, Anywhere'),
(403, 'Brianna', 'daniel.kelly@example', 13155550, '654 Elm St, Anywhere'),
(404, 'Audrey', 'george.jones@example', 13145550, '321 Pine St, Everywh'),
(405, 'Carl', 'morgan.kelly@example', 13165550, '987 Cedar Ave, Nowhe'),
(406, 'Timothy', 'elizabeth.carter@exa', 13165550, '321 Pine St, Everywh'),
(407, 'Jocelyn', 'donald.collins@examp', 13155550, '123 Main St, Anytown'),
(408, 'Amanda', 'louis.anderson@examp', 13125550, '987 Cedar Ave, Nowhe'),
(409, 'Rachel', 'jeffrey.brooks@examp', 13165550, '456 Oak Ave, Somewhe'),
(410, 'Makenna', 'olivia.cook@example.', 18145550, '654 Oak St, Somewher'),
(411, 'Kaitlyn', 'louis.anderson@examp', 13145550, '456 Oak Ave, Somewhe'),
(412, 'Matthew', 'ryan.perez@example.c', 13125550, '321 Pine St, Everywh'),
(413, 'Clarence', 'edward.rivera@exampl', 13135550, '789 Maple Rd, Nowher'),
(414, 'Nicholas', 'morgan.kelly@example', 13115550, '456 Oak Ave, Somewhe'),
(415, 'Terry', 'thomas.cox@example.c', 13155550, '789 Maple Rd, Nowher'),
(416, 'Norman', 'sarah.brown@example.', 13175550, '789 Maple Rd, Nowher'),
(417, 'Peyton', 'victor.jackson@examp', 13155550, '456 Oak Ave, Somewhe'),
(418, 'Lily', 'tyler.rivera@example', 13145550, '456 Oak Ave, Somewhe'),
(419, 'David', 'david.wilson@example', 13115550, '654 Elm St, Anywhere'),
(420, 'Ronald', 'kayla.price@example.', 14155550, '321 Pine St, Everywh'),
(421, 'Anthony', 'david.wilson@example', 13155550, '654 Oak St, Somewher'),
(422, 'Carl', 'paige.harris@example', 13135550, '654 Oak St, Somewher'),
(423, 'Landon', 'nicholas.wright@exam', 18165550, '654 Oak St, Somewher'),
(424, 'Peter', 'stephanie.clark@exam', 18155550, '123 Main St, Anytown'),
(425, 'Edward', 'brianna.brown@exampl', 14155550, '654 Oak St, Somewher'),
(426, 'Glenn', 'michael.anderson@exa', 13155550, '321 Pine St, Everywh'),
(427, 'Frederic', 'tyler.rivera@example', 13155550, '654 Oak St, Somewher'),
(428, 'Terry', 'morgan.kelly@example', 13165550, '789 Maple Rd, Nowher'),
(429, 'Amelia', 'morgan.kelly@example', 13125550, '654 Oak St, Somewher'),
(430, 'Hailey', 'david.wilson@example', 13155550, '654 Oak St, Somewher'),
(431, 'Taylor', 'lauren.martin@exampl', 13155550, '987 Cedar Ave, Nowhe'),
(432, 'Kenneth', 'mackenzie.bailey@exa', 13125550, '987 Cedar Ave, Nowhe'),
(433, 'Jerome', 'adam.parker@example.', 13145550, '654 Oak St, Somewher'),
(434, 'Alexandr', 'alyssa.foster@exampl', 13155550, '654 Oak St, Somewher'),
(435, 'Arthur', 'jonathan.baker@examp', 12135550, '654 Oak St, Somewher'),
(436, 'Angelina', 'william.hernandez@ex', 13145550, '654 Elm St, Anywhere'),
(437, 'Martin', 'michael.anderson@exa', 13115550, '123 Main St, Anytown'),
(438, 'Harry', 'scott.gonzalez@examp', 13165550, '987 Cedar Ave, Nowhe'),
(439, 'Rachel', 'john.smith@example.c', 13165550, '654 Oak St, Somewher'),
(440, 'Delaney', 'ryan.perez@example.c', 13115550, '789 Maple Rd, Nowher'),
(441, 'Keith', 'daniel.kelly@example', 15155550, '654 Oak St, Somewher'),
(442, 'Raymond', 'katherine.jackson@ex', 14115550, '987 Cedar Ave, Nowhe'),
(443, 'Roland', 'megan.campbell@examp', 12175550, '123 Main St, Anytown'),
(444, 'George', 'joseph.parker@exampl', 13125550, '789 Maple Rd, Nowher'),
(445, 'Riley', 'chloe.richardson@exa', 13115550, '987 Cedar Ave, Nowhe'),
(446, 'Ronald', 'isabella.lewis@examp', 13125550, '321 Pine St, Everywh'),
(447, 'Isabella', 'brandon.collins@exam', 13145550, '321 Pine St, Everywh'),
(448, 'David', 'nicholas.wright@exam', 13135550, '987 Cedar Ave, Nowhe'),
(449, 'Anna', 'brianna.brown@exampl', 13145550, '654 Oak St, Somewher'),
(450, 'Sydney', 'avery.gonzalez@examp', 13155550, '987 Cedar Ave, Nowhe'),
(451, 'Ryan', 'philip.morris@exampl', 13145550, '123 Main St, Anytown'),
(452, 'Madeline', 'steven.hall@example.', 18125550, '789 Maple Rd, Nowher'),
(453, 'Lauren', 'gabrielle.evans@exam', 13155550, '987 Cedar Ave, Nowhe'),
(454, 'Calvin', 'kaitlyn.nelson@examp', 13125550, '987 Cedar Ave, Nowhe'),
(455, 'Kaitlyn', 'elizabeth.carter@exa', 13145550, '321 Pine St, Everywh'),
(456, 'Peyton', 'stephanie.clark@exam', 13155550, '654 Oak St, Somewher'),
(457, 'Ashley', 'brandon.collins@exam', 13155550, '987 Cedar Ave, Nowhe'),
(458, 'Nathan', 'scott.gonzalez@examp', 13115550, '654 Elm St, Anywhere'),
(459, 'Hannah', 'isabella.lewis@examp', 13165550, '654 Oak St, Somewher'),
(460, 'Adriana', 'katherine.jackson@ex', 13125550, '321 Pine St, Everywh'),
(461, 'Elizabet', 'richard.ramirez@exam', 13155550, '321 Pine St, Everywh'),
(462, 'Nathan', 'emma.garcia@example.', 13155550, '654 Elm St, Anywhere'),
(463, 'Hailey', 'john.smith@example.c', 13145550, '321 Pine St, Everywh'),
(464, 'Peyton', 'joshua.sanchez@examp', 13115550, '456 Oak Ave, Somewhe'),
(465, 'Piper', 'adam.parker@example.', 13145550, '654 Elm St, Anywhere'),
(466, 'Nicholas', 'sarah.brown@example.', 13165550, '654 Oak St, Somewher'),
(467, 'Roger', 'andrew.thomas@exampl', 13135550, '987 Cedar Ave, Nowhe'),
(468, 'Grace', 'jonathan.baker@examp', 13135550, '987 Cedar Ave, Nowhe'),
(469, 'Harry', 'joseph.parker@exampl', 13125550, '456 Oak Ave, Somewhe'),
(470, 'Mark', 'natalie.cooper@examp', 13145550, '987 Cedar Ave, Nowhe'),
(471, 'Taylor', 'brianna.brown@exampl', 13125550, '654 Oak St, Somewher'),
(472, 'Elise', 'kevin.edwards@exampl', 13125550, '321 Pine St, Everywh'),
(473, 'Victor', 'robert.lewis@example', 13155550, '654 Oak St, Somewher'),
(474, 'Keith', 'madison.howard@examp', 13165550, '123 Main St, Anytown'),
(475, 'Calvin', 'joshua.sanchez@examp', 13125550, '321 Pine St, Everywh'),
(476, 'Brian', 'tyler.rivera@example', 13145550, '789 Maple Rd, Nowher'),
(477, 'Leonard', 'mackenzie.bailey@exa', 13155550, '654 Oak St, Somewher'),
(478, 'Chloe', 'evelyn.phillips@exam', 13155550, '987 Cedar Ave, Nowhe'),
(479, 'Jocelyn', 'john.smith@example.c', 13165550, '789 Maple Rd, Nowher'),
(480, 'Natalie', 'paige.harris@example', 13135550, '123 Main St, Anytown'),
(481, 'Makenna', 'lauren.martin@exampl', 13165550, '456 Oak Ave, Somewhe'),
(482, 'Kaitlyn', 'derek.wood@example.c', 18145550, '123 Main St, Anytown'),
(483, 'David', 'samantha.brown@examp', 13135550, '789 Maple Rd, Nowher'),
(484, 'Wayne', 'madison.howard@examp', 13135550, '789 Maple Rd, Nowher'),
(485, 'Nicole', 'robert.lewis@example', 14115550, '789 Maple Rd, Nowher'),
(486, 'Ryan', 'martin.martinez@exam', 13165550, '987 Cedar Ave, Nowhe'),
(487, 'Martin', 'katherine.jackson@ex', 13155550, '987 Cedar Ave, Nowhe'),
(488, 'Mackenzi', 'jasmine.johnson@exam', 13165550, '987 Cedar Ave, Nowhe'),
(489, 'Donald', 'jennifer.davis@examp', 13115550, '654 Oak St, Somewher'),
(490, 'Makenna', 'olivia.cook@example.', 13155550, '987 Cedar Ave, Nowhe'),
(491, 'Kylie', 'avery.gonzalez@examp', 13165550, '789 Maple Rd, Nowher'),
(492, 'Edward', 'natalie.cooper@examp', 13165550, '789 Maple Rd, Nowher'),
(493, 'Elizabet', 'katherine.jackson@ex', 14115550, '456 Oak Ave, Somewhe'),
(494, 'Mckenzie', 'taylor.mitchell@exam', 13155550, '456 Oak Ave, Somewhe'),
(495, 'Dennis', 'michael.anderson@exa', 13165550, '456 Oak Ave, Somewhe'),
(496, 'Londyn', 'alyssa.foster@exampl', 13145550, '654 Elm St, Anywhere'),
(497, 'Richard', 'patrick.adams@exampl', 18175550, '654 Oak St, Somewher'),
(498, 'Joel', 'ashley.green@example', 19145550, '654 Oak St, Somewher'),
(499, 'Isabelle', 'ashley.green@example', 13155550, '456 Oak Ave, Somewhe'),
(500, 'Mariah', 'jessica.white@exampl', 19145550, '789 Maple Rd, Nowher'),
(501, 'Madison', 'hannah.king@example.', 13125550, '321 Pine St, Everywh'),
(502, 'Nicole', 'jeffrey.brooks@examp', 13115550, '123 Main St, Anytown'),
(503, 'Roger', 'brandon.collins@exam', 13125550, '789 Maple Rd, Nowher'),
(504, 'Joel', 'katherine.jackson@ex', 18145550, '789 Maple Rd, Nowher'),
(505, 'Sydney', 'patrick.adams@exampl', 18145550, '654 Elm St, Anywhere'),
(506, 'Rylee', 'derek.wood@example.c', 18145550, '654 Oak St, Somewher'),
(507, 'Isabelle', 'joshua.sanchez@examp', 19145550, '654 Oak St, Somewher'),
(508, 'Isabel', 'madison.howard@examp', 13165550, '321 Pine St, Everywh'),
(509, 'Avery', 'morgan.kelly@example', 13115550, '987 Cedar Ave, Nowhe'),
(510, 'Martin', 'victoria.turner@exam', 13175550, '987 Cedar Ave, Nowhe'),
(511, 'Nicole', 'william.hernandez@ex', 13115550, '321 Pine St, Everywh'),
(512, 'William', 'paige.harris@example', 13115550, '654 Elm St, Anywhere'),
(513, 'Kayla', 'avery.gonzalez@examp', 18155550, '654 Oak St, Somewher'),
(514, 'Gabriell', 'edward.rivera@exampl', 13135550, '789 Maple Rd, Nowher'),
(515, 'Ralph', 'jessica.white@exampl', 13125550, '321 Pine St, Everywh'),
(516, 'Jerome', 'jennifer.davis@examp', 13125550, '654 Oak St, Somewher'),
(517, 'Jeffrey', 'kaitlyn.nelson@examp', 15155550, '654 Oak St, Somewher'),
(518, 'Lila', 'amelia.watson@exampl', 13145550, '456 Oak Ave, Somewhe'),
(519, 'Albert', 'grace.mitchell@examp', 13155550, '321 Pine St, Everywh'),
(520, 'Lauren', 'taylor.mitchell@exam', 13125550, '789 Maple Rd, Nowher'),
(521, 'Nicholas', 'andrew.thomas@exampl', 13165550, '456 Oak Ave, Somewhe'),
(522, 'Alexandr', 'morgan.kelly@example', 13155550, '456 Oak Ave, Somewhe'),
(523, 'Angelina', 'emma.garcia@example.', 13155550, '456 Oak Ave, Somewhe'),
(524, 'Clarence', 'patrick.adams@exampl', 13125550, '987 Cedar Ave, Nowhe'),
(525, 'Kenneth', 'louis.anderson@examp', 13125550, '123 Main St, Anytown'),
(526, 'Kennedy', 'jasmine.johnson@exam', 13115550, '987 Cedar Ave, Nowhe'),
(527, 'Brooke', 'mackenzie.bailey@exa', 13155550, '456 Oak Ave, Somewhe'),
(528, 'Kevin', 'david.wilson@example', 14115550, '654 Oak St, Somewher'),
(529, 'Kenneth', 'benjamin.edwards@exa', 13155550, '321 Pine St, Everywh'),
(530, 'Gianna', 'katherine.jackson@ex', 13145550, '654 Elm St, Anywhere'),
(531, 'Carl', 'morgan.kelly@example', 13165550, '456 Oak Ave, Somewhe'),
(532, 'Kenneth', 'patrick.adams@exampl', 14115550, '123 Main St, Anytown'),
(533, 'Kaitlyn', 'charles.reed@example', 13155550, '123 Main St, Anytown'),
(534, 'Adam', 'madison.howard@examp', 13145550, '456 Oak Ave, Somewhe'),
(535, 'Aaron', 'jasmine.johnson@exam', 18145550, '123 Main St, Anytown'),
(536, 'Keith', 'caroline.lee@example', 13165550, '321 Pine St, Everywh'),
(537, 'Roland', 'william.hernandez@ex', 13145550, '654 Oak St, Somewher'),
(538, 'Paige', 'emily.jones@example.', 13165550, '654 Oak St, Somewher'),
(539, 'Raymond', 'charles.reed@example', 13155550, '987 Cedar Ave, Nowhe'),
(540, 'Stephani', 'emily.jones@example.', 13155550, '654 Elm St, Anywhere'),
(541, 'George', 'nicole.garcia@exampl', 13115550, '654 Oak St, Somewher'),
(542, 'Jared', 'jeffrey.brooks@examp', 13145550, '321 Pine St, Everywh'),
(543, 'Olivia', 'amanda.perez@example', 13165550, '456 Oak Ave, Somewhe'),
(544, 'Lila', 'matthew.thompson@exa', 19145550, '654 Oak St, Somewher'),
(545, 'Kennedy', 'richard.ramirez@exam', 15155550, '987 Cedar Ave, Nowhe'),
(546, 'Gabriell', 'elizabeth.carter@exa', 13155550, '123 Main St, Anytown'),
(547, 'Adriana', 'adam.parker@example.', 13135550, '654 Oak St, Somewher'),
(548, 'Eugene', 'melissa.robinson@exa', 13165550, '456 Oak Ave, Somewhe'),
(549, 'Gabriell', 'katherine.jackson@ex', 13145550, '123 Main St, Anytown'),
(550, 'Levi', 'samantha.brown@examp', 13145550, '654 Elm St, Anywhere'),
(551, 'Mia', 'melissa.robinson@exa', 13115550, '321 Pine St, Everywh'),
(552, 'Faith', 'gabrielle.evans@exam', 13175550, '123 Main St, Anytown'),
(553, 'Peyton', 'madison.howard@examp', 13115550, '654 Oak St, Somewher'),
(554, 'Victoria', 'andrew.thomas@exampl', 13155550, '789 Maple Rd, Nowher'),
(555, 'Gabriell', 'sara.roberts@example', 13115550, '789 Maple Rd, Nowher'),
(556, 'David', 'megan.campbell@examp', 13155550, '987 Cedar Ave, Nowhe'),
(557, 'Nora', 'daniel.kelly@example', 13115550, '654 Oak St, Somewher'),
(558, 'Roland', 'edward.rivera@exampl', 13165550, '321 Pine St, Everywh'),
(559, 'Isabel', 'victoria.turner@exam', 13155550, '654 Oak St, Somewher'),
(560, 'George', 'adam.parker@example.', 13155550, '654 Elm St, Anywhere'),
(561, 'David', 'natalie.cooper@examp', 13165550, '123 Main St, Anytown'),
(562, 'Stephani', 'madison.howard@examp', 13165550, '987 Cedar Ave, Nowhe'),
(563, 'Jerome', 'raymond.davis@exampl', 13155550, '654 Elm St, Anywhere'),
(564, 'Samantha', 'ashley.green@example', 13165550, '456 Oak Ave, Somewhe'),
(565, 'Stephen', 'jacob.hill@example.c', 13135550, '123 Main St, Anytown'),
(566, 'Isaiah', 'madison.howard@examp', 13165550, '789 Maple Rd, Nowher'),
(567, 'Bradley', 'andrew.thomas@exampl', 13125550, '456 Oak Ave, Somewhe'),
(568, 'Norman', 'amelia.watson@exampl', 13115550, '321 Pine St, Everywh'),
(569, 'Piper', 'steven.hall@example.', 13155550, '654 Oak St, Somewher'),
(570, 'Patrick', 'peter.hall@example.c', 13145550, '789 Maple Rd, Nowher'),
(571, 'Calvin', 'louis.anderson@examp', 13165550, '321 Pine St, Everywh'),
(572, 'Francis', 'jeffrey.brooks@examp', 13155550, '654 Elm St, Anywhere'),
(573, 'Sadie', 'charles.reed@example', 13115550, '987 Cedar Ave, Nowhe'),
(574, 'Natalie', 'katherine.jackson@ex', 13145550, '654 Oak St, Somewher'),
(575, 'Melissa', 'brandon.collins@exam', 19165550, '987 Cedar Ave, Nowhe'),
(576, 'Alex', 'gabrielle.evans@exam', 13155550, '321 Pine St, Everywh'),
(577, 'Patrick', 'patrick.adams@exampl', 13165550, '456 Oak Ave, Somewhe'),
(578, 'Kennedy', 'alexandra.james@exam', 13125550, '987 Cedar Ave, Nowhe'),
(579, 'Lila', 'evelyn.phillips@exam', 13125550, '456 Oak Ave, Somewhe'),
(580, 'Riley', 'sara.roberts@example', 15155550, '654 Elm St, Anywhere'),
(581, 'Jared', 'peter.hall@example.c', 13135550, '987 Cedar Ave, Nowhe'),
(582, 'Isaac', 'andrew.thomas@exampl', 12155550, '654 Elm St, Anywhere'),
(583, 'Joseph', 'danielle.murphy@exam', 13115550, '789 Maple Rd, Nowher'),
(584, 'Andrew', 'brandon.collins@exam', 13125550, '321 Pine St, Everywh'),
(585, 'Paige', 'gabrielle.evans@exam', 13115550, '321 Pine St, Everywh'),
(586, 'Gabriell', 'caroline.lee@example', 13115550, '456 Oak Ave, Somewhe'),
(587, 'Julianna', 'jennifer.davis@examp', 13145550, '123 Main St, Anytown'),
(588, 'Jordyn', 'anthony.hall@example', 13165550, '654 Oak St, Somewher'),
(589, 'Arthur', 'matthew.thompson@exa', 13155550, '456 Oak Ave, Somewhe'),
(590, 'Gabriell', 'alexandra.james@exam', 13165550, '321 Pine St, Everywh'),
(591, 'Jocelyn', 'lauren.martin@exampl', 13115550, '789 Maple Rd, Nowher'),
(592, 'Nicholas', 'alyssa.foster@exampl', 13155550, '123 Main St, Anytown'),
(593, 'Gabriell', 'george.jones@example', 13145550, '987 Cedar Ave, Nowhe'),
(594, 'Brian', 'jeffrey.brooks@examp', 13165550, '654 Elm St, Anywhere'),
(595, 'Brooke', 'joseph.parker@exampl', 13125550, '456 Oak Ave, Somewhe'),
(596, 'Scott', 'sara.roberts@example', 13155550, '987 Cedar Ave, Nowhe'),
(597, 'Joel', 'natalie.cooper@examp', 13125550, '123 Main St, Anytown'),
(598, 'Terry', 'steven.hall@example.', 12175550, '654 Elm St, Anywhere'),
(599, 'Victoria', 'arthur.martinez@exam', 13125550, '456 Oak Ave, Somewhe'),
(600, 'Emma', 'kayla.price@example.', 13155550, '987 Cedar Ave, Nowhe'),
(601, 'Makayla', 'morgan.kelly@example', 13145550, '321 Pine St, Everywh'),
(602, 'Andrew', 'steven.hall@example.', 13115550, '654 Oak St, Somewher'),
(603, 'Samantha', 'evelyn.phillips@exam', 14115550, '987 Cedar Ave, Nowhe'),
(604, 'Alex', 'francis.cruz@example', 13145550, '123 Main St, Anytown'),
(605, 'Gerald', 'stephanie.clark@exam', 13145550, '654 Elm St, Anywhere'),
(606, 'Gianna', 'faith.richardson@exa', 13155550, '321 Pine St, Everywh'),
(607, 'Anthony', 'taylor.mitchell@exam', 13155550, '987 Cedar Ave, Nowhe'),
(608, 'Isaac', 'caroline.lee@example', 13165550, '987 Cedar Ave, Nowhe'),
(609, 'Lila', 'natalie.cooper@examp', 13155550, '987 Cedar Ave, Nowhe'),
(610, 'Morgan', 'daniel.kelly@example', 13155550, '789 Maple Rd, Nowher'),
(611, 'Julia', 'grace.mitchell@examp', 19145550, '654 Elm St, Anywhere'),
(612, 'Carl', 'madison.howard@examp', 13155550, '654 Oak St, Somewher'),
(613, 'Joel', 'avery.gonzalez@examp', 13155550, '321 Pine St, Everywh'),
(614, 'Alexandr', 'kaitlyn.nelson@examp', 18125550, '456 Oak Ave, Somewhe'),
(615, 'Harry', 'timothy.hall@example', 12135550, '321 Pine St, Everywh'),
(616, 'Frank', 'eric.nelson@example.', 13125550, '456 Oak Ave, Somewhe'),
(617, 'Kayla', 'ashley.green@example', 13165550, '123 Main St, Anytown'),
(618, 'Steven', 'lauren.martin@exampl', 13155550, '123 Main St, Anytown'),
(619, 'Danielle', 'lily.jones@example.c', 13155550, '321 Pine St, Everywh'),
(620, 'Megan', 'katherine.jackson@ex', 13115550, '789 Maple Rd, Nowher'),
(621, 'Ariana', 'timothy.hall@example', 15155550, '789 Maple Rd, Nowher'),
(622, 'Donald', 'rachel.moore@example', 18145550, '789 Maple Rd, Nowher'),
(623, 'Landon', 'william.hernandez@ex', 13155550, '654 Oak St, Somewher'),
(624, 'Walter', 'tyler.rivera@example', 13155550, '789 Maple Rd, Nowher'),
(625, 'Terry', 'robert.lewis@example', 13155550, '987 Cedar Ave, Nowhe'),
(626, 'Albert', 'benjamin.edwards@exa', 13145550, '456 Oak Ave, Somewhe'),
(627, 'Wayne', 'john.smith@example.c', 13155550, '321 Pine St, Everywh'),
(628, 'Eugene', 'sydney.williams@exam', 13165550, '123 Main St, Anytown'),
(629, 'Aubrey', 'raymond.davis@exampl', 13145550, '654 Oak St, Somewher'),
(630, 'Roland', 'mark.taylor@example.', 13115550, '321 Pine St, Everywh'),
(631, 'Nicole', 'brian.walker@example', 15155550, '321 Pine St, Everywh'),
(632, 'Adriana', 'caroline.lee@example', 13115550, '321 Pine St, Everywh'),
(633, 'Stephani', 'arthur.martinez@exam', 13125550, '654 Elm St, Anywhere'),
(634, 'Allison', 'donald.collins@examp', 18165550, '987 Cedar Ave, Nowhe'),
(635, 'Anna', 'christopher.harris@e', 13155550, '654 Oak St, Somewher'),
(636, 'Allison', 'emily.jones@example.', 13155550, '321 Pine St, Everywh'),
(637, 'Adalyn', 'amanda.perez@example', 13115550, '123 Main St, Anytown'),
(638, 'Haley', 'morgan.kelly@example', 13155550, '654 Elm St, Anywhere'),
(639, 'Angelina', 'ashley.green@example', 13165550, '456 Oak Ave, Somewhe'),
(640, 'Gordon', 'derek.wood@example.c', 13135550, '789 Maple Rd, Nowher'),
(641, 'Harold', 'mackenzie.bailey@exa', 15155550, '789 Maple Rd, Nowher'),
(642, 'Patrick', 'isabella.lewis@examp', 13135550, '654 Oak St, Somewher'),
(643, 'Claire', 'danielle.murphy@exam', 18125550, '123 Main St, Anytown'),
(644, 'Ralph', 'faith.richardson@exa', 13135550, '456 Oak Ave, Somewhe'),
(645, 'Alexis', 'kevin.edwards@exampl', 13115550, '321 Pine St, Everywh'),
(646, 'Levi', 'john.smith@example.c', 13165550, '789 Maple Rd, Nowher'),
(647, 'Kevin', 'emily.jones@example.', 13145550, '654 Elm St, Anywhere'),
(648, 'Hannah', 'kayla.price@example.', 13135550, '123 Main St, Anytown'),
(649, 'Oscar', 'jasmine.johnson@exam', 13155550, '654 Oak St, Somewher'),
(650, 'Tyler', 'julia.howard@example', 13135550, '654 Oak St, Somewher'),
(651, 'Ronald', 'lauren.martin@exampl', 13155550, '654 Elm St, Anywhere'),
(652, 'Wayne', 'derek.wood@example.c', 13165550, '654 Elm St, Anywhere'),
(653, 'Madison', 'david.wilson@example', 13155550, '321 Pine St, Everywh'),
(654, 'Alex', 'andrew.thomas@exampl', 13125550, '123 Main St, Anytown'),
(655, 'Jocelyn', 'emma.garcia@example.', 18145550, '789 Maple Rd, Nowher'),
(656, 'Amanda', 'victor.jackson@examp', 13135550, '789 Maple Rd, Nowher'),
(657, 'Robert', 'amanda.perez@example', 13165550, '987 Cedar Ave, Nowhe'),
(658, 'Peyton', 'francis.cruz@example', 13115550, '789 Maple Rd, Nowher'),
(659, 'Alexis', 'tyler.rivera@example', 13135550, '321 Pine St, Everywh'),
(660, 'Mia', 'alexandra.james@exam', 13165550, '123 Main St, Anytown'),
(661, 'Caroline', 'timothy.hall@example', 13165550, '789 Maple Rd, Nowher'),
(662, 'Makenna', 'martin.martinez@exam', 13135550, '789 Maple Rd, Nowher'),
(663, 'Samuel', 'christopher.harris@e', 13155550, '123 Main St, Anytown'),
(664, 'Jordyn', 'scott.gonzalez@examp', 13165550, '321 Pine St, Everywh'),
(665, 'Katherin', 'peter.hall@example.c', 13145550, '321 Pine St, Everywh'),
(666, 'Makayla', 'megan.campbell@examp', 13165550, '789 Maple Rd, Nowher'),
(667, 'Victoria', 'sydney.williams@exam', 13145550, '654 Elm St, Anywhere'),
(668, 'Thomas', 'charles.reed@example', 13125550, '456 Oak Ave, Somewhe'),
(669, 'Howard', 'andrew.thomas@exampl', 18125550, '987 Cedar Ave, Nowhe'),
(670, 'Hailey', 'robert.lewis@example', 18165550, '123 Main St, Anytown'),
(671, 'Caroline', 'nicole.garcia@exampl', 13155550, '123 Main St, Anytown'),
(672, 'Angelina', 'nicholas.wright@exam', 13145550, '654 Oak St, Somewher'),
(673, 'Scott', 'mark.taylor@example.', 13135550, '789 Maple Rd, Nowher'),
(674, 'Adriana', 'evelyn.phillips@exam', 13165550, '321 Pine St, Everywh'),
(675, 'Leah', 'timothy.hall@example', 13135550, '123 Main St, Anytown'),
(676, 'Evelyn', 'brianna.brown@exampl', 13155550, '987 Cedar Ave, Nowhe'),
(677, 'Norman', 'jonathan.baker@examp', 13155550, '321 Pine St, Everywh'),
(678, 'Sophie', 'rachel.moore@example', 13155550, '654 Elm St, Anywhere'),
(679, 'Ryan', 'richard.ramirez@exam', 13145550, '456 Oak Ave, Somewhe'),
(680, 'Amelia', 'joseph.parker@exampl', 13125550, '321 Pine St, Everywh'),
(681, 'Madison', 'jessica.white@exampl', 12135550, '456 Oak Ave, Somewhe'),
(682, 'Natalie', 'adam.parker@example.', 13155550, '654 Oak St, Somewher'),
(683, 'Alexandr', 'victor.jackson@examp', 14165550, '789 Maple Rd, Nowher'),
(684, 'Isabelle', 'john.smith@example.c', 13115550, '321 Pine St, Everywh'),
(685, 'Amanda', 'martin.martinez@exam', 13155550, '654 Elm St, Anywhere');
INSERT INTO `Passenger` (`passenger_id`, `passenger_name`, `email_address`, `phone_number`, `billing_address`) VALUES
(686, 'Lawrence', 'avery.gonzalez@examp', 13115550, '456 Oak Ave, Somewhe'),
(687, 'Gianna', 'eric.nelson@example.', 18155550, '456 Oak Ave, Somewhe'),
(688, 'Eric', 'julia.howard@example', 13115550, '321 Pine St, Everywh'),
(689, 'Max', 'kevin.edwards@exampl', 13145550, '987 Cedar Ave, Nowhe'),
(690, 'Brooke', 'raymond.davis@exampl', 13155550, '654 Oak St, Somewher'),
(691, 'Nathan', 'emily.jones@example.', 13135550, '456 Oak Ave, Somewhe'),
(692, 'Mia', 'chloe.richardson@exa', 13155550, '987 Cedar Ave, Nowhe'),
(693, 'Carl', 'faith.richardson@exa', 13145550, '456 Oak Ave, Somewhe'),
(694, 'George', 'elizabeth.carter@exa', 14115550, '987 Cedar Ave, Nowhe'),
(695, 'Norman', 'kevin.edwards@exampl', 13155550, '789 Maple Rd, Nowher'),
(696, 'Gabriell', 'melissa.robinson@exa', 13115550, '987 Cedar Ave, Nowhe'),
(697, 'Ryan', 'walter.carter@exampl', 13165550, '456 Oak Ave, Somewhe'),
(698, 'Albert', 'brianna.brown@exampl', 13165550, '456 Oak Ave, Somewhe'),
(699, 'Stephen', 'peter.hall@example.c', 13165550, '987 Cedar Ave, Nowhe'),
(700, 'Raymond', 'joshua.sanchez@examp', 13115550, '456 Oak Ave, Somewhe'),
(701, 'Danielle', 'donald.collins@examp', 13165550, '654 Elm St, Anywhere'),
(702, 'Hannah', 'taylor.mitchell@exam', 13155550, '123 Main St, Anytown'),
(703, 'Jordyn', 'david.wilson@example', 14165550, '456 Oak Ave, Somewhe'),
(704, 'Ronald', 'lauren.martin@exampl', 13145550, '987 Cedar Ave, Nowhe'),
(705, 'Taylor', 'christopher.harris@e', 13165550, '654 Oak St, Somewher'),
(706, 'Nora', 'sarah.brown@example.', 13165550, '123 Main St, Anytown'),
(707, 'Rachel', 'jonathan.baker@examp', 18165550, '789 Maple Rd, Nowher'),
(708, 'Kenneth', 'victoria.turner@exam', 13145550, '789 Maple Rd, Nowher'),
(709, 'Martin', 'brian.walker@example', 13125550, '321 Pine St, Everywh'),
(710, 'Daniel', 'sarah.brown@example.', 13115550, '654 Elm St, Anywhere'),
(711, 'Alyssa', 'daniel.kelly@example', 13165550, '321 Pine St, Everywh'),
(712, 'Kylie', 'elizabeth.carter@exa', 13165550, '456 Oak Ave, Somewhe'),
(713, 'Roland', 'sarah.brown@example.', 13125550, '987 Cedar Ave, Nowhe'),
(714, 'Hannah', 'timothy.hall@example', 13145550, '456 Oak Ave, Somewhe'),
(715, 'Isabelle', 'christopher.harris@e', 13165550, '123 Main St, Anytown'),
(716, 'Harry', 'emma.garcia@example.', 13115550, '123 Main St, Anytown'),
(717, 'Martin', 'patrick.adams@exampl', 13155550, '789 Maple Rd, Nowher'),
(718, 'Jared', 'kevin.edwards@exampl', 18125550, '789 Maple Rd, Nowher'),
(719, 'Stephen', 'natalie.cooper@examp', 13155550, '987 Cedar Ave, Nowhe'),
(720, 'Wayne', 'donald.collins@examp', 13165550, '987 Cedar Ave, Nowhe'),
(721, 'Jocelyn', 'caroline.lee@example', 13115550, '654 Oak St, Somewher'),
(722, 'Morgan', 'morgan.kelly@example', 13165550, '987 Cedar Ave, Nowhe'),
(723, 'Sophie', 'melissa.robinson@exa', 13155550, '789 Maple Rd, Nowher'),
(724, 'Timothy', 'michael.anderson@exa', 13135550, '987 Cedar Ave, Nowhe'),
(725, 'Skylar', 'melissa.robinson@exa', 13155550, '123 Main St, Anytown'),
(726, 'Norman', 'natalie.cooper@examp', 13125550, '654 Elm St, Anywhere'),
(727, 'Dennis', 'jennifer.davis@examp', 13165550, '789 Maple Rd, Nowher'),
(728, 'Jocelyn', 'evelyn.phillips@exam', 13115550, '789 Maple Rd, Nowher'),
(729, 'Chloe', 'brian.walker@example', 14165550, '987 Cedar Ave, Nowhe'),
(730, 'Angelina', 'david.wilson@example', 13145550, '456 Oak Ave, Somewhe'),
(731, 'Avery', 'martin.martinez@exam', 13165550, '456 Oak Ave, Somewhe'),
(732, 'Francis', 'kevin.edwards@exampl', 13145550, '654 Elm St, Anywhere'),
(733, 'Ronald', 'melissa.robinson@exa', 13145550, '654 Oak St, Somewher'),
(734, 'Arthur', 'sara.roberts@example', 13135550, '321 Pine St, Everywh'),
(735, 'Rachel', 'mark.taylor@example.', 13135550, '456 Oak Ave, Somewhe'),
(736, 'Gerald', 'thomas.cox@example.c', 13115550, '456 Oak Ave, Somewhe'),
(737, 'Faith', 'olivia.cook@example.', 13145550, '987 Cedar Ave, Nowhe'),
(738, 'Mackenzi', 'robert.lewis@example', 13125550, '123 Main St, Anytown'),
(739, 'Louis', 'jasmine.johnson@exam', 13125550, '654 Oak St, Somewher'),
(740, 'Melissa', 'paige.harris@example', 13165550, '987 Cedar Ave, Nowhe'),
(741, 'Thomas', 'megan.campbell@examp', 13145550, '987 Cedar Ave, Nowhe'),
(742, 'William', 'ashley.green@example', 13125550, '654 Oak St, Somewher'),
(743, 'Maya', 'gabrielle.evans@exam', 13125550, '789 Maple Rd, Nowher'),
(744, 'Terry', 'samantha.brown@examp', 13145550, '321 Pine St, Everywh'),
(745, 'Albert', 'donald.collins@examp', 13155550, '987 Cedar Ave, Nowhe'),
(746, 'Andrew', 'william.hernandez@ex', 13145550, '789 Maple Rd, Nowher'),
(747, 'Ronald', 'mark.taylor@example.', 13155550, '321 Pine St, Everywh'),
(748, 'Jennifer', 'walter.carter@exampl', 13165550, '654 Oak St, Somewher'),
(749, 'William', 'joseph.parker@exampl', 13145550, '789 Maple Rd, Nowher'),
(750, 'Daniel', 'thomas.cox@example.c', 13165550, '987 Cedar Ave, Nowhe'),
(751, 'Ashley', 'anthony.hall@example', 13145550, '987 Cedar Ave, Nowhe'),
(752, 'Ellie', 'ashley.green@example', 13155550, '789 Maple Rd, Nowher'),
(753, 'Megan', 'alyssa.foster@exampl', 13115550, '987 Cedar Ave, Nowhe'),
(754, 'Lawrence', 'amanda.perez@example', 13115550, '321 Pine St, Everywh'),
(755, 'Olivia', 'walter.carter@exampl', 13155550, '987 Cedar Ave, Nowhe'),
(756, 'George', 'richard.ramirez@exam', 13155550, '789 Maple Rd, Nowher'),
(757, 'Victor', 'alyssa.foster@exampl', 15155550, '321 Pine St, Everywh'),
(758, 'Adriana', 'julia.howard@example', 13155550, '456 Oak Ave, Somewhe'),
(759, 'Olivia', 'timothy.hall@example', 13165550, '654 Elm St, Anywhere'),
(760, 'Melissa', 'sarah.brown@example.', 13135550, '654 Elm St, Anywhere'),
(761, 'Elise', 'francis.cruz@example', 13135550, '654 Elm St, Anywhere'),
(762, 'Clarence', 'adam.parker@example.', 13115550, '789 Maple Rd, Nowher'),
(763, 'Anthony', 'danielle.murphy@exam', 13155550, '654 Elm St, Anywhere'),
(764, 'Ralph', 'anthony.hall@example', 13115550, '654 Oak St, Somewher'),
(765, 'Aria', 'tyler.rivera@example', 13145550, '789 Maple Rd, Nowher'),
(766, 'Ronald', 'philip.morris@exampl', 13165550, '123 Main St, Anytown'),
(767, 'Mariah', 'donald.collins@examp', 13155550, '654 Elm St, Anywhere'),
(768, 'Roger', 'victor.jackson@examp', 13155550, '123 Main St, Anytown'),
(769, 'Christop', 'alyssa.foster@exampl', 18155550, '123 Main St, Anytown'),
(770, 'Grace', 'grace.mitchell@examp', 13135550, '987 Cedar Ave, Nowhe'),
(771, 'Gordon', 'julia.howard@example', 13165550, '123 Main St, Anytown'),
(772, 'Melissa', 'hannah.king@example.', 13145550, '456 Oak Ave, Somewhe'),
(773, 'Glenn', 'derek.wood@example.c', 13165550, '654 Oak St, Somewher'),
(774, 'Jeffrey', 'lily.jones@example.c', 13125550, '789 Maple Rd, Nowher'),
(775, 'Ralph', 'edward.rivera@exampl', 13145550, '654 Oak St, Somewher'),
(776, 'Delaney', 'sara.roberts@example', 13155550, '123 Main St, Anytown'),
(777, 'Julianna', 'amelia.watson@exampl', 13155550, '789 Maple Rd, Nowher'),
(778, 'Leah', 'nicholas.wright@exam', 13155550, '654 Elm St, Anywhere'),
(779, 'Gabriell', 'eric.nelson@example.', 13135550, '789 Maple Rd, Nowher'),
(780, 'Roland', 'martin.martinez@exam', 13145550, '654 Elm St, Anywhere'),
(781, 'Bella', 'jeffrey.brooks@examp', 13115550, '321 Pine St, Everywh'),
(782, 'Max', 'amelia.watson@exampl', 13165550, '654 Elm St, Anywhere'),
(783, 'Madeline', 'julia.howard@example', 13165550, '456 Oak Ave, Somewhe'),
(784, 'Claire', 'lily.jones@example.c', 13165550, '123 Main St, Anytown'),
(785, 'Alex', 'sarah.brown@example.', 13155550, '987 Cedar Ave, Nowhe'),
(786, 'Eric', 'charles.reed@example', 13145550, '456 Oak Ave, Somewhe'),
(787, 'Trevor', 'jessica.white@exampl', 13145550, '654 Oak St, Somewher'),
(788, 'Gregory', 'jeffrey.brooks@examp', 13125550, '321 Pine St, Everywh'),
(789, 'Nicole', 'donald.collins@examp', 13115550, '654 Elm St, Anywhere'),
(790, 'Rylee', 'george.jones@example', 13145550, '654 Oak St, Somewher'),
(791, 'Adalyn', 'jeffrey.brooks@examp', 13165550, '123 Main St, Anytown'),
(792, 'Harold', 'paige.harris@example', 13155550, '321 Pine St, Everywh'),
(793, 'Skylar', 'richard.ramirez@exam', 13145550, '987 Cedar Ave, Nowhe'),
(794, 'Sarah', 'jonathan.baker@examp', 13115550, '123 Main St, Anytown'),
(795, 'Evelyn', 'tyler.rivera@example', 13155550, '456 Oak Ave, Somewhe'),
(796, 'Gregory', 'joshua.sanchez@examp', 13165550, '789 Maple Rd, Nowher'),
(797, 'Skylar', 'jennifer.davis@examp', 13165550, '987 Cedar Ave, Nowhe'),
(798, 'Cameron', 'morgan.kelly@example', 13165550, '654 Oak St, Somewher'),
(799, 'Julianna', 'emma.garcia@example.', 13125550, '987 Cedar Ave, Nowhe'),
(800, 'Makayla', 'raymond.davis@exampl', 13155550, '123 Main St, Anytown'),
(801, 'Jordyn', 'tyler.rivera@example', 13135550, '654 Elm St, Anywhere'),
(802, 'Allison', 'george.jones@example', 13165550, '123 Main St, Anytown'),
(803, 'Emma', 'eric.nelson@example.', 13145550, '321 Pine St, Everywh'),
(804, 'Mark', 'arthur.martinez@exam', 13125550, '456 Oak Ave, Somewhe'),
(805, 'Isabel', 'mark.taylor@example.', 13125550, '456 Oak Ave, Somewhe'),
(806, 'Brandon', 'matthew.thompson@exa', 12155550, '654 Elm St, Anywhere'),
(807, 'Aubrey', 'kaitlyn.nelson@examp', 14165550, '654 Oak St, Somewher'),
(808, 'Ralph', 'mackenzie.bailey@exa', 13155550, '123 Main St, Anytown'),
(809, 'Mackenzi', 'emily.jones@example.', 13115550, '654 Elm St, Anywhere'),
(810, 'Melissa', 'brian.walker@example', 13165550, '654 Elm St, Anywhere'),
(811, 'Aria', 'michael.anderson@exa', 13155550, '654 Oak St, Somewher'),
(812, 'Piper', 'david.wilson@example', 13135550, '123 Main St, Anytown'),
(813, 'Ronald', 'louis.anderson@examp', 13145550, '654 Elm St, Anywhere'),
(814, 'Hannah', 'faith.richardson@exa', 14115550, '654 Elm St, Anywhere'),
(815, 'Roland', 'chloe.richardson@exa', 15155550, '456 Oak Ave, Somewhe'),
(816, 'Brandon', 'mark.taylor@example.', 13125550, '789 Maple Rd, Nowher'),
(817, 'Londyn', 'paige.harris@example', 13145550, '654 Elm St, Anywhere'),
(818, 'Gregory', 'edward.rivera@exampl', 13125550, '987 Cedar Ave, Nowhe'),
(819, 'Charles', 'jasmine.johnson@exam', 12155550, '654 Elm St, Anywhere'),
(820, 'Jacob', 'emily.jones@example.', 13165550, '321 Pine St, Everywh'),
(821, 'Benjamin', 'edward.rivera@exampl', 13145550, '123 Main St, Anytown'),
(822, 'Glenn', 'anthony.hall@example', 13155550, '789 Maple Rd, Nowher'),
(823, 'Arthur', 'isabella.lewis@examp', 14165550, '987 Cedar Ave, Nowhe'),
(824, 'Roger', 'danielle.murphy@exam', 13155550, '456 Oak Ave, Somewhe'),
(825, 'Eric', 'john.smith@example.c', 13135550, '654 Elm St, Anywhere'),
(826, 'Ashley', 'martin.martinez@exam', 14165550, '789 Maple Rd, Nowher'),
(827, 'Piper', 'avery.gonzalez@examp', 14115550, '654 Oak St, Somewher'),
(828, 'Trevor', 'stephanie.clark@exam', 13135550, '321 Pine St, Everywh'),
(829, 'Eugene', 'caroline.lee@example', 13165550, '123 Main St, Anytown'),
(830, 'Amanda', 'caroline.lee@example', 13115550, '321 Pine St, Everywh'),
(831, 'Brianna', 'caroline.lee@example', 13155550, '654 Elm St, Anywhere'),
(832, 'Glenn', 'jeffrey.brooks@examp', 18125550, '123 Main St, Anytown'),
(833, 'Victor', 'patrick.adams@exampl', 14155550, '987 Cedar Ave, Nowhe'),
(834, 'Kayla', 'hannah.king@example.', 13125550, '123 Main St, Anytown'),
(835, 'Julia', 'melissa.robinson@exa', 13165550, '123 Main St, Anytown'),
(836, 'Thomas', 'charles.reed@example', 13115550, '987 Cedar Ave, Nowhe'),
(837, 'Paige', 'jacob.hill@example.c', 13115550, '321 Pine St, Everywh'),
(838, 'Gerald', 'sydney.williams@exam', 12135550, '654 Elm St, Anywhere'),
(839, 'Paige', 'william.hernandez@ex', 13115550, '321 Pine St, Everywh'),
(840, 'Richard', 'tyler.rivera@example', 18155550, '987 Cedar Ave, Nowhe'),
(841, 'Stephani', 'arthur.martinez@exam', 19145550, '654 Oak St, Somewher'),
(842, 'Bradley', 'christopher.harris@e', 13115550, '456 Oak Ave, Somewhe'),
(843, 'Isabelle', 'emma.garcia@example.', 13115550, '789 Maple Rd, Nowher'),
(844, 'Nicole', 'chloe.richardson@exa', 13155550, '123 Main St, Anytown'),
(845, 'Danielle', 'thomas.cox@example.c', 13115550, '987 Cedar Ave, Nowhe'),
(846, 'Gerald', 'caroline.lee@example', 13115550, '321 Pine St, Everywh'),
(847, 'Sydney', 'avery.gonzalez@examp', 13165550, '321 Pine St, Everywh'),
(848, 'Benjamin', 'raymond.davis@exampl', 13145550, '321 Pine St, Everywh'),
(849, 'Dennis', 'chloe.richardson@exa', 13115550, '654 Oak St, Somewher'),
(850, 'Piper', 'caroline.lee@example', 13125550, '654 Elm St, Anywhere'),
(851, 'Anthony', 'ashley.green@example', 13145550, '654 Oak St, Somewher'),
(852, 'Kevin', 'christopher.harris@e', 18175550, '654 Elm St, Anywhere'),
(853, 'Roy', 'evelyn.phillips@exam', 13155550, '654 Oak St, Somewher'),
(854, 'Kevin', 'martin.martinez@exam', 18165550, '987 Cedar Ave, Nowhe'),
(855, 'Gordon', 'nicholas.wright@exam', 13145550, '987 Cedar Ave, Nowhe'),
(856, 'Ronald', 'philip.morris@exampl', 13115550, '789 Maple Rd, Nowher'),
(857, 'Alexandr', 'natalie.cooper@examp', 13165550, '987 Cedar Ave, Nowhe'),
(858, 'Miles', 'chloe.richardson@exa', 13165550, '987 Cedar Ave, Nowhe'),
(859, 'Alexis', 'victoria.turner@exam', 13145550, '654 Oak St, Somewher'),
(860, 'Norman', 'mark.taylor@example.', 13125550, '987 Cedar Ave, Nowhe'),
(861, 'Nicholas', 'arthur.martinez@exam', 13145550, '654 Oak St, Somewher'),
(862, 'Brianna', 'louis.anderson@examp', 12155550, '654 Oak St, Somewher'),
(863, 'Charles', 'martin.martinez@exam', 13155550, '456 Oak Ave, Somewhe'),
(864, 'Nicole', 'timothy.hall@example', 13165550, '456 Oak Ave, Somewhe'),
(865, 'Peyton', 'julia.howard@example', 13145550, '987 Cedar Ave, Nowhe'),
(866, 'Timothy', 'alexandra.james@exam', 18155550, '654 Oak St, Somewher'),
(867, 'Anthony', 'isabella.lewis@examp', 13115550, '789 Maple Rd, Nowher'),
(868, 'Eugene', 'amelia.watson@exampl', 13165550, '321 Pine St, Everywh'),
(869, 'Nora', 'charles.reed@example', 13125550, '123 Main St, Anytown'),
(870, 'Kayla', 'hannah.king@example.', 13165550, '123 Main St, Anytown'),
(871, 'Benjamin', 'samantha.brown@examp', 13165550, '987 Cedar Ave, Nowhe'),
(872, 'Anna', 'chloe.richardson@exa', 13125550, '987 Cedar Ave, Nowhe'),
(873, 'Amelia', 'katherine.jackson@ex', 13165550, '123 Main St, Anytown'),
(874, 'Alexis', 'olivia.cook@example.', 13125550, '654 Oak St, Somewher'),
(875, 'Kevin', 'rachel.moore@example', 13155550, '456 Oak Ave, Somewhe'),
(876, 'Mckenzie', 'elizabeth.carter@exa', 13165550, '321 Pine St, Everywh'),
(877, 'Charles', 'chloe.richardson@exa', 13135550, '321 Pine St, Everywh'),
(878, 'Victor', 'peter.hall@example.c', 13115550, '654 Oak St, Somewher'),
(879, 'Alex', 'daniel.kelly@example', 13145550, '654 Oak St, Somewher'),
(880, 'Madeline', 'sara.roberts@example', 13135550, '789 Maple Rd, Nowher'),
(881, 'Aaron', 'kevin.edwards@exampl', 13135550, '987 Cedar Ave, Nowhe'),
(882, 'Amanda', 'peter.hall@example.c', 13175550, '321 Pine St, Everywh'),
(883, 'Samantha', 'timothy.hall@example', 13165550, '123 Main St, Anytown'),
(884, 'Sydney', 'jeffrey.brooks@examp', 13125550, '654 Elm St, Anywhere'),
(885, 'Scott', 'brianna.brown@exampl', 12135550, '789 Maple Rd, Nowher'),
(886, 'Adam', 'brianna.brown@exampl', 18165550, '123 Main St, Anytown'),
(887, 'Bradley', 'daniel.kelly@example', 13155550, '654 Elm St, Anywhere'),
(888, 'Alyssa', 'lauren.martin@exampl', 13175550, '321 Pine St, Everywh'),
(889, 'Peyton', 'robert.lewis@example', 13125550, '123 Main St, Anytown'),
(890, 'Angelina', 'anthony.hall@example', 13125550, '654 Oak St, Somewher'),
(891, 'Mackenzi', 'jessica.white@exampl', 18125550, '654 Oak St, Somewher'),
(892, 'Jennifer', 'adam.parker@example.', 13165550, '789 Maple Rd, Nowher'),
(893, 'Jeffrey', 'evelyn.phillips@exam', 13165550, '789 Maple Rd, Nowher'),
(894, 'Mckenzie', 'steven.hall@example.', 14115550, '321 Pine St, Everywh'),
(895, 'Sadie', 'madison.howard@examp', 13175550, '789 Maple Rd, Nowher'),
(896, 'Norman', 'edward.rivera@exampl', 13125550, '987 Cedar Ave, Nowhe'),
(897, 'Lila', 'lily.jones@example.c', 13115550, '654 Oak St, Somewher'),
(898, 'Gianna', 'john.smith@example.c', 13125550, '789 Maple Rd, Nowher'),
(899, 'Charles', 'jessica.white@exampl', 13125550, '456 Oak Ave, Somewhe'),
(900, 'John', 'andrew.thomas@exampl', 13165550, '321 Pine St, Everywh'),
(901, 'Gregory', 'hannah.king@example.', 13165550, '654 Elm St, Anywhere'),
(902, 'Jonathan', 'samantha.brown@examp', 13165550, '321 Pine St, Everywh'),
(903, 'David', 'scott.gonzalez@examp', 13115550, '654 Oak St, Somewher'),
(904, 'Harold', 'adam.parker@example.', 13155550, '654 Elm St, Anywhere'),
(905, 'Glenn', 'katherine.jackson@ex', 13165550, '654 Elm St, Anywhere'),
(906, 'Melissa', 'patrick.adams@exampl', 13165550, '123 Main St, Anytown'),
(907, 'Kylie', 'timothy.hall@example', 13165550, '123 Main St, Anytown'),
(908, 'Leonard', 'emma.garcia@example.', 13155550, '789 Maple Rd, Nowher'),
(909, 'George', 'tyler.rivera@example', 13155550, '123 Main St, Anytown'),
(910, 'Raymond', 'matthew.thompson@exa', 13145550, '654 Elm St, Anywhere'),
(911, 'Steven', 'gabrielle.evans@exam', 13145550, '789 Maple Rd, Nowher'),
(912, 'Jasmine', 'avery.gonzalez@examp', 13155550, '654 Oak St, Somewher'),
(913, 'Henry', 'raymond.davis@exampl', 13165550, '654 Oak St, Somewher'),
(914, 'Megan', 'julia.howard@example', 13145550, '123 Main St, Anytown'),
(915, 'Kenneth', 'olivia.cook@example.', 12155550, '654 Oak St, Somewher'),
(916, 'Caroline', 'kayla.price@example.', 13115550, '123 Main St, Anytown'),
(917, 'Alyssa', 'morgan.kelly@example', 13145550, '987 Cedar Ave, Nowhe'),
(918, 'Bella', 'stephanie.clark@exam', 13165550, '987 Cedar Ave, Nowhe'),
(919, 'Alexandr', 'peter.hall@example.c', 18165550, '321 Pine St, Everywh'),
(920, 'Isaac', 'joseph.parker@exampl', 13155550, '789 Maple Rd, Nowher'),
(921, 'Peter', 'eric.nelson@example.', 18175550, '654 Elm St, Anywhere'),
(922, 'Albert', 'emma.garcia@example.', 13135550, '123 Main St, Anytown'),
(923, 'Isabel', 'tyler.rivera@example', 18125550, '456 Oak Ave, Somewhe'),
(924, 'Robert', 'julia.howard@example', 13165550, '987 Cedar Ave, Nowhe'),
(925, 'Norman', 'jasmine.johnson@exam', 13155550, '123 Main St, Anytown'),
(926, 'Lila', 'nicole.garcia@exampl', 13155550, '456 Oak Ave, Somewhe'),
(927, 'Jennifer', 'sara.roberts@example', 13125550, '789 Maple Rd, Nowher'),
(928, 'Kylie', 'isabella.lewis@examp', 13175550, '789 Maple Rd, Nowher'),
(929, 'Brooke', 'benjamin.edwards@exa', 13155550, '987 Cedar Ave, Nowhe'),
(930, 'Paige', 'nicholas.wright@exam', 14155550, '321 Pine St, Everywh'),
(931, 'Tyler', 'steven.hall@example.', 13115550, '789 Maple Rd, Nowher'),
(932, 'Roland', 'kaitlyn.nelson@examp', 13165550, '654 Oak St, Somewher'),
(933, 'Victor', 'louis.anderson@examp', 13155550, '654 Oak St, Somewher'),
(934, 'Jennifer', 'hannah.king@example.', 13165550, '987 Cedar Ave, Nowhe'),
(935, 'Aubrey', 'elizabeth.carter@exa', 13165550, '654 Oak St, Somewher'),
(936, 'Timothy', 'timothy.hall@example', 13125550, '654 Oak St, Somewher'),
(937, 'Evelyn', 'evelyn.phillips@exam', 13145550, '456 Oak Ave, Somewhe'),
(938, 'Daniel', 'madison.howard@examp', 14115550, '456 Oak Ave, Somewhe'),
(939, 'Peter', 'walter.carter@exampl', 13175550, '456 Oak Ave, Somewhe'),
(940, 'Terry', 'andrew.thomas@exampl', 13135550, '987 Cedar Ave, Nowhe'),
(941, 'Clarence', 'scott.gonzalez@examp', 13165550, '654 Elm St, Anywhere'),
(942, 'Albert', 'anthony.hall@example', 13135550, '321 Pine St, Everywh'),
(943, 'Adam', 'scott.gonzalez@examp', 18165550, '987 Cedar Ave, Nowhe'),
(944, 'Leah', 'natalie.cooper@examp', 13155550, '789 Maple Rd, Nowher'),
(945, 'Lily', 'louis.anderson@examp', 13165550, '321 Pine St, Everywh'),
(946, 'Sydney', 'amanda.perez@example', 13135550, '654 Oak St, Somewher'),
(947, 'Frank', 'brianna.brown@exampl', 13145550, '321 Pine St, Everywh'),
(948, 'Gregory', 'paige.harris@example', 12175550, '987 Cedar Ave, Nowhe'),
(949, 'Nicholas', 'jasmine.johnson@exam', 13155550, '987 Cedar Ave, Nowhe'),
(950, 'Max', 'victoria.turner@exam', 13115550, '654 Oak St, Somewher'),
(951, 'Edward', 'robert.lewis@example', 13155550, '123 Main St, Anytown'),
(952, 'Audrey', 'mackenzie.bailey@exa', 13125550, '123 Main St, Anytown'),
(953, 'Gerald', 'megan.campbell@examp', 13155550, '321 Pine St, Everywh'),
(954, 'Jennifer', 'edward.rivera@exampl', 13165550, '654 Oak St, Somewher'),
(955, 'Peter', 'avery.gonzalez@examp', 15155550, '123 Main St, Anytown'),
(956, 'Harry', 'katherine.jackson@ex', 13145550, '987 Cedar Ave, Nowhe'),
(957, 'Charles', 'jeffrey.brooks@examp', 13135550, '123 Main St, Anytown'),
(958, 'Kaitlyn', 'robert.lewis@example', 13165550, '654 Oak St, Somewher'),
(959, 'Peter', 'george.jones@example', 13125550, '456 Oak Ave, Somewhe'),
(960, 'Daniel', 'taylor.mitchell@exam', 14155550, '456 Oak Ave, Somewhe'),
(961, 'Frank', 'stephanie.clark@exam', 13165550, '654 Oak St, Somewher'),
(962, 'Jeffrey', 'evelyn.phillips@exam', 13135550, '456 Oak Ave, Somewhe'),
(963, 'Victor', 'emma.garcia@example.', 13155550, '123 Main St, Anytown'),
(964, 'Alexandr', 'lily.jones@example.c', 18145550, '789 Maple Rd, Nowher'),
(965, 'Lily', 'kevin.edwards@exampl', 18165550, '123 Main St, Anytown'),
(966, 'Gordon', 'alyssa.foster@exampl', 13145550, '321 Pine St, Everywh'),
(967, 'Mariah', 'elizabeth.carter@exa', 13175550, '123 Main St, Anytown'),
(968, 'Peyton', 'mark.taylor@example.', 18145550, '321 Pine St, Everywh'),
(969, 'Sara', 'brandon.collins@exam', 13165550, '987 Cedar Ave, Nowhe'),
(970, 'Elise', 'timothy.hall@example', 13165550, '987 Cedar Ave, Nowhe'),
(971, 'Sydney', 'joshua.sanchez@examp', 13165550, '654 Oak St, Somewher'),
(972, 'Delaney', 'ashley.green@example', 13165550, '123 Main St, Anytown'),
(973, 'Faith', 'edward.rivera@exampl', 13155550, '456 Oak Ave, Somewhe'),
(974, 'Carl', 'scott.gonzalez@examp', 13115550, '123 Main St, Anytown'),
(975, 'Victoria', 'julia.howard@example', 13145550, '987 Cedar Ave, Nowhe'),
(976, 'Madison', 'francis.cruz@example', 13115550, '987 Cedar Ave, Nowhe'),
(977, 'Christop', 'jeffrey.brooks@examp', 13125550, '789 Maple Rd, Nowher'),
(978, 'Gabriell', 'scott.gonzalez@examp', 13175550, '789 Maple Rd, Nowher'),
(979, 'Timothy', 'michael.anderson@exa', 13155550, '456 Oak Ave, Somewhe'),
(980, 'Keith', 'hannah.king@example.', 13165550, '654 Oak St, Somewher'),
(981, 'Alex', 'timothy.hall@example', 13155550, '123 Main St, Anytown'),
(982, 'Ashley', 'sarah.brown@example.', 13165550, '987 Cedar Ave, Nowhe'),
(983, 'Tyler', 'tyler.rivera@example', 13115550, '654 Elm St, Anywhere'),
(984, 'Thomas', 'mark.taylor@example.', 13125550, '789 Maple Rd, Nowher'),
(985, 'Aubrey', 'melissa.robinson@exa', 18155550, '654 Elm St, Anywhere'),
(986, 'Isaiah', 'victoria.turner@exam', 13145550, '123 Main St, Anytown'),
(987, 'Mariah', 'derek.wood@example.c', 13135550, '456 Oak Ave, Somewhe'),
(988, 'Howard', 'victor.jackson@examp', 13165550, '654 Oak St, Somewher'),
(989, 'Frederic', 'michael.anderson@exa', 13155550, '123 Main St, Anytown'),
(990, 'Frank', 'timothy.hall@example', 18155550, '123 Main St, Anytown'),
(991, 'Jessica', 'emma.garcia@example.', 13145550, '123 Main St, Anytown'),
(992, 'Lawrence', 'olivia.cook@example.', 13135550, '321 Pine St, Everywh'),
(993, 'Skylar', 'robert.lewis@example', 13165550, '789 Maple Rd, Nowher'),
(994, 'Leah', 'mark.taylor@example.', 13165550, '654 Elm St, Anywhere'),
(995, 'Thomas', 'grace.mitchell@examp', 13155550, '456 Oak Ave, Somewhe'),
(996, 'Terry', 'ryan.perez@example.c', 13145550, '321 Pine St, Everywh'),
(997, 'Taylor', 'arthur.martinez@exam', 14155550, '456 Oak Ave, Somewhe'),
(998, 'Albert', 'brianna.brown@exampl', 13165550, '654 Oak St, Somewher'),
(999, 'Mckenzie', 'tyler.rivera@example', 14155550, '789 Maple Rd, Nowher');

-- --------------------------------------------------------

--
-- Table structure for table `Payment`
--

CREATE TABLE `Payment` (
  `payment_id` int(8) NOT NULL,
  `payment_date` date NOT NULL,
  `payment_amount` int(12) NOT NULL,
  `payment_method` varchar(20) NOT NULL,
  `card_number` int(12) NOT NULL,
  `card_expiry_date` date NOT NULL,
  `billing_address` varchar(20) NOT NULL
) ENGINE=InnoDB DEFAULT CHARSET=utf8 COLLATE=utf8_unicode_ci;

--
-- Dumping data for table `Payment`
--

INSERT INTO `Payment` (`payment_id`, `payment_date`, `payment_amount`, `payment_method`, `card_number`, `card_expiry_date`, `billing_address`) VALUES
(0, '2023-01-18', 64, 'bank transfer', 776, '2023-01-23', '789 Maple Rd, Nowher'),
(1, '2023-01-22', 645, 'Payments', 368, '2023-02-14', '321 Pine St, Everywh'),
(2, '2023-01-19', 377, 'Payments', 670, '2023-01-25', '987 Cedar Ave, Nowhe'),
(3, '2023-01-11', 781, 'bank transfer', 951, '2023-01-30', '456 Oak Ave, Somewhe'),
(4, '2023-02-05', 936, 'bit', 796, '2023-01-15', '789 Maple Rd, Nowher'),
(5, '2023-02-13', 479, 'Payments', 264, '2023-01-21', '654 Elm St, Anywhere'),
(6, '2023-01-30', 539, 'bank transfer', 350, '2023-01-31', '654 Oak St, Somewher'),
(7, '2023-02-14', 191, 'bank transfer', 154, '2023-02-10', '123 Main St, Anytown'),
(8, '2023-01-14', 717, 'bank transfer', 506, '2023-02-07', '789 Maple Rd, Nowher'),
(9, '2023-02-09', 574, 'Payments', 815, '2023-02-14', '123 Main St, Anytown'),
(10, '2023-01-28', 485, 'Payments', 876, '2023-01-09', '456 Oak Ave, Somewhe'),
(11, '2023-01-28', 688, 'bit', 292, '2023-01-04', '789 Maple Rd, Nowher'),
(12, '2023-01-20', 316, 'Payments', 677, '2023-01-02', '654 Elm St, Anywhere'),
(13, '2023-01-25', 808, 'bit', 579, '2023-01-23', '123 Main St, Anytown'),
(14, '2023-02-06', 520, 'bank transfer', 357, '2023-01-28', '789 Maple Rd, Nowher'),
(15, '2023-01-03', 645, 'bit', 514, '2023-01-31', '321 Pine St, Everywh'),
(16, '2023-01-17', 947, 'bit', 440, '2023-01-26', '654 Oak St, Somewher'),
(17, '2023-01-30', 101, 'bank transfer', 660, '2023-02-05', '321 Pine St, Everywh'),
(18, '2023-01-30', 581, 'bit', 981, '2023-02-14', '456 Oak Ave, Somewhe'),
(19, '2023-02-11', 644, 'bit', 35, '2023-01-08', '654 Oak St, Somewher'),
(20, '2023-02-16', 832, 'Payments', 974, '2023-01-22', '654 Oak St, Somewher'),
(21, '2023-02-06', 229, 'bit', 163, '2023-01-01', '456 Oak Ave, Somewhe'),
(22, '2023-01-04', 971, 'bank transfer', 133, '2023-02-02', '456 Oak Ave, Somewhe'),
(23, '2023-01-05', 87, 'bit', 899, '2023-01-16', '456 Oak Ave, Somewhe'),
(24, '2023-01-01', 623, 'bit', 452, '2023-02-04', '321 Pine St, Everywh'),
(25, '2023-01-13', 239, 'bank transfer', 427, '2023-01-24', '987 Cedar Ave, Nowhe'),
(26, '2023-02-09', 257, 'Payments', 371, '2023-02-04', '654 Oak St, Somewher'),
(27, '2023-01-08', 614, 'Payments', 371, '2023-01-16', '654 Elm St, Anywhere'),
(28, '2023-02-01', 831, 'bit', 496, '2023-02-05', '123 Main St, Anytown'),
(29, '2023-01-06', 365, 'Payments', 689, '2023-01-26', '654 Oak St, Somewher'),
(30, '2023-01-15', 145, 'bit', 105, '2023-01-02', '987 Cedar Ave, Nowhe'),
(31, '2023-01-09', 955, 'Payments', 375, '2023-01-20', '654 Oak St, Somewher'),
(32, '2023-01-12', 14, 'bank transfer', 703, '2023-01-10', '654 Oak St, Somewher'),
(33, '2023-01-21', 692, 'bit', 872, '2023-01-07', '456 Oak Ave, Somewhe'),
(34, '2023-02-06', 75, 'bit', 308, '2023-02-12', '456 Oak Ave, Somewhe'),
(35, '2023-01-10', 118, 'bank transfer', 311, '2023-01-31', '654 Elm St, Anywhere'),
(36, '2023-02-16', 565, 'bit', 435, '2023-02-09', '321 Pine St, Everywh'),
(37, '2023-01-31', 288, 'bit', 794, '2023-01-09', '321 Pine St, Everywh'),
(38, '2023-01-16', 116, 'bank transfer', 961, '2023-01-23', '321 Pine St, Everywh'),
(39, '2023-02-12', 803, 'bit', 245, '2023-01-13', '987 Cedar Ave, Nowhe'),
(40, '2023-01-21', 179, 'Payments', 410, '2023-01-07', '987 Cedar Ave, Nowhe'),
(41, '2023-01-11', 36, 'Payments', 158, '2023-01-06', '456 Oak Ave, Somewhe'),
(42, '2023-01-11', 537, 'bank transfer', 345, '2023-01-19', '789 Maple Rd, Nowher'),
(43, '2023-02-11', 465, 'Payments', 294, '2023-01-09', '789 Maple Rd, Nowher'),
(44, '2023-01-23', 145, 'bank transfer', 851, '2023-01-13', '456 Oak Ave, Somewhe'),
(45, '2023-01-21', 551, 'Payments', 84, '2023-01-04', '789 Maple Rd, Nowher'),
(46, '2023-01-31', 902, 'bit', 358, '2023-01-07', '123 Main St, Anytown'),
(47, '2023-01-25', 384, 'bank transfer', 362, '2023-01-17', '456 Oak Ave, Somewhe'),
(48, '2023-02-05', 244, 'bank transfer', 530, '2023-01-02', '456 Oak Ave, Somewhe'),
(49, '2023-01-25', 685, 'Payments', 355, '2023-01-31', '321 Pine St, Everywh'),
(50, '2023-01-01', 329, 'bit', 590, '2023-01-17', '321 Pine St, Everywh'),
(51, '2023-01-22', 613, 'Payments', 947, '2023-02-02', '654 Oak St, Somewher'),
(52, '2023-01-01', 307, 'Payments', 519, '2023-02-01', '987 Cedar Ave, Nowhe'),
(53, '2023-02-15', 764, 'bank transfer', 332, '2023-02-05', '321 Pine St, Everywh'),
(54, '2023-02-08', 582, 'bit', 904, '2023-01-05', '789 Maple Rd, Nowher'),
(55, '2023-02-05', 841, 'bit', 710, '2023-01-11', '987 Cedar Ave, Nowhe'),
(56, '2023-02-08', 22, 'Payments', 70, '2023-02-11', '654 Elm St, Anywhere'),
(57, '2023-01-31', 215, 'Payments', 686, '2023-02-02', '789 Maple Rd, Nowher'),
(58, '2023-01-08', 525, 'bit', 314, '2023-02-01', '789 Maple Rd, Nowher'),
(59, '2023-01-29', 638, 'Payments', 580, '2023-02-09', '654 Oak St, Somewher'),
(60, '2023-01-12', 470, 'bit', 814, '2023-01-23', '654 Oak St, Somewher'),
(61, '2023-01-26', 133, 'bank transfer', 897, '2023-01-16', '654 Elm St, Anywhere'),
(62, '2023-02-11', 747, 'bank transfer', 716, '2023-01-29', '987 Cedar Ave, Nowhe'),
(63, '2023-02-16', 222, 'bit', 699, '2023-01-01', '654 Elm St, Anywhere'),
(64, '2023-02-14', 87, 'bank transfer', 96, '2023-01-08', '654 Elm St, Anywhere'),
(65, '2023-01-09', 249, 'Payments', 125, '2023-01-29', '123 Main St, Anytown'),
(66, '2023-01-24', 815, 'bit', 473, '2023-01-16', '789 Maple Rd, Nowher'),
(67, '2023-02-12', 211, 'bit', 810, '2023-01-21', '123 Main St, Anytown'),
(68, '2023-01-29', 172, 'bank transfer', 538, '2023-02-08', '789 Maple Rd, Nowher'),
(69, '2023-02-15', 95, 'Payments', 787, '2023-02-13', '456 Oak Ave, Somewhe'),
(70, '2023-02-08', 640, 'bit', 860, '2023-01-13', '321 Pine St, Everywh'),
(71, '2023-02-08', 570, 'bank transfer', 548, '2023-01-27', '456 Oak Ave, Somewhe'),
(72, '2023-02-13', 8, 'bank transfer', 792, '2023-01-04', '321 Pine St, Everywh'),
(73, '2023-01-06', 662, 'bank transfer', 499, '2023-01-03', '789 Maple Rd, Nowher'),
(74, '2023-01-14', 20, 'Payments', 649, '2023-02-12', '987 Cedar Ave, Nowhe'),
(75, '2023-02-13', 662, 'Payments', 480, '2023-02-08', '654 Elm St, Anywhere'),
(76, '2023-01-20', 224, 'bank transfer', 629, '2023-02-11', '654 Oak St, Somewher'),
(77, '2023-01-11', 28, 'bit', 733, '2023-01-23', '987 Cedar Ave, Nowhe'),
(78, '2023-01-17', 19, 'Payments', 705, '2023-01-27', '654 Oak St, Somewher'),
(79, '2023-01-15', 127, 'bit', 106, '2023-02-04', '654 Oak St, Somewher'),
(80, '2023-01-11', 197, 'bit', 491, '2023-01-11', '456 Oak Ave, Somewhe'),
(81, '2023-02-07', 880, 'bit', 670, '2023-01-23', '123 Main St, Anytown'),
(82, '2023-02-06', 289, 'Payments', 363, '2023-01-26', '456 Oak Ave, Somewhe'),
(83, '2023-02-02', 759, 'Payments', 924, '2023-02-15', '321 Pine St, Everywh'),
(84, '2023-01-08', 240, 'bit', 93, '2023-01-31', '789 Maple Rd, Nowher'),
(85, '2023-02-12', 112, 'bank transfer', 36, '2023-02-01', '987 Cedar Ave, Nowhe'),
(86, '2023-02-15', 402, 'bank transfer', 215, '2023-01-06', '654 Oak St, Somewher'),
(87, '2023-01-18', 914, 'bit', 794, '2023-02-10', '654 Oak St, Somewher'),
(88, '2023-02-10', 327, 'Payments', 991, '2023-02-07', '654 Elm St, Anywhere'),
(89, '2023-01-25', 285, 'bit', 688, '2023-02-07', '789 Maple Rd, Nowher'),
(90, '2023-01-23', 610, 'Payments', 439, '2023-01-19', '654 Oak St, Somewher'),
(91, '2023-01-12', 507, 'bit', 532, '2023-02-03', '654 Elm St, Anywhere'),
(92, '2023-01-22', 786, 'Payments', 899, '2023-01-12', '321 Pine St, Everywh'),
(93, '2023-01-30', 801, 'bit', 797, '2023-01-06', '789 Maple Rd, Nowher'),
(94, '2023-02-11', 539, 'bit', 305, '2023-01-06', '654 Elm St, Anywhere'),
(95, '2023-01-07', 721, 'Payments', 589, '2023-01-13', '456 Oak Ave, Somewhe'),
(96, '2023-01-04', 149, 'Payments', 437, '2023-02-14', '321 Pine St, Everywh'),
(97, '2023-02-05', 185, 'Payments', 540, '2023-01-20', '456 Oak Ave, Somewhe'),
(98, '2023-01-06', 84, 'bit', 490, '2023-01-14', '456 Oak Ave, Somewhe'),
(99, '2023-01-04', 239, 'bit', 202, '2023-01-22', '123 Main St, Anytown'),
(100, '2023-01-09', 918, 'bit', 679, '2023-01-01', '789 Maple Rd, Nowher'),
(101, '2023-01-24', 49, 'Payments', 497, '2023-01-21', '123 Main St, Anytown'),
(102, '2023-02-10', 745, 'Payments', 262, '2023-01-05', '123 Main St, Anytown'),
(103, '2023-02-08', 384, 'bank transfer', 104, '2023-02-09', '987 Cedar Ave, Nowhe'),
(104, '2023-02-03', 352, 'bank transfer', 270, '2023-01-13', '789 Maple Rd, Nowher'),
(105, '2023-02-11', 422, 'bit', 737, '2023-01-11', '654 Oak St, Somewher'),
(106, '2023-01-26', 7, 'bank transfer', 474, '2023-02-07', '654 Oak St, Somewher'),
(107, '2023-01-10', 470, 'bank transfer', 955, '2023-01-28', '987 Cedar Ave, Nowhe'),
(108, '2023-01-08', 583, 'bank transfer', 840, '2023-01-20', '654 Elm St, Anywhere'),
(109, '2023-01-09', 923, 'bit', 119, '2023-01-20', '456 Oak Ave, Somewhe'),
(110, '2023-02-11', 696, 'bank transfer', 668, '2023-02-03', '654 Oak St, Somewher'),
(111, '2023-01-21', 783, 'bit', 63, '2023-01-26', '123 Main St, Anytown'),
(112, '2023-01-29', 816, 'bit', 858, '2023-02-09', '456 Oak Ave, Somewhe'),
(113, '2023-02-09', 583, 'bit', 349, '2023-01-17', '654 Oak St, Somewher'),
(114, '2023-01-31', 94, 'bank transfer', 853, '2023-01-11', '654 Elm St, Anywhere'),
(115, '2023-02-11', 809, 'bank transfer', 743, '2023-01-02', '987 Cedar Ave, Nowhe'),
(116, '2023-01-03', 212, 'Payments', 128, '2023-02-15', '456 Oak Ave, Somewhe'),
(117, '2023-02-10', 894, 'Payments', 69, '2023-02-04', '987 Cedar Ave, Nowhe'),
(118, '2023-01-13', 6, 'bit', 544, '2023-01-19', '789 Maple Rd, Nowher'),
(119, '2023-01-23', 840, 'bit', 487, '2023-02-02', '654 Oak St, Somewher'),
(120, '2023-01-18', 70, 'bank transfer', 372, '2023-01-06', '789 Maple Rd, Nowher'),
(121, '2023-02-10', 715, 'bank transfer', 264, '2023-01-19', '987 Cedar Ave, Nowhe'),
(122, '2023-01-29', 954, 'bank transfer', 489, '2023-01-02', '789 Maple Rd, Nowher'),
(123, '2023-02-01', 400, 'bank transfer', 234, '2023-03-31', 'wegwe'),
(124, '2023-01-19', 960, 'Payments', 168, '2023-02-03', '123 Main St, Anytown'),
(125, '2023-02-11', 97, 'bit', 671, '2023-01-31', '123 Main St, Anytown'),
(126, '2023-01-20', 315, 'bank transfer', 524, '2023-01-24', '321 Pine St, Everywh'),
(127, '2023-01-08', 588, 'bank transfer', 922, '2023-01-22', '654 Oak St, Somewher'),
(128, '2023-02-04', 177, 'bank transfer', 561, '2023-01-06', '123 Main St, Anytown'),
(129, '2023-01-10', 926, 'bit', 312, '2023-02-04', '987 Cedar Ave, Nowhe'),
(130, '2023-01-12', 209, 'bit', 187, '2023-01-23', '456 Oak Ave, Somewhe'),
(131, '2023-01-26', 845, 'bank transfer', 802, '2023-01-02', '654 Elm St, Anywhere'),
(132, '2023-01-09', 336, 'bit', 850, '2023-01-10', '456 Oak Ave, Somewhe'),
(133, '2023-01-22', 216, 'Payments', 570, '2023-01-03', '123 Main St, Anytown'),
(134, '2023-02-03', 868, 'Payments', 273, '2023-01-20', '456 Oak Ave, Somewhe'),
(135, '2023-01-14', 997, 'Payments', 108, '2023-01-01', '321 Pine St, Everywh'),
(136, '2023-01-09', 11, 'Payments', 962, '2023-01-15', '987 Cedar Ave, Nowhe'),
(137, '2023-02-03', 76, 'bit', 174, '2023-01-20', '321 Pine St, Everywh'),
(138, '2023-01-04', 329, 'Payments', 948, '2023-01-02', '789 Maple Rd, Nowher'),
(139, '2023-01-01', 792, 'bit', 330, '2023-01-19', '654 Oak St, Somewher'),
(140, '2023-01-14', 129, 'Payments', 59, '2023-01-06', '321 Pine St, Everywh'),
(141, '2023-01-26', 540, 'Payments', 975, '2023-01-25', '123 Main St, Anytown'),
(142, '2023-02-02', 576, 'bank transfer', 778, '2023-01-11', '654 Oak St, Somewher'),
(143, '2023-01-24', 31, 'Payments', 177, '2023-01-23', '987 Cedar Ave, Nowhe'),
(144, '2023-01-24', 505, 'Payments', 794, '2023-01-11', '654 Oak St, Somewher'),
(145, '2023-02-12', 133, 'Payments', 98, '2023-01-14', '123 Main St, Anytown'),
(146, '2023-01-06', 223, 'Payments', 756, '2023-01-12', '987 Cedar Ave, Nowhe'),
(147, '2023-01-29', 637, 'Payments', 1, '2023-01-27', '456 Oak Ave, Somewhe'),
(148, '2023-01-07', 457, 'bit', 963, '2023-01-15', '654 Oak St, Somewher'),
(149, '2023-01-11', 652, 'bit', 672, '2023-01-04', '654 Oak St, Somewher'),
(150, '2023-01-02', 98, 'Payments', 881, '2023-01-13', '789 Maple Rd, Nowher'),
(151, '2023-01-09', 542, 'Payments', 375, '2023-02-01', '987 Cedar Ave, Nowhe'),
(152, '2023-02-13', 874, 'Payments', 850, '2023-01-04', '456 Oak Ave, Somewhe'),
(153, '2023-02-13', 975, 'bank transfer', 341, '2023-01-25', '123 Main St, Anytown'),
(154, '2023-01-01', 519, 'bit', 458, '2023-01-24', '321 Pine St, Everywh'),
(155, '2023-01-10', 43, 'bank transfer', 881, '2023-02-09', '321 Pine St, Everywh'),
(156, '2023-01-27', 403, 'bit', 503, '2023-02-15', '321 Pine St, Everywh'),
(157, '2023-01-11', 64, 'Payments', 299, '2023-01-19', '789 Maple Rd, Nowher'),
(158, '2023-01-15', 846, 'bit', 255, '2023-02-07', '654 Oak St, Somewher'),
(159, '2023-01-07', 784, 'bit', 483, '2023-01-20', '654 Oak St, Somewher'),
(160, '2023-02-03', 938, 'bit', 774, '2023-02-04', '654 Oak St, Somewher'),
(161, '2023-02-01', 233, 'Payments', 816, '2023-01-23', '456 Oak Ave, Somewhe'),
(162, '2023-02-06', 206, 'bit', 330, '2023-02-04', '987 Cedar Ave, Nowhe'),
(163, '2023-01-29', 152, 'Payments', 541, '2023-02-15', '654 Oak St, Somewher'),
(164, '2023-01-26', 174, 'bank transfer', 65, '2023-02-04', '321 Pine St, Everywh'),
(165, '2023-01-29', 676, 'bank transfer', 525, '2023-01-05', '654 Elm St, Anywhere'),
(166, '2023-01-15', 185, 'bit', 589, '2023-01-02', '987 Cedar Ave, Nowhe'),
(167, '2023-01-30', 598, 'Payments', 456, '2023-02-02', '987 Cedar Ave, Nowhe'),
(168, '2023-02-02', 773, 'bit', 573, '2023-01-02', '987 Cedar Ave, Nowhe'),
(169, '2023-01-18', 544, 'Payments', 402, '2023-01-23', '654 Oak St, Somewher'),
(170, '2023-01-09', 495, 'bit', 804, '2023-01-21', '789 Maple Rd, Nowher'),
(171, '2023-02-12', 589, 'Payments', 610, '2023-01-21', '123 Main St, Anytown'),
(172, '2023-01-25', 793, 'bank transfer', 70, '2023-01-16', '321 Pine St, Everywh'),
(173, '2023-01-10', 830, 'Payments', 823, '2023-01-08', '321 Pine St, Everywh'),
(174, '2023-01-23', 287, 'bank transfer', 311, '2023-01-13', '987 Cedar Ave, Nowhe'),
(175, '2023-01-27', 477, 'Payments', 82, '2023-02-13', '987 Cedar Ave, Nowhe'),
(176, '2023-02-16', 262, 'bit', 475, '2023-01-17', '654 Oak St, Somewher'),
(177, '2023-02-05', 487, 'Payments', 784, '2023-01-08', '123 Main St, Anytown'),
(178, '2023-01-06', 909, 'bit', 41, '2023-02-04', '123 Main St, Anytown'),
(179, '2023-02-08', 287, 'bit', 388, '2023-02-13', '321 Pine St, Everywh'),
(180, '2023-01-13', 159, 'Payments', 479, '2023-02-13', '789 Maple Rd, Nowher'),
(181, '2023-01-09', 134, 'Payments', 756, '2023-02-08', '654 Elm St, Anywhere'),
(182, '2023-01-31', 517, 'bank transfer', 174, '2023-02-10', '456 Oak Ave, Somewhe'),
(183, '2023-01-11', 339, 'bank transfer', 199, '2023-01-11', '321 Pine St, Everywh'),
(184, '2023-01-16', 178, 'bit', 459, '2023-01-16', '654 Elm St, Anywhere'),
(185, '2023-02-03', 806, 'bank transfer', 700, '2023-01-29', '456 Oak Ave, Somewhe'),
(186, '2023-02-09', 963, 'bank transfer', 972, '2023-01-11', '987 Cedar Ave, Nowhe'),
(187, '2023-01-31', 669, 'bit', 637, '2023-02-08', '654 Oak St, Somewher'),
(188, '2023-01-15', 288, 'bank transfer', 52, '2023-01-18', '456 Oak Ave, Somewhe'),
(189, '2023-02-02', 550, 'bank transfer', 738, '2023-02-10', '654 Oak St, Somewher'),
(190, '2023-01-12', 917, 'bank transfer', 975, '2023-02-05', '321 Pine St, Everywh'),
(191, '2023-02-10', 271, 'bit', 168, '2023-01-14', '123 Main St, Anytown'),
(192, '2023-01-09', 530, 'Payments', 644, '2023-02-07', '321 Pine St, Everywh'),
(193, '2023-01-18', 647, 'bank transfer', 397, '2023-01-17', '654 Oak St, Somewher'),
(194, '2023-01-21', 832, 'bit', 124, '2023-01-14', '987 Cedar Ave, Nowhe'),
(195, '2023-02-06', 34, 'bank transfer', 554, '2023-02-09', '456 Oak Ave, Somewhe'),
(196, '2023-01-09', 348, 'bit', 917, '2023-01-24', '321 Pine St, Everywh'),
(197, '2023-01-15', 144, 'bit', 864, '2023-01-23', '654 Elm St, Anywhere'),
(198, '2023-01-24', 754, 'bit', 644, '2023-01-05', '456 Oak Ave, Somewhe'),
(199, '2023-01-26', 982, 'bit', 798, '2023-01-10', '123 Main St, Anytown'),
(200, '2023-01-10', 228, 'Payments', 487, '2023-01-12', '654 Elm St, Anywhere'),
(201, '2023-01-19', 49, 'bit', 699, '2023-01-08', '654 Elm St, Anywhere'),
(202, '2023-01-27', 183, 'bit', 997, '2023-02-13', '456 Oak Ave, Somewhe'),
(203, '2023-01-13', 349, 'bank transfer', 709, '2023-01-15', '987 Cedar Ave, Nowhe'),
(204, '2023-02-09', 766, 'bank transfer', 18, '2023-02-16', '987 Cedar Ave, Nowhe'),
(205, '2023-01-04', 909, 'Payments', 263, '2023-01-04', '654 Elm St, Anywhere'),
(206, '2023-01-07', 848, 'bit', 282, '2023-02-10', '456 Oak Ave, Somewhe'),
(207, '2023-01-22', 819, 'bit', 463, '2023-02-08', '456 Oak Ave, Somewhe'),
(208, '2023-01-20', 360, 'bit', 39, '2023-02-13', '789 Maple Rd, Nowher'),
(209, '2023-01-27', 193, 'bit', 911, '2023-01-01', '456 Oak Ave, Somewhe'),
(210, '2023-01-20', 610, 'Payments', 60, '2023-01-11', '321 Pine St, Everywh'),
(211, '2023-01-25', 248, 'Payments', 801, '2023-01-24', '654 Oak St, Somewher'),
(212, '2023-02-06', 702, 'Payments', 877, '2023-02-03', '123 Main St, Anytown'),
(213, '2023-01-24', 602, 'Payments', 617, '2023-01-23', '321 Pine St, Everywh'),
(214, '2023-01-14', 878, 'bit', 119, '2023-01-31', '654 Oak St, Somewher'),
(215, '2023-01-03', 288, 'bit', 933, '2023-02-07', '654 Elm St, Anywhere'),
(216, '2023-01-11', 944, 'bit', 818, '2023-02-03', '456 Oak Ave, Somewhe'),
(217, '2023-02-01', 213, 'Payments', 177, '2023-01-10', '654 Oak St, Somewher'),
(218, '2023-01-30', 693, 'bank transfer', 50, '2023-02-15', '321 Pine St, Everywh'),
(219, '2023-01-22', 396, 'bit', 589, '2023-01-13', '654 Oak St, Somewher'),
(220, '2023-01-04', 62, 'bank transfer', 607, '2023-02-01', '654 Oak St, Somewher'),
(221, '2023-02-14', 738, 'bit', 885, '2023-02-08', '654 Oak St, Somewher'),
(222, '2023-01-31', 59, 'bank transfer', 701, '2023-01-11', '654 Elm St, Anywhere'),
(223, '2023-01-25', 644, 'bit', 27, '2023-01-09', '789 Maple Rd, Nowher'),
(224, '2023-02-11', 999, 'Payments', 340, '2023-01-19', '987 Cedar Ave, Nowhe'),
(225, '2023-02-08', 30, 'bit', 902, '2023-02-11', '789 Maple Rd, Nowher'),
(226, '2023-02-06', 660, 'Payments', 890, '2023-01-10', '987 Cedar Ave, Nowhe'),
(227, '2023-02-08', 867, 'Payments', 246, '2023-01-14', '456 Oak Ave, Somewhe'),
(228, '2023-02-12', 155, 'bit', 87, '2023-01-23', '654 Elm St, Anywhere'),
(229, '2023-01-11', 252, 'bank transfer', 529, '2023-01-03', '654 Elm St, Anywhere'),
(230, '2023-01-28', 258, 'bank transfer', 12, '2023-01-27', '789 Maple Rd, Nowher'),
(231, '2023-01-13', 706, 'Payments', 19, '2023-01-20', '654 Oak St, Somewher'),
(232, '2023-01-25', 541, 'bit', 456, '2023-01-07', '789 Maple Rd, Nowher'),
(233, '2023-02-01', 674, 'bit', 330, '2023-01-03', '654 Elm St, Anywhere'),
(234, '2023-01-28', 43, 'Payments', 367, '2023-01-02', '987 Cedar Ave, Nowhe'),
(235, '2023-02-09', 241, 'bit', 829, '2023-01-09', '321 Pine St, Everywh'),
(236, '2023-01-19', 430, 'bank transfer', 543, '2023-01-25', '654 Elm St, Anywhere'),
(237, '2023-02-12', 30, 'bank transfer', 316, '2023-01-27', '654 Oak St, Somewher'),
(238, '2023-02-05', 862, 'Payments', 180, '2023-01-28', '654 Elm St, Anywhere'),
(239, '2023-01-12', 866, 'bit', 179, '2023-01-10', '123 Main St, Anytown'),
(240, '2023-02-02', 902, 'bank transfer', 818, '2023-02-16', '654 Elm St, Anywhere'),
(241, '2023-02-15', 411, 'Payments', 630, '2023-01-01', '123 Main St, Anytown'),
(242, '2023-01-13', 431, 'Payments', 724, '2023-01-23', '123 Main St, Anytown'),
(243, '2023-01-20', 288, 'bit', 628, '2023-02-03', '654 Elm St, Anywhere'),
(244, '2023-02-02', 203, 'Payments', 3, '2023-01-02', '321 Pine St, Everywh'),
(245, '2023-01-04', 484, 'bank transfer', 614, '2023-02-12', '987 Cedar Ave, Nowhe'),
(246, '2023-01-16', 108, 'bank transfer', 84, '2023-01-04', '987 Cedar Ave, Nowhe'),
(247, '2023-02-16', 642, 'bank transfer', 497, '2023-01-25', '789 Maple Rd, Nowher'),
(248, '2023-02-10', 472, 'bank transfer', 224, '2023-01-28', '654 Oak St, Somewher'),
(249, '2023-01-30', 39, 'Payments', 621, '2023-02-16', '987 Cedar Ave, Nowhe'),
(250, '2023-02-08', 608, 'bank transfer', 898, '2023-01-05', '456 Oak Ave, Somewhe'),
(251, '2023-01-12', 373, 'bit', 618, '2023-01-15', '987 Cedar Ave, Nowhe'),
(252, '2023-02-11', 284, 'Payments', 607, '2023-02-06', '789 Maple Rd, Nowher'),
(253, '2023-01-15', 434, 'bit', 681, '2023-01-21', '321 Pine St, Everywh'),
(254, '2023-02-13', 308, 'bit', 438, '2023-01-16', '789 Maple Rd, Nowher'),
(255, '2023-01-01', 301, 'Payments', 871, '2023-01-14', '654 Elm St, Anywhere'),
(256, '2023-01-23', 832, 'bank transfer', 757, '2023-01-18', '654 Elm St, Anywhere'),
(257, '2023-01-15', 972, 'Payments', 293, '2023-01-01', '123 Main St, Anytown'),
(258, '2023-01-16', 58, 'bank transfer', 997, '2023-02-04', '789 Maple Rd, Nowher'),
(259, '2023-01-22', 931, 'bank transfer', 387, '2023-02-15', '123 Main St, Anytown'),
(260, '2023-01-24', 518, 'bit', 492, '2023-01-05', '789 Maple Rd, Nowher'),
(261, '2023-01-22', 870, 'bit', 50, '2023-02-09', '321 Pine St, Everywh'),
(262, '2023-02-07', 823, 'Payments', 556, '2023-02-08', '789 Maple Rd, Nowher'),
(263, '2023-02-01', 622, 'Payments', 447, '2023-01-28', '123 Main St, Anytown'),
(264, '2023-01-16', 779, 'bank transfer', 975, '2023-01-02', '654 Elm St, Anywhere'),
(265, '2023-01-10', 498, 'bank transfer', 716, '2023-02-14', '789 Maple Rd, Nowher'),
(266, '2023-01-06', 625, 'bit', 819, '2023-01-24', '654 Elm St, Anywhere'),
(267, '2023-01-13', 785, 'Payments', 928, '2023-02-16', '789 Maple Rd, Nowher'),
(268, '2023-02-03', 101, 'bank transfer', 982, '2023-02-12', '321 Pine St, Everywh'),
(269, '2023-01-10', 863, 'Payments', 384, '2023-01-24', '789 Maple Rd, Nowher'),
(270, '2023-01-02', 431, 'Payments', 430, '2023-01-16', '789 Maple Rd, Nowher'),
(271, '2023-02-14', 895, 'bit', 640, '2023-01-30', '789 Maple Rd, Nowher'),
(272, '2023-02-07', 581, 'Payments', 247, '2023-01-29', '987 Cedar Ave, Nowhe'),
(273, '2023-01-01', 440, 'bank transfer', 499, '2023-01-23', '654 Oak St, Somewher'),
(274, '2023-02-14', 548, 'Payments', 732, '2023-01-12', '123 Main St, Anytown'),
(275, '2023-02-11', 807, 'bank transfer', 282, '2023-01-23', '789 Maple Rd, Nowher'),
(276, '2023-02-10', 718, 'bit', 463, '2023-02-03', '987 Cedar Ave, Nowhe'),
(277, '2023-02-05', 324, 'Payments', 89, '2023-02-06', '654 Oak St, Somewher'),
(278, '2023-02-03', 507, 'bit', 541, '2023-01-30', '654 Elm St, Anywhere'),
(279, '2023-01-08', 766, 'bit', 416, '2023-01-16', '456 Oak Ave, Somewhe'),
(280, '2023-01-19', 274, 'bank transfer', 687, '2023-01-03', '123 Main St, Anytown'),
(281, '2023-01-03', 92, 'Payments', 746, '2023-01-06', '654 Elm St, Anywhere'),
(282, '2023-02-07', 643, 'bit', 632, '2023-01-23', '789 Maple Rd, Nowher'),
(283, '2023-01-11', 301, 'Payments', 799, '2023-01-19', '123 Main St, Anytown'),
(284, '2023-01-11', 986, 'bit', 712, '2023-01-16', '789 Maple Rd, Nowher'),
(285, '2023-01-14', 715, 'Payments', 538, '2023-01-11', '654 Oak St, Somewher'),
(286, '2023-02-06', 962, 'bit', 385, '2023-02-13', '654 Elm St, Anywhere'),
(287, '2023-01-12', 889, 'Payments', 117, '2023-01-19', '789 Maple Rd, Nowher'),
(288, '2023-02-16', 932, 'Payments', 845, '2023-02-08', '654 Elm St, Anywhere'),
(289, '2023-01-15', 463, 'Payments', 841, '2023-02-02', '321 Pine St, Everywh'),
(290, '2023-01-21', 891, 'bit', 260, '2023-01-05', '987 Cedar Ave, Nowhe'),
(291, '2023-01-27', 467, 'Payments', 471, '2023-01-14', '456 Oak Ave, Somewhe'),
(292, '2023-01-07', 413, 'bit', 816, '2023-02-08', '456 Oak Ave, Somewhe'),
(293, '2023-01-15', 771, 'bit', 739, '2023-01-01', '654 Oak St, Somewher'),
(294, '2023-01-28', 539, 'Payments', 395, '2023-02-03', '987 Cedar Ave, Nowhe'),
(295, '2023-02-09', 637, 'bank transfer', 82, '2023-01-07', '456 Oak Ave, Somewhe'),
(296, '2023-01-03', 167, 'bit', 57, '2023-01-26', '987 Cedar Ave, Nowhe'),
(297, '2023-01-12', 860, 'Payments', 906, '2023-01-02', '789 Maple Rd, Nowher'),
(298, '2023-01-12', 491, 'bank transfer', 370, '2023-02-02', '123 Main St, Anytown'),
(299, '2023-02-01', 444, 'bit', 835, '2023-01-02', '654 Oak St, Somewher'),
(300, '2023-01-03', 345, 'bit', 526, '2023-01-19', '654 Elm St, Anywhere'),
(301, '2023-02-04', 734, 'Payments', 49, '2023-01-11', '456 Oak Ave, Somewhe'),
(302, '2023-02-07', 865, 'Payments', 591, '2023-01-17', '456 Oak Ave, Somewhe'),
(303, '2023-01-05', 488, 'Payments', 560, '2023-01-13', '987 Cedar Ave, Nowhe'),
(304, '2023-01-16', 591, 'Payments', 379, '2023-01-15', '321 Pine St, Everywh'),
(305, '2023-02-08', 578, 'bank transfer', 698, '2023-01-30', '654 Elm St, Anywhere'),
(306, '2023-01-31', 861, 'Payments', 923, '2023-01-26', '987 Cedar Ave, Nowhe'),
(307, '2023-01-20', 926, 'bit', 941, '2023-02-12', '321 Pine St, Everywh'),
(308, '2023-01-21', 219, 'bit', 784, '2023-02-15', '456 Oak Ave, Somewhe'),
(309, '2023-01-21', 701, 'bank transfer', 591, '2023-01-31', '654 Oak St, Somewher'),
(310, '2023-02-02', 105, 'bit', 241, '2023-01-19', '456 Oak Ave, Somewhe'),
(311, '2023-01-26', 895, 'bit', 899, '2023-02-04', '321 Pine St, Everywh'),
(312, '2023-02-01', 670, 'bank transfer', 390, '2023-01-17', '321 Pine St, Everywh'),
(313, '2023-01-16', 26, 'bit', 877, '2023-01-21', '654 Elm St, Anywhere'),
(314, '2023-01-29', 543, 'Payments', 520, '2023-01-31', '789 Maple Rd, Nowher'),
(315, '2023-01-16', 621, 'Payments', 78, '2023-02-03', '456 Oak Ave, Somewhe'),
(316, '2023-01-09', 981, 'bank transfer', 350, '2023-01-29', '123 Main St, Anytown'),
(317, '2023-01-14', 694, 'Payments', 944, '2023-01-04', '456 Oak Ave, Somewhe'),
(318, '2023-01-25', 782, 'bit', 178, '2023-01-09', '987 Cedar Ave, Nowhe'),
(319, '2023-01-11', 971, 'bit', 618, '2023-01-01', '654 Elm St, Anywhere'),
(320, '2023-01-29', 543, 'Payments', 866, '2023-02-16', '789 Maple Rd, Nowher'),
(321, '2023-01-09', 957, 'bit', 362, '2023-01-29', '456 Oak Ave, Somewhe'),
(322, '2023-02-01', 682, 'Payments', 429, '2023-02-11', '789 Maple Rd, Nowher'),
(323, '2023-01-10', 482, 'bit', 495, '2023-01-19', '321 Pine St, Everywh'),
(324, '2023-01-14', 866, 'Payments', 765, '2023-02-05', '123 Main St, Anytown'),
(325, '2023-01-14', 884, 'bit', 526, '2023-01-06', '789 Maple Rd, Nowher'),
(326, '2023-02-05', 161, 'bank transfer', 120, '2023-01-21', '321 Pine St, Everywh'),
(327, '2023-01-13', 894, 'bit', 237, '2023-02-13', '123 Main St, Anytown'),
(328, '2023-01-06', 330, 'bank transfer', 272, '2023-02-05', '654 Oak St, Somewher'),
(329, '2023-02-08', 871, 'Payments', 740, '2023-02-16', '987 Cedar Ave, Nowhe'),
(330, '2023-02-07', 669, 'bit', 340, '2023-01-10', '789 Maple Rd, Nowher'),
(331, '2023-01-06', 411, 'bank transfer', 955, '2023-01-03', '987 Cedar Ave, Nowhe'),
(332, '2023-02-14', 421, 'Payments', 595, '2023-01-15', '321 Pine St, Everywh'),
(333, '2023-02-16', 38, 'bank transfer', 493, '2023-01-07', '321 Pine St, Everywh'),
(334, '2023-01-21', 934, 'bank transfer', 730, '2023-01-22', '987 Cedar Ave, Nowhe'),
(335, '2023-01-12', 635, 'bit', 169, '2023-01-24', '123 Main St, Anytown'),
(336, '2023-02-16', 975, 'Payments', 661, '2023-01-06', '456 Oak Ave, Somewhe'),
(337, '2023-01-31', 626, 'bank transfer', 596, '2023-01-24', '654 Elm St, Anywhere'),
(338, '2023-01-05', 781, 'bit', 119, '2023-01-26', '654 Oak St, Somewher'),
(339, '2023-01-23', 421, 'bit', 983, '2023-01-31', '654 Oak St, Somewher'),
(340, '2023-01-10', 341, 'bank transfer', 577, '2023-01-05', '654 Oak St, Somewher'),
(341, '2023-01-18', 449, 'bank transfer', 416, '2023-02-04', '654 Elm St, Anywhere'),
(342, '2023-01-24', 83, 'bit', 673, '2023-02-01', '654 Oak St, Somewher'),
(343, '2023-01-09', 335, 'bit', 478, '2023-02-02', '789 Maple Rd, Nowher'),
(344, '2023-01-07', 888, 'bit', 57, '2023-01-22', '123 Main St, Anytown'),
(345, '2023-01-21', 487, 'bank transfer', 935, '2023-02-10', '321 Pine St, Everywh'),
(346, '2023-01-04', 590, 'bit', 201, '2023-01-22', '654 Elm St, Anywhere'),
(347, '2023-02-11', 540, 'bit', 642, '2023-01-27', '789 Maple Rd, Nowher'),
(348, '2023-02-06', 111, 'bit', 508, '2023-01-19', '321 Pine St, Everywh'),
(349, '2023-02-13', 244, 'bit', 348, '2023-02-16', '321 Pine St, Everywh'),
(350, '2023-01-15', 38, 'bit', 195, '2023-02-11', '123 Main St, Anytown'),
(351, '2023-01-24', 563, 'bank transfer', 13, '2023-01-23', '321 Pine St, Everywh'),
(352, '2023-02-01', 177, 'bank transfer', 924, '2023-01-17', '321 Pine St, Everywh'),
(353, '2023-01-25', 704, 'Payments', 381, '2023-01-15', '456 Oak Ave, Somewhe'),
(354, '2023-02-03', 713, 'bit', 201, '2023-01-04', '456 Oak Ave, Somewhe'),
(355, '2023-02-09', 755, 'bit', 174, '2023-01-02', '987 Cedar Ave, Nowhe'),
(356, '2023-01-30', 729, 'Payments', 723, '2023-01-12', '654 Elm St, Anywhere'),
(357, '2023-01-03', 862, 'bit', 787, '2023-01-01', '987 Cedar Ave, Nowhe'),
(358, '2023-02-14', 650, 'bit', 318, '2023-02-16', '789 Maple Rd, Nowher'),
(359, '2023-01-15', 4, 'Payments', 78, '2023-02-15', '654 Elm St, Anywhere'),
(360, '2023-01-08', 356, 'Payments', 197, '2023-02-09', '321 Pine St, Everywh'),
(361, '2023-02-06', 44, 'bit', 834, '2023-01-08', '456 Oak Ave, Somewhe'),
(362, '2023-01-03', 982, 'Payments', 259, '2023-02-15', '987 Cedar Ave, Nowhe'),
(363, '2023-01-11', 313, 'Payments', 704, '2023-01-03', '654 Oak St, Somewher'),
(364, '2023-01-05', 746, 'bank transfer', 966, '2023-01-10', '654 Oak St, Somewher'),
(365, '2023-02-16', 857, 'Payments', 75, '2023-02-11', '789 Maple Rd, Nowher'),
(366, '2023-01-12', 106, 'Payments', 894, '2023-01-07', '789 Maple Rd, Nowher'),
(367, '2023-01-17', 638, 'Payments', 118, '2023-01-17', '654 Oak St, Somewher'),
(368, '2023-02-07', 681, 'bank transfer', 786, '2023-02-03', '654 Elm St, Anywhere'),
(369, '2023-02-13', 7, 'bank transfer', 519, '2023-01-01', '987 Cedar Ave, Nowhe'),
(370, '2023-01-22', 863, 'bit', 70, '2023-01-05', '789 Maple Rd, Nowher'),
(371, '2023-01-07', 838, 'bank transfer', 898, '2023-01-08', '654 Oak St, Somewher'),
(372, '2023-02-02', 367, 'bit', 97, '2023-01-25', '123 Main St, Anytown'),
(373, '2023-01-20', 524, 'bank transfer', 159, '2023-02-10', '456 Oak Ave, Somewhe'),
(374, '2023-02-01', 209, 'bank transfer', 842, '2023-01-14', '123 Main St, Anytown'),
(375, '2023-01-20', 11, 'bit', 378, '2023-02-03', '654 Elm St, Anywhere'),
(376, '2023-01-21', 854, 'Payments', 576, '2023-01-12', '987 Cedar Ave, Nowhe'),
(377, '2023-01-26', 118, 'bank transfer', 823, '2023-02-07', '456 Oak Ave, Somewhe'),
(378, '2023-02-16', 313, 'bank transfer', 72, '2023-02-12', '654 Oak St, Somewher'),
(379, '2023-01-02', 940, 'bit', 628, '2023-01-11', '789 Maple Rd, Nowher'),
(380, '2023-01-25', 980, 'bit', 648, '2023-02-01', '654 Elm St, Anywhere'),
(381, '2023-02-09', 254, 'bit', 165, '2023-01-17', '123 Main St, Anytown'),
(382, '2023-01-30', 808, 'bank transfer', 299, '2023-01-20', '654 Oak St, Somewher'),
(383, '2023-02-01', 361, 'bank transfer', 42, '2023-02-08', '456 Oak Ave, Somewhe'),
(384, '2023-02-11', 362, 'Payments', 416, '2023-01-16', '654 Oak St, Somewher'),
(385, '2023-01-04', 584, 'bank transfer', 117, '2023-02-02', '456 Oak Ave, Somewhe'),
(386, '2023-01-09', 980, 'Payments', 59, '2023-01-24', '789 Maple Rd, Nowher'),
(387, '2023-02-09', 36, 'bank transfer', 561, '2023-01-19', '789 Maple Rd, Nowher'),
(388, '2023-01-17', 430, 'bit', 711, '2023-01-24', '987 Cedar Ave, Nowhe'),
(389, '2023-02-08', 939, 'bank transfer', 307, '2023-01-09', '321 Pine St, Everywh'),
(390, '2023-01-24', 740, 'bank transfer', 693, '2023-02-15', '789 Maple Rd, Nowher'),
(391, '2023-01-31', 826, 'bit', 308, '2023-01-06', '654 Elm St, Anywhere'),
(392, '2023-01-21', 336, 'bank transfer', 176, '2023-01-06', '321 Pine St, Everywh'),
(393, '2023-02-04', 736, 'bank transfer', 3, '2023-01-01', '123 Main St, Anytown'),
(394, '2023-01-09', 123, 'bank transfer', 145, '2023-02-01', '654 Elm St, Anywhere'),
(395, '2023-01-25', 160, 'Payments', 573, '2023-01-13', '321 Pine St, Everywh'),
(396, '2023-02-13', 561, 'Payments', 427, '2023-01-06', '321 Pine St, Everywh'),
(397, '2023-01-24', 511, 'bank transfer', 89, '2023-01-20', '987 Cedar Ave, Nowhe'),
(398, '2023-02-02', 260, 'bank transfer', 853, '2023-01-05', '456 Oak Ave, Somewhe'),
(399, '2023-02-16', 761, 'Payments', 700, '2023-01-06', '123 Main St, Anytown'),
(400, '2023-02-08', 90, 'Payments', 257, '2023-01-16', '321 Pine St, Everywh'),
(401, '2023-02-05', 66, 'Payments', 608, '2023-01-28', '987 Cedar Ave, Nowhe'),
(402, '2023-01-14', 932, 'bank transfer', 74, '2023-01-26', '456 Oak Ave, Somewhe'),
(403, '2023-01-04', 718, 'Payments', 48, '2023-01-02', '987 Cedar Ave, Nowhe'),
(404, '2023-02-01', 203, 'bit', 940, '2023-01-16', '789 Maple Rd, Nowher'),
(405, '2023-01-22', 470, 'bank transfer', 192, '2023-01-14', '789 Maple Rd, Nowher'),
(406, '2023-01-03', 530, 'Payments', 31, '2023-01-31', '987 Cedar Ave, Nowhe'),
(407, '2023-02-16', 489, 'bit', 93, '2023-01-10', '987 Cedar Ave, Nowhe'),
(408, '2023-01-05', 658, 'Payments', 741, '2023-01-11', '789 Maple Rd, Nowher'),
(409, '2023-01-21', 830, 'Payments', 140, '2023-02-13', '123 Main St, Anytown'),
(410, '2023-01-11', 66, 'bit', 573, '2023-01-22', '654 Oak St, Somewher'),
(411, '2023-01-26', 649, 'bank transfer', 87, '2023-01-23', '456 Oak Ave, Somewhe'),
(412, '2023-01-10', 668, 'bit', 512, '2023-02-10', '123 Main St, Anytown'),
(413, '2023-01-25', 160, 'bit', 675, '2023-01-06', '987 Cedar Ave, Nowhe'),
(414, '2023-01-06', 950, 'Payments', 478, '2023-01-01', '456 Oak Ave, Somewhe'),
(415, '2023-02-07', 753, 'bank transfer', 416, '2023-01-06', '456 Oak Ave, Somewhe'),
(416, '2023-01-13', 324, 'Payments', 132, '2023-02-13', '321 Pine St, Everywh'),
(417, '2023-01-08', 905, 'bank transfer', 431, '2023-01-17', '987 Cedar Ave, Nowhe'),
(418, '2023-01-21', 933, 'Payments', 609, '2023-01-16', '654 Oak St, Somewher'),
(419, '2023-01-19', 390, 'bank transfer', 215, '2023-01-25', '654 Elm St, Anywhere'),
(420, '2023-02-13', 966, 'bank transfer', 586, '2023-02-11', '321 Pine St, Everywh'),
(421, '2023-02-07', 239, 'bit', 984, '2023-01-17', '654 Oak St, Somewher'),
(422, '2023-01-15', 923, 'bank transfer', 525, '2023-01-14', '123 Main St, Anytown'),
(423, '2023-02-11', 707, 'Payments', 911, '2023-02-06', '987 Cedar Ave, Nowhe'),
(424, '2023-01-13', 493, 'bank transfer', 21, '2023-02-10', '456 Oak Ave, Somewhe'),
(425, '2023-02-06', 735, 'bit', 43, '2023-02-13', '654 Elm St, Anywhere'),
(426, '2023-01-05', 368, 'Payments', 285, '2023-02-14', '789 Maple Rd, Nowher'),
(427, '2023-01-09', 748, 'bit', 283, '2023-01-15', '456 Oak Ave, Somewhe'),
(428, '2023-01-04', 214, 'bit', 64, '2023-01-15', '987 Cedar Ave, Nowhe'),
(429, '2023-02-07', 661, 'bit', 914, '2023-01-15', '654 Elm St, Anywhere'),
(430, '2023-01-04', 260, 'Payments', 42, '2023-01-30', '654 Elm St, Anywhere'),
(431, '2023-01-03', 634, 'Payments', 266, '2023-01-31', '456 Oak Ave, Somewhe'),
(432, '2023-01-16', 419, 'Payments', 94, '2023-01-24', '987 Cedar Ave, Nowhe'),
(433, '2023-01-23', 772, 'bit', 468, '2023-01-12', '789 Maple Rd, Nowher'),
(434, '2023-01-06', 651, 'bank transfer', 506, '2023-01-19', '321 Pine St, Everywh'),
(435, '2023-01-25', 548, 'Payments', 692, '2023-01-01', '654 Oak St, Somewher'),
(436, '2023-01-21', 387, 'Payments', 244, '2023-01-02', '654 Elm St, Anywhere'),
(437, '2023-01-10', 528, 'Payments', 622, '2023-01-12', '321 Pine St, Everywh'),
(438, '2023-01-15', 114, 'Payments', 735, '2023-01-28', '987 Cedar Ave, Nowhe'),
(439, '2023-01-07', 335, 'Payments', 920, '2023-02-01', '456 Oak Ave, Somewhe'),
(440, '2023-01-12', 4, 'bit', 431, '2023-01-16', '987 Cedar Ave, Nowhe'),
(441, '2023-01-26', 554, 'bit', 281, '2023-01-08', '654 Elm St, Anywhere'),
(442, '2023-02-16', 750, 'bit', 365, '2023-02-14', '987 Cedar Ave, Nowhe'),
(443, '2023-02-09', 919, 'Payments', 822, '2023-01-24', '123 Main St, Anytown'),
(444, '2023-01-31', 511, 'bit', 918, '2023-01-10', '456 Oak Ave, Somewhe'),
(445, '2023-02-15', 432, 'bank transfer', 771, '2023-02-03', '987 Cedar Ave, Nowhe'),
(446, '2023-01-11', 761, 'bit', 397, '2023-02-15', '123 Main St, Anytown'),
(447, '2023-01-05', 589, 'Payments', 516, '2023-01-17', '456 Oak Ave, Somewhe'),
(448, '2023-01-31', 217, 'bit', 904, '2023-01-27', '456 Oak Ave, Somewhe'),
(449, '2023-02-11', 47, 'bit', 325, '2023-01-16', '789 Maple Rd, Nowher'),
(450, '2023-01-04', 963, 'bank transfer', 397, '2023-01-20', '789 Maple Rd, Nowher'),
(451, '2023-02-14', 478, 'bit', 313, '2023-01-02', '654 Elm St, Anywhere'),
(452, '2023-01-05', 192, 'bank transfer', 720, '2023-01-20', '654 Elm St, Anywhere'),
(453, '2023-02-03', 787, 'bit', 549, '2023-02-01', '321 Pine St, Everywh'),
(454, '2023-01-14', 952, 'bit', 407, '2023-02-09', '987 Cedar Ave, Nowhe'),
(455, '2023-02-07', 592, 'bank transfer', 22, '2023-01-11', '123 Main St, Anytown'),
(456, '2023-02-06', 947, 'bank transfer', 706, '2023-01-22', '123 Main St, Anytown'),
(457, '2023-01-11', 582, 'Payments', 565, '2023-01-22', '321 Pine St, Everywh'),
(458, '2023-02-11', 53, 'bank transfer', 503, '2023-01-04', '654 Oak St, Somewher'),
(459, '2023-01-22', 102, 'bank transfer', 908, '2023-02-07', '654 Elm St, Anywhere'),
(460, '2023-01-16', 832, 'Payments', 977, '2023-02-07', '987 Cedar Ave, Nowhe'),
(461, '2023-01-05', 225, 'Payments', 66, '2023-01-16', '321 Pine St, Everywh'),
(462, '2023-01-29', 102, 'bit', 265, '2023-02-07', '789 Maple Rd, Nowher'),
(463, '2023-01-03', 574, 'bit', 868, '2023-01-11', '789 Maple Rd, Nowher'),
(464, '2023-02-15', 765, 'bank transfer', 316, '2023-01-07', '654 Oak St, Somewher'),
(465, '2023-01-15', 353, 'bank transfer', 183, '2023-02-05', '321 Pine St, Everywh'),
(466, '2023-02-09', 825, 'Payments', 86, '2023-02-05', '654 Oak St, Somewher'),
(467, '2023-01-31', 269, 'bank transfer', 265, '2023-01-28', '789 Maple Rd, Nowher'),
(468, '2023-02-02', 724, 'bank transfer', 873, '2023-01-16', '654 Elm St, Anywhere'),
(469, '2023-01-17', 742, 'Payments', 513, '2023-01-23', '321 Pine St, Everywh'),
(470, '2023-01-28', 313, 'bank transfer', 829, '2023-02-11', '654 Oak St, Somewher'),
(471, '2023-02-06', 614, 'bank transfer', 726, '2023-01-06', '789 Maple Rd, Nowher'),
(472, '2023-01-27', 292, 'Payments', 772, '2023-01-09', '789 Maple Rd, Nowher'),
(473, '2023-01-16', 87, 'Payments', 5, '2023-01-14', '123 Main St, Anytown'),
(474, '2023-02-15', 970, 'bit', 871, '2023-02-10', '789 Maple Rd, Nowher'),
(475, '2023-01-09', 518, 'Payments', 128, '2023-01-25', '321 Pine St, Everywh'),
(476, '2023-01-30', 962, 'Payments', 556, '2023-01-04', '654 Oak St, Somewher'),
(477, '2023-02-03', 840, 'bank transfer', 865, '2023-01-25', '789 Maple Rd, Nowher'),
(478, '2023-01-24', 182, 'Payments', 629, '2023-01-29', '123 Main St, Anytown'),
(479, '2023-02-03', 138, 'bank transfer', 609, '2023-01-20', '789 Maple Rd, Nowher'),
(480, '2023-02-09', 298, 'Payments', 517, '2023-01-15', '321 Pine St, Everywh'),
(481, '2023-01-07', 493, 'bank transfer', 985, '2023-01-09', '654 Oak St, Somewher'),
(482, '2023-02-16', 310, 'bank transfer', 792, '2023-02-15', '654 Oak St, Somewher'),
(483, '2023-02-10', 913, 'Payments', 624, '2023-02-14', '456 Oak Ave, Somewhe'),
(484, '2023-01-04', 787, 'Payments', 670, '2023-02-16', '123 Main St, Anytown'),
(485, '2023-02-13', 921, 'bit', 306, '2023-01-03', '123 Main St, Anytown'),
(486, '2023-02-07', 332, 'bank transfer', 805, '2023-01-03', '654 Oak St, Somewher'),
(487, '2023-02-10', 416, 'Payments', 285, '2023-01-05', '654 Elm St, Anywhere'),
(488, '2023-01-23', 731, 'bank transfer', 386, '2023-01-27', '456 Oak Ave, Somewhe'),
(489, '2023-02-10', 367, 'bank transfer', 355, '2023-01-24', '321 Pine St, Everywh'),
(490, '2023-01-18', 46, 'bit', 969, '2023-01-23', '654 Oak St, Somewher'),
(491, '2023-01-29', 956, 'bit', 202, '2023-01-06', '654 Elm St, Anywhere'),
(492, '2023-01-05', 833, 'Payments', 590, '2023-01-24', '987 Cedar Ave, Nowhe'),
(493, '2023-01-30', 776, 'Payments', 518, '2023-01-14', '987 Cedar Ave, Nowhe'),
(494, '2023-01-18', 462, 'bit', 877, '2023-01-23', '987 Cedar Ave, Nowhe'),
(495, '2023-01-12', 162, 'bank transfer', 937, '2023-01-17', '789 Maple Rd, Nowher'),
(496, '2023-01-20', 563, 'bank transfer', 9, '2023-01-08', '456 Oak Ave, Somewhe'),
(497, '2023-01-08', 303, 'bank transfer', 779, '2023-02-12', '456 Oak Ave, Somewhe'),
(498, '2023-01-30', 724, 'bank transfer', 920, '2023-01-24', '456 Oak Ave, Somewhe'),
(499, '2023-01-23', 687, 'bit', 180, '2023-01-21', '789 Maple Rd, Nowher'),
(500, '2023-01-06', 559, 'bank transfer', 576, '2023-02-12', '321 Pine St, Everywh'),
(501, '2023-01-14', 469, 'Payments', 83, '2023-01-02', '789 Maple Rd, Nowher'),
(502, '2023-01-01', 380, 'Payments', 652, '2023-02-08', '789 Maple Rd, Nowher'),
(503, '2023-01-05', 65, 'Payments', 919, '2023-01-05', '321 Pine St, Everywh'),
(504, '2023-02-07', 309, 'bit', 745, '2023-01-14', '654 Elm St, Anywhere'),
(505, '2023-02-11', 534, 'bank transfer', 169, '2023-01-29', '321 Pine St, Everywh'),
(506, '2023-02-16', 161, 'bit', 201, '2023-01-17', '654 Elm St, Anywhere'),
(507, '2023-01-19', 115, 'bit', 15, '2023-02-13', '987 Cedar Ave, Nowhe'),
(508, '2023-01-06', 859, 'bank transfer', 280, '2023-01-18', '654 Oak St, Somewher'),
(509, '2023-01-24', 893, 'Payments', 166, '2023-01-04', '987 Cedar Ave, Nowhe'),
(510, '2023-01-24', 431, 'Payments', 652, '2023-01-06', '123 Main St, Anytown'),
(511, '2023-01-16', 265, 'bit', 436, '2023-01-13', '654 Elm St, Anywhere'),
(512, '2023-01-30', 225, 'Payments', 211, '2023-02-11', '123 Main St, Anytown'),
(513, '2023-01-02', 104, 'bit', 670, '2023-02-02', '456 Oak Ave, Somewhe'),
(514, '2023-01-16', 123, 'bank transfer', 189, '2023-02-02', '654 Oak St, Somewher'),
(515, '2023-02-07', 263, 'bit', 348, '2023-02-14', '456 Oak Ave, Somewhe'),
(516, '2023-02-10', 483, 'Payments', 260, '2023-01-07', '789 Maple Rd, Nowher'),
(517, '2023-01-19', 925, 'bit', 41, '2023-02-01', '123 Main St, Anytown'),
(518, '2023-02-14', 839, 'bit', 419, '2023-01-03', '789 Maple Rd, Nowher'),
(519, '2023-01-18', 369, 'Payments', 529, '2023-01-03', '456 Oak Ave, Somewhe'),
(520, '2023-02-04', 425, 'bank transfer', 877, '2023-01-22', '654 Oak St, Somewher'),
(521, '2023-02-09', 111, 'bit', 871, '2023-02-01', '123 Main St, Anytown'),
(522, '2023-01-22', 57, 'bit', 987, '2023-01-28', '456 Oak Ave, Somewhe'),
(523, '2023-01-29', 870, 'bank transfer', 221, '2023-02-03', '321 Pine St, Everywh'),
(524, '2023-01-16', 762, 'Payments', 337, '2023-02-14', '789 Maple Rd, Nowher'),
(525, '2023-01-24', 693, 'Payments', 322, '2023-01-17', '123 Main St, Anytown'),
(526, '2023-01-18', 311, 'bank transfer', 14, '2023-01-14', '321 Pine St, Everywh'),
(527, '2023-01-30', 335, 'bank transfer', 524, '2023-02-08', '654 Elm St, Anywhere'),
(528, '2023-01-31', 32, 'bank transfer', 48, '2023-01-28', '789 Maple Rd, Nowher'),
(529, '2023-01-13', 425, 'bit', 767, '2023-02-16', '654 Elm St, Anywhere'),
(530, '2023-01-10', 771, 'Payments', 895, '2023-02-09', '123 Main St, Anytown'),
(531, '2023-01-21', 968, 'bit', 69, '2023-01-16', '654 Elm St, Anywhere'),
(532, '2023-01-29', 911, 'bit', 735, '2023-01-17', '123 Main St, Anytown'),
(533, '2023-01-12', 989, 'Payments', 266, '2023-01-07', '987 Cedar Ave, Nowhe'),
(534, '2023-01-13', 739, 'Payments', 713, '2023-02-09', '321 Pine St, Everywh'),
(535, '2023-02-11', 827, 'Payments', 180, '2023-01-16', '654 Oak St, Somewher'),
(536, '2023-01-14', 958, 'Payments', 451, '2023-01-18', '321 Pine St, Everywh'),
(537, '2023-02-10', 711, 'bit', 543, '2023-02-09', '456 Oak Ave, Somewhe'),
(538, '2023-01-11', 28, 'Payments', 653, '2023-02-06', '654 Oak St, Somewher'),
(539, '2023-01-10', 278, 'bank transfer', 427, '2023-02-07', '987 Cedar Ave, Nowhe'),
(540, '2023-01-04', 519, 'Payments', 410, '2023-02-07', '789 Maple Rd, Nowher'),
(541, '2023-02-15', 608, 'bank transfer', 96, '2023-01-09', '123 Main St, Anytown'),
(542, '2023-02-10', 869, 'Payments', 443, '2023-02-06', '123 Main St, Anytown'),
(543, '2023-01-07', 443, 'Payments', 338, '2023-02-07', '456 Oak Ave, Somewhe'),
(544, '2023-01-25', 324, 'bit', 359, '2023-02-11', '654 Elm St, Anywhere'),
(545, '2023-01-26', 352, 'bank transfer', 151, '2023-01-12', '123 Main St, Anytown'),
(546, '2023-01-31', 410, 'Payments', 987, '2023-01-23', '321 Pine St, Everywh'),
(547, '2023-01-26', 588, 'bank transfer', 742, '2023-01-15', '789 Maple Rd, Nowher'),
(548, '2023-02-08', 511, 'bit', 747, '2023-01-04', '789 Maple Rd, Nowher'),
(549, '2023-01-12', 839, 'bank transfer', 334, '2023-01-04', '654 Oak St, Somewher'),
(550, '2023-01-01', 216, 'bit', 288, '2023-01-09', '654 Elm St, Anywhere'),
(551, '2023-01-24', 370, 'bit', 250, '2023-01-03', '123 Main St, Anytown'),
(552, '2023-02-13', 918, 'Payments', 428, '2023-02-14', '789 Maple Rd, Nowher'),
(553, '2023-01-09', 197, 'bank transfer', 351, '2023-01-14', '456 Oak Ave, Somewhe'),
(554, '2023-01-28', 207, 'bank transfer', 313, '2023-01-31', '123 Main St, Anytown'),
(555, '2023-01-03', 139, 'bit', 176, '2023-01-28', '321 Pine St, Everywh'),
(556, '2023-02-16', 241, 'bank transfer', 295, '2023-01-15', '456 Oak Ave, Somewhe'),
(557, '2023-02-01', 757, 'bank transfer', 967, '2023-01-07', '321 Pine St, Everywh'),
(558, '2023-01-02', 8, 'bit', 820, '2023-02-02', '123 Main St, Anytown'),
(559, '2023-01-10', 258, 'bank transfer', 490, '2023-02-08', '321 Pine St, Everywh'),
(560, '2023-01-02', 318, 'bank transfer', 784, '2023-01-25', '321 Pine St, Everywh'),
(561, '2023-01-21', 660, 'bank transfer', 260, '2023-01-29', '654 Oak St, Somewher'),
(562, '2023-01-21', 539, 'bit', 128, '2023-01-11', '456 Oak Ave, Somewhe'),
(563, '2023-01-10', 744, 'bank transfer', 798, '2023-02-12', '789 Maple Rd, Nowher'),
(564, '2023-01-04', 773, 'bank transfer', 956, '2023-01-09', '321 Pine St, Everywh'),
(565, '2023-02-06', 899, 'Payments', 139, '2023-02-08', '987 Cedar Ave, Nowhe'),
(566, '2023-01-16', 657, 'bank transfer', 897, '2023-01-06', '654 Oak St, Somewher'),
(567, '2023-01-30', 649, 'Payments', 190, '2023-01-25', '321 Pine St, Everywh'),
(568, '2023-01-24', 986, 'bit', 0, '2023-01-26', '123 Main St, Anytown'),
(569, '2023-01-29', 156, 'Payments', 248, '2023-02-14', '654 Oak St, Somewher'),
(570, '2023-02-08', 360, 'Payments', 258, '2023-02-03', '789 Maple Rd, Nowher'),
(571, '2023-02-10', 285, 'Payments', 845, '2023-02-05', '789 Maple Rd, Nowher'),
(572, '2023-01-23', 408, 'Payments', 720, '2023-02-07', '456 Oak Ave, Somewhe'),
(573, '2023-01-31', 464, 'bit', 910, '2023-01-20', '123 Main St, Anytown'),
(574, '2023-01-27', 642, 'bank transfer', 496, '2023-01-27', '654 Elm St, Anywhere'),
(575, '2023-02-15', 75, 'bank transfer', 150, '2023-02-06', '456 Oak Ave, Somewhe'),
(576, '2023-01-12', 381, 'bit', 408, '2023-01-30', '456 Oak Ave, Somewhe'),
(577, '2023-01-27', 121, 'Payments', 495, '2023-01-01', '654 Oak St, Somewher'),
(578, '2023-01-23', 89, 'bit', 94, '2023-01-21', '321 Pine St, Everywh'),
(579, '2023-01-28', 900, 'bank transfer', 688, '2023-01-21', '456 Oak Ave, Somewhe'),
(580, '2023-02-07', 32, 'bit', 497, '2023-02-08', '456 Oak Ave, Somewhe'),
(581, '2023-02-10', 4, 'bank transfer', 295, '2023-02-05', '654 Oak St, Somewher'),
(582, '2023-01-10', 123, 'bank transfer', 297, '2023-01-10', '789 Maple Rd, Nowher'),
(583, '2023-01-16', 553, 'bit', 915, '2023-02-01', '654 Oak St, Somewher'),
(584, '2023-01-07', 47, 'Payments', 890, '2023-01-08', '789 Maple Rd, Nowher'),
(585, '2023-01-14', 402, 'bit', 284, '2023-01-28', '654 Elm St, Anywhere'),
(586, '2023-01-30', 556, 'bit', 369, '2023-02-03', '654 Oak St, Somewher'),
(587, '2023-02-06', 8, 'Payments', 597, '2023-02-03', '654 Oak St, Somewher'),
(588, '2023-01-20', 697, 'Payments', 476, '2023-01-02', '123 Main St, Anytown'),
(589, '2023-01-19', 355, 'Payments', 131, '2023-02-10', '654 Oak St, Somewher'),
(590, '2023-01-17', 696, 'bank transfer', 385, '2023-01-03', '321 Pine St, Everywh'),
(591, '2023-01-02', 846, 'bit', 944, '2023-01-04', '654 Elm St, Anywhere'),
(592, '2023-01-28', 963, 'bank transfer', 909, '2023-01-18', '789 Maple Rd, Nowher'),
(593, '2023-01-01', 15, 'Payments', 301, '2023-02-11', '456 Oak Ave, Somewhe'),
(594, '2023-02-05', 898, 'bit', 482, '2023-01-09', '123 Main St, Anytown'),
(595, '2023-01-13', 74, 'Payments', 814, '2023-01-19', '321 Pine St, Everywh'),
(596, '2023-01-17', 307, 'bit', 531, '2023-01-30', '789 Maple Rd, Nowher'),
(597, '2023-01-30', 523, 'bit', 617, '2023-02-05', '654 Elm St, Anywhere'),
(598, '2023-02-09', 872, 'bank transfer', 509, '2023-01-28', '456 Oak Ave, Somewhe'),
(599, '2023-02-01', 465, 'Payments', 182, '2023-02-12', '321 Pine St, Everywh'),
(600, '2023-02-02', 284, 'bit', 5, '2023-02-08', '123 Main St, Anytown'),
(601, '2023-01-06', 239, 'bank transfer', 727, '2023-02-03', '654 Oak St, Somewher'),
(602, '2023-01-22', 993, 'Payments', 219, '2023-01-31', '987 Cedar Ave, Nowhe'),
(603, '2023-01-28', 355, 'bit', 915, '2023-01-08', '654 Elm St, Anywhere'),
(604, '2023-01-25', 171, 'Payments', 676, '2023-01-04', '123 Main St, Anytown'),
(605, '2023-02-03', 633, 'bit', 300, '2023-01-30', '654 Elm St, Anywhere'),
(606, '2023-01-02', 810, 'bit', 561, '2023-01-21', '654 Oak St, Somewher'),
(607, '2023-01-07', 169, 'bit', 819, '2023-01-29', '123 Main St, Anytown'),
(608, '2023-01-08', 93, 'bit', 830, '2023-02-11', '321 Pine St, Everywh'),
(609, '2023-02-06', 984, 'bank transfer', 899, '2023-01-27', '987 Cedar Ave, Nowhe'),
(610, '2023-01-13', 165, 'Payments', 318, '2023-01-22', '789 Maple Rd, Nowher'),
(611, '2023-01-02', 986, 'bit', 905, '2023-02-16', '456 Oak Ave, Somewhe'),
(612, '2023-01-11', 241, 'bank transfer', 649, '2023-01-26', '321 Pine St, Everywh'),
(613, '2023-02-16', 516, 'bank transfer', 528, '2023-01-26', '321 Pine St, Everywh'),
(614, '2023-02-12', 988, 'bank transfer', 124, '2023-01-12', '456 Oak Ave, Somewhe'),
(615, '2023-01-06', 157, 'bit', 418, '2023-01-14', '123 Main St, Anytown'),
(616, '2023-02-06', 725, 'bit', 412, '2023-02-06', '789 Maple Rd, Nowher'),
(617, '2023-01-18', 32, 'Payments', 153, '2023-01-01', '987 Cedar Ave, Nowhe'),
(618, '2023-02-10', 175, 'Payments', 634, '2023-01-15', '321 Pine St, Everywh'),
(619, '2023-01-01', 384, 'bit', 793, '2023-01-18', '789 Maple Rd, Nowher'),
(620, '2023-01-31', 765, 'Payments', 271, '2023-02-04', '789 Maple Rd, Nowher'),
(621, '2023-02-13', 950, 'bank transfer', 667, '2023-02-07', '456 Oak Ave, Somewhe'),
(622, '2023-01-12', 845, 'Payments', 99, '2023-01-24', '789 Maple Rd, Nowher'),
(623, '2023-01-04', 812, 'Payments', 772, '2023-01-31', '654 Oak St, Somewher'),
(624, '2023-01-17', 578, 'bank transfer', 870, '2023-01-25', '654 Elm St, Anywhere'),
(625, '2023-01-26', 759, 'bit', 798, '2023-02-07', '654 Elm St, Anywhere'),
(626, '2023-01-14', 671, 'bit', 586, '2023-01-31', '321 Pine St, Everywh'),
(627, '2023-01-01', 581, 'bank transfer', 580, '2023-01-12', '321 Pine St, Everywh'),
(628, '2023-02-03', 678, 'bit', 849, '2023-01-20', '321 Pine St, Everywh'),
(629, '2023-01-19', 168, 'bank transfer', 277, '2023-02-01', '987 Cedar Ave, Nowhe'),
(630, '2023-01-01', 650, 'Payments', 884, '2023-01-30', '987 Cedar Ave, Nowhe'),
(631, '2023-01-31', 837, 'Payments', 924, '2023-01-03', '123 Main St, Anytown'),
(632, '2023-01-16', 477, 'bank transfer', 230, '2023-01-26', '321 Pine St, Everywh'),
(633, '2023-01-12', 442, 'bit', 28, '2023-01-09', '123 Main St, Anytown'),
(634, '2023-01-06', 273, 'bank transfer', 71, '2023-02-04', '654 Elm St, Anywhere'),
(635, '2023-01-12', 820, 'bit', 989, '2023-02-05', '456 Oak Ave, Somewhe');
INSERT INTO `Payment` (`payment_id`, `payment_date`, `payment_amount`, `payment_method`, `card_number`, `card_expiry_date`, `billing_address`) VALUES
(636, '2023-01-11', 91, 'bank transfer', 798, '2023-01-18', '654 Elm St, Anywhere'),
(637, '2023-01-04', 984, 'Payments', 456, '2023-01-10', '321 Pine St, Everywh'),
(638, '2023-01-02', 308, 'bit', 67, '2023-02-03', '456 Oak Ave, Somewhe'),
(639, '2023-01-10', 667, 'bit', 38, '2023-02-01', '654 Elm St, Anywhere'),
(640, '2023-01-10', 542, 'Payments', 923, '2023-02-14', '987 Cedar Ave, Nowhe'),
(641, '2023-01-02', 672, 'bit', 987, '2023-01-20', '123 Main St, Anytown'),
(642, '2023-01-03', 150, 'bank transfer', 835, '2023-01-12', '789 Maple Rd, Nowher'),
(643, '2023-01-09', 430, 'bit', 489, '2023-02-08', '654 Elm St, Anywhere'),
(644, '2023-01-10', 951, 'Payments', 500, '2023-02-03', '321 Pine St, Everywh'),
(645, '2023-02-07', 277, 'bank transfer', 259, '2023-02-08', '654 Oak St, Somewher'),
(646, '2023-02-12', 638, 'bit', 431, '2023-01-24', '654 Elm St, Anywhere'),
(647, '2023-01-21', 371, 'Payments', 99, '2023-01-16', '123 Main St, Anytown'),
(648, '2023-01-27', 183, 'Payments', 892, '2023-01-18', '654 Elm St, Anywhere'),
(649, '2023-02-12', 393, 'Payments', 844, '2023-01-06', '123 Main St, Anytown'),
(650, '2023-01-30', 7, 'bit', 477, '2023-01-04', '123 Main St, Anytown'),
(651, '2023-01-12', 604, 'Payments', 384, '2023-02-01', '789 Maple Rd, Nowher'),
(652, '2023-02-12', 618, 'Payments', 653, '2023-01-26', '321 Pine St, Everywh'),
(653, '2023-02-15', 160, 'bit', 916, '2023-01-06', '789 Maple Rd, Nowher'),
(654, '2023-01-19', 582, 'bank transfer', 247, '2023-01-19', '789 Maple Rd, Nowher'),
(655, '2023-01-05', 603, 'Payments', 234, '2023-02-13', '654 Oak St, Somewher'),
(656, '2023-02-03', 624, 'bank transfer', 951, '2023-01-13', '456 Oak Ave, Somewhe'),
(657, '2023-02-09', 980, 'bit', 212, '2023-02-10', '987 Cedar Ave, Nowhe'),
(658, '2023-01-14', 46, 'bank transfer', 208, '2023-02-05', '654 Elm St, Anywhere'),
(659, '2023-01-03', 920, 'bank transfer', 78, '2023-01-17', '789 Maple Rd, Nowher'),
(660, '2023-02-08', 293, 'bit', 215, '2023-02-02', '123 Main St, Anytown'),
(661, '2023-01-18', 575, 'bank transfer', 618, '2023-01-07', '654 Oak St, Somewher'),
(662, '2023-01-22', 433, 'bit', 322, '2023-01-15', '123 Main St, Anytown'),
(663, '2023-02-13', 985, 'bank transfer', 645, '2023-01-11', '123 Main St, Anytown'),
(664, '2023-02-01', 28, 'Payments', 164, '2023-01-11', '654 Elm St, Anywhere'),
(665, '2023-01-18', 142, 'Payments', 66, '2023-01-21', '789 Maple Rd, Nowher'),
(666, '2023-01-18', 661, 'bit', 82, '2023-01-13', '654 Elm St, Anywhere'),
(667, '2023-02-09', 140, 'Payments', 249, '2023-01-28', '123 Main St, Anytown'),
(668, '2023-01-19', 467, 'bank transfer', 479, '2023-01-13', '789 Maple Rd, Nowher'),
(669, '2023-01-02', 815, 'bit', 521, '2023-01-27', '456 Oak Ave, Somewhe'),
(670, '2023-01-22', 0, 'bank transfer', 77, '2023-01-10', '321 Pine St, Everywh'),
(671, '2023-02-14', 816, 'bit', 504, '2023-02-10', '456 Oak Ave, Somewhe'),
(672, '2023-01-09', 770, 'bank transfer', 268, '2023-02-02', '789 Maple Rd, Nowher'),
(673, '2023-01-08', 625, 'bit', 866, '2023-01-05', '789 Maple Rd, Nowher'),
(674, '2023-02-11', 396, 'bit', 981, '2023-01-12', '987 Cedar Ave, Nowhe'),
(675, '2023-02-09', 895, 'bit', 410, '2023-01-28', '123 Main St, Anytown'),
(676, '2023-01-29', 814, 'bit', 855, '2023-01-13', '123 Main St, Anytown'),
(677, '2023-01-03', 64, 'Payments', 413, '2023-01-14', '321 Pine St, Everywh'),
(678, '2023-01-01', 681, 'bit', 87, '2023-01-03', '321 Pine St, Everywh'),
(679, '2023-01-29', 963, 'bit', 435, '2023-01-26', '789 Maple Rd, Nowher'),
(680, '2023-01-15', 537, 'Payments', 809, '2023-01-09', '789 Maple Rd, Nowher'),
(681, '2023-01-26', 896, 'bank transfer', 956, '2023-02-15', '123 Main St, Anytown'),
(682, '2023-02-16', 8, 'bit', 885, '2023-01-13', '789 Maple Rd, Nowher'),
(683, '2023-02-10', 958, 'bit', 659, '2023-01-19', '654 Elm St, Anywhere'),
(684, '2023-02-14', 679, 'Payments', 245, '2023-01-30', '654 Elm St, Anywhere'),
(685, '2023-02-03', 751, 'Payments', 961, '2023-02-08', '456 Oak Ave, Somewhe'),
(686, '2023-02-07', 679, 'Payments', 128, '2023-01-13', '789 Maple Rd, Nowher'),
(687, '2023-01-15', 18, 'bank transfer', 269, '2023-01-11', '456 Oak Ave, Somewhe'),
(688, '2023-02-14', 940, 'bit', 407, '2023-02-01', '987 Cedar Ave, Nowhe'),
(689, '2023-02-03', 222, 'bank transfer', 970, '2023-01-02', '654 Elm St, Anywhere'),
(690, '2023-01-02', 80, 'bit', 550, '2023-02-04', '123 Main St, Anytown'),
(691, '2023-02-12', 519, 'bit', 70, '2023-02-01', '654 Elm St, Anywhere'),
(692, '2023-01-22', 422, 'bank transfer', 133, '2023-01-19', '987 Cedar Ave, Nowhe'),
(693, '2023-02-05', 840, 'bit', 445, '2023-01-15', '789 Maple Rd, Nowher'),
(694, '2023-02-01', 836, 'bit', 10, '2023-01-11', '456 Oak Ave, Somewhe'),
(695, '2023-01-19', 711, 'bank transfer', 626, '2023-01-18', '987 Cedar Ave, Nowhe'),
(696, '2023-01-28', 394, 'bit', 208, '2023-01-11', '987 Cedar Ave, Nowhe'),
(697, '2023-01-27', 741, 'bank transfer', 926, '2023-01-10', '456 Oak Ave, Somewhe'),
(698, '2023-01-06', 910, 'bank transfer', 154, '2023-01-28', '654 Elm St, Anywhere'),
(699, '2023-01-31', 969, 'bit', 895, '2023-02-06', '321 Pine St, Everywh'),
(700, '2023-01-14', 291, 'bank transfer', 541, '2023-02-06', '456 Oak Ave, Somewhe'),
(701, '2023-01-04', 283, 'Payments', 494, '2023-01-31', '123 Main St, Anytown'),
(702, '2023-01-24', 268, 'Payments', 430, '2023-01-16', '123 Main St, Anytown'),
(703, '2023-01-20', 682, 'bit', 441, '2023-01-01', '789 Maple Rd, Nowher'),
(704, '2023-01-12', 410, 'Payments', 696, '2023-02-04', '123 Main St, Anytown'),
(705, '2023-02-16', 877, 'bank transfer', 792, '2023-02-16', '654 Elm St, Anywhere'),
(706, '2023-01-13', 888, 'Payments', 325, '2023-01-01', '123 Main St, Anytown'),
(707, '2023-01-22', 88, 'Payments', 89, '2023-02-04', '789 Maple Rd, Nowher'),
(708, '2023-01-05', 616, 'bank transfer', 773, '2023-02-02', '456 Oak Ave, Somewhe'),
(709, '2023-01-20', 785, 'bit', 377, '2023-02-09', '456 Oak Ave, Somewhe'),
(710, '2023-02-14', 218, 'bit', 624, '2023-02-10', '456 Oak Ave, Somewhe'),
(711, '2023-01-02', 799, 'bit', 998, '2023-02-15', '123 Main St, Anytown'),
(712, '2023-02-06', 662, 'bit', 341, '2023-02-10', '456 Oak Ave, Somewhe'),
(713, '2023-01-25', 205, 'bank transfer', 879, '2023-02-16', '987 Cedar Ave, Nowhe'),
(714, '2023-01-09', 420, 'bank transfer', 677, '2023-02-02', '654 Elm St, Anywhere'),
(715, '2023-02-01', 542, 'bank transfer', 616, '2023-01-23', '987 Cedar Ave, Nowhe'),
(716, '2023-01-11', 484, 'bank transfer', 105, '2023-01-28', '789 Maple Rd, Nowher'),
(717, '2023-01-06', 540, 'Payments', 463, '2023-02-13', '123 Main St, Anytown'),
(718, '2023-02-16', 712, 'Payments', 307, '2023-02-04', '654 Oak St, Somewher'),
(719, '2023-01-05', 84, 'bit', 618, '2023-01-22', '456 Oak Ave, Somewhe'),
(720, '2023-01-09', 833, 'bit', 418, '2023-01-16', '456 Oak Ave, Somewhe'),
(721, '2023-01-01', 696, 'Payments', 470, '2023-01-28', '123 Main St, Anytown'),
(722, '2023-01-15', 687, 'bank transfer', 221, '2023-01-05', '987 Cedar Ave, Nowhe'),
(723, '2023-01-16', 466, 'bank transfer', 368, '2023-01-07', '654 Oak St, Somewher'),
(724, '2023-02-12', 184, 'Payments', 856, '2023-02-06', '654 Oak St, Somewher'),
(725, '2023-01-22', 639, 'bank transfer', 997, '2023-01-16', '654 Elm St, Anywhere'),
(726, '2023-01-07', 935, 'bit', 725, '2023-01-25', '789 Maple Rd, Nowher'),
(727, '2023-01-22', 928, 'Payments', 818, '2023-01-17', '123 Main St, Anytown'),
(728, '2023-02-03', 655, 'bank transfer', 687, '2023-01-31', '123 Main St, Anytown'),
(729, '2023-01-27', 174, 'bit', 465, '2023-02-11', '987 Cedar Ave, Nowhe'),
(730, '2023-01-11', 479, 'bank transfer', 250, '2023-01-19', '789 Maple Rd, Nowher'),
(731, '2023-01-04', 457, 'Payments', 351, '2023-01-06', '789 Maple Rd, Nowher'),
(732, '2023-01-30', 763, 'bit', 315, '2023-02-13', '654 Oak St, Somewher'),
(733, '2023-01-26', 43, 'bank transfer', 889, '2023-02-16', '321 Pine St, Everywh'),
(734, '2023-01-25', 892, 'bank transfer', 130, '2023-02-07', '654 Elm St, Anywhere'),
(735, '2023-01-19', 72, 'bank transfer', 139, '2023-02-16', '123 Main St, Anytown'),
(736, '2023-02-05', 96, 'bank transfer', 594, '2023-02-15', '123 Main St, Anytown'),
(737, '2023-01-27', 690, 'bank transfer', 929, '2023-01-23', '789 Maple Rd, Nowher'),
(738, '2023-01-12', 787, 'Payments', 556, '2023-01-05', '654 Oak St, Somewher'),
(739, '2023-02-03', 791, 'bit', 686, '2023-02-12', '654 Oak St, Somewher'),
(740, '2023-01-22', 191, 'bank transfer', 97, '2023-01-31', '987 Cedar Ave, Nowhe'),
(741, '2023-01-24', 6, 'bit', 261, '2023-01-16', '123 Main St, Anytown'),
(742, '2023-02-06', 820, 'Payments', 614, '2023-01-07', '456 Oak Ave, Somewhe'),
(743, '2023-02-05', 250, 'Payments', 293, '2023-02-06', '654 Elm St, Anywhere'),
(744, '2023-01-07', 396, 'Payments', 678, '2023-01-23', '321 Pine St, Everywh'),
(745, '2023-01-10', 954, 'bit', 172, '2023-02-12', '789 Maple Rd, Nowher'),
(746, '2023-01-03', 781, 'bit', 49, '2023-01-18', '789 Maple Rd, Nowher'),
(747, '2023-01-11', 315, 'bank transfer', 220, '2023-01-03', '654 Elm St, Anywhere'),
(748, '2023-01-28', 593, 'Payments', 174, '2023-01-23', '987 Cedar Ave, Nowhe'),
(749, '2023-02-05', 328, 'Payments', 917, '2023-01-23', '654 Elm St, Anywhere'),
(750, '2023-01-22', 40, 'bit', 699, '2023-02-03', '123 Main St, Anytown'),
(751, '2023-01-08', 88, 'Payments', 147, '2023-01-13', '789 Maple Rd, Nowher'),
(752, '2023-01-26', 778, 'bit', 779, '2023-01-08', '321 Pine St, Everywh'),
(753, '2023-01-13', 991, 'Payments', 781, '2023-02-01', '987 Cedar Ave, Nowhe'),
(754, '2023-01-14', 201, 'bit', 955, '2023-01-21', '123 Main St, Anytown'),
(755, '2023-02-16', 651, 'bank transfer', 739, '2023-02-12', '789 Maple Rd, Nowher'),
(756, '2023-01-21', 527, 'Payments', 866, '2023-02-12', '789 Maple Rd, Nowher'),
(757, '2023-01-16', 123, 'Payments', 112, '2023-01-03', '321 Pine St, Everywh'),
(758, '2023-02-10', 341, 'bank transfer', 858, '2023-01-17', '987 Cedar Ave, Nowhe'),
(759, '2023-02-09', 724, 'bit', 610, '2023-01-08', '987 Cedar Ave, Nowhe'),
(760, '2023-01-20', 872, 'bank transfer', 422, '2023-01-08', '123 Main St, Anytown'),
(761, '2023-01-03', 808, 'bit', 298, '2023-02-02', '654 Oak St, Somewher'),
(762, '2023-01-11', 422, 'bank transfer', 671, '2023-02-06', '987 Cedar Ave, Nowhe'),
(763, '2023-01-24', 265, 'Payments', 606, '2023-01-27', '789 Maple Rd, Nowher'),
(764, '2023-02-08', 780, 'Payments', 939, '2023-01-09', '987 Cedar Ave, Nowhe'),
(765, '2023-01-03', 64, 'bit', 288, '2023-01-18', '789 Maple Rd, Nowher'),
(766, '2023-01-09', 246, 'bit', 120, '2023-01-11', '456 Oak Ave, Somewhe'),
(767, '2023-02-04', 255, 'bit', 32, '2023-01-10', '654 Elm St, Anywhere'),
(768, '2023-02-11', 383, 'bank transfer', 781, '2023-02-03', '654 Elm St, Anywhere'),
(769, '2023-01-23', 142, 'Payments', 934, '2023-01-13', '456 Oak Ave, Somewhe'),
(770, '2023-01-29', 16, 'bank transfer', 547, '2023-01-08', '456 Oak Ave, Somewhe'),
(771, '2023-01-12', 535, 'bank transfer', 769, '2023-01-27', '456 Oak Ave, Somewhe'),
(772, '2023-01-08', 456, 'Payments', 802, '2023-02-01', '789 Maple Rd, Nowher'),
(773, '2023-01-09', 149, 'bank transfer', 474, '2023-02-07', '321 Pine St, Everywh'),
(774, '2023-02-14', 782, 'bit', 269, '2023-01-28', '456 Oak Ave, Somewhe'),
(775, '2023-01-16', 755, 'bit', 356, '2023-02-13', '789 Maple Rd, Nowher'),
(776, '2023-02-15', 47, 'bit', 875, '2023-02-16', '789 Maple Rd, Nowher'),
(777, '2023-02-05', 127, 'Payments', 426, '2023-01-13', '123 Main St, Anytown'),
(778, '2023-01-28', 285, 'Payments', 154, '2023-01-10', '321 Pine St, Everywh'),
(779, '2023-01-02', 139, 'Payments', 6, '2023-01-03', '654 Oak St, Somewher'),
(780, '2023-01-20', 749, 'bank transfer', 827, '2023-02-07', '987 Cedar Ave, Nowhe'),
(781, '2023-02-01', 176, 'Payments', 409, '2023-01-17', '987 Cedar Ave, Nowhe'),
(782, '2023-02-14', 732, 'Payments', 703, '2023-02-04', '987 Cedar Ave, Nowhe'),
(783, '2023-01-11', 423, 'Payments', 687, '2023-01-05', '654 Elm St, Anywhere'),
(784, '2023-01-15', 724, 'bit', 667, '2023-01-10', '789 Maple Rd, Nowher'),
(785, '2023-02-06', 246, 'Payments', 223, '2023-02-06', '321 Pine St, Everywh'),
(786, '2023-01-28', 914, 'bank transfer', 729, '2023-01-01', '654 Oak St, Somewher'),
(787, '2023-02-10', 670, 'bank transfer', 420, '2023-01-25', '789 Maple Rd, Nowher'),
(788, '2023-01-24', 967, 'bit', 619, '2023-02-11', '456 Oak Ave, Somewhe'),
(789, '2023-01-26', 31, 'bit', 945, '2023-02-05', '789 Maple Rd, Nowher'),
(790, '2023-01-29', 155, 'bit', 161, '2023-01-01', '654 Elm St, Anywhere'),
(791, '2023-01-03', 765, 'bank transfer', 860, '2023-01-07', '987 Cedar Ave, Nowhe'),
(792, '2023-02-11', 648, 'bit', 281, '2023-01-23', '654 Oak St, Somewher'),
(793, '2023-02-01', 222, 'bank transfer', 588, '2023-01-23', '654 Oak St, Somewher'),
(794, '2023-01-10', 966, 'Payments', 328, '2023-01-17', '654 Elm St, Anywhere'),
(795, '2023-01-02', 648, 'Payments', 307, '2023-02-16', '654 Oak St, Somewher'),
(796, '2023-01-30', 416, 'bank transfer', 786, '2023-01-04', '456 Oak Ave, Somewhe'),
(797, '2023-02-07', 775, 'bank transfer', 888, '2023-01-04', '654 Elm St, Anywhere'),
(798, '2023-01-11', 173, 'bank transfer', 1, '2023-02-07', '789 Maple Rd, Nowher'),
(799, '2023-01-26', 719, 'Payments', 228, '2023-01-28', '123 Main St, Anytown'),
(800, '2023-01-21', 679, 'bit', 648, '2023-02-05', '789 Maple Rd, Nowher'),
(801, '2023-02-08', 372, 'Payments', 19, '2023-02-16', '789 Maple Rd, Nowher'),
(802, '2023-01-20', 279, 'bit', 491, '2023-02-04', '654 Elm St, Anywhere'),
(803, '2023-01-26', 330, 'Payments', 234, '2023-01-24', '321 Pine St, Everywh'),
(804, '2023-02-01', 454, 'bank transfer', 634, '2023-02-15', '654 Elm St, Anywhere'),
(805, '2023-02-02', 344, 'Payments', 256, '2023-01-26', '321 Pine St, Everywh'),
(806, '2023-01-11', 720, 'Payments', 830, '2023-01-23', '123 Main St, Anytown'),
(807, '2023-01-08', 847, 'Payments', 404, '2023-02-01', '456 Oak Ave, Somewhe'),
(808, '2023-02-12', 729, 'bank transfer', 173, '2023-01-31', '654 Oak St, Somewher'),
(809, '2023-02-08', 75, 'bit', 667, '2023-02-10', '321 Pine St, Everywh'),
(810, '2023-01-05', 814, 'bit', 986, '2023-02-15', '321 Pine St, Everywh'),
(811, '2023-01-21', 578, 'bank transfer', 469, '2023-01-04', '654 Oak St, Somewher'),
(812, '2023-01-12', 678, 'Payments', 96, '2023-01-23', '123 Main St, Anytown'),
(813, '2023-01-07', 408, 'bank transfer', 663, '2023-01-03', '456 Oak Ave, Somewhe'),
(814, '2023-02-06', 111, 'Payments', 530, '2023-01-26', '987 Cedar Ave, Nowhe'),
(815, '2023-02-10', 376, 'bit', 988, '2023-01-23', '789 Maple Rd, Nowher'),
(816, '2023-01-23', 949, 'bit', 152, '2023-01-13', '654 Elm St, Anywhere'),
(817, '2023-01-10', 253, 'bank transfer', 524, '2023-02-11', '789 Maple Rd, Nowher'),
(818, '2023-02-15', 276, 'bank transfer', 234, '2023-01-09', '321 Pine St, Everywh'),
(819, '2023-01-27', 789, 'bank transfer', 834, '2023-02-16', '321 Pine St, Everywh'),
(820, '2023-02-08', 807, 'bit', 749, '2023-01-28', '654 Elm St, Anywhere'),
(821, '2023-02-07', 492, 'Payments', 2, '2023-01-18', '456 Oak Ave, Somewhe'),
(822, '2023-02-02', 532, 'Payments', 700, '2023-01-01', '321 Pine St, Everywh'),
(823, '2023-01-24', 617, 'bank transfer', 313, '2023-01-26', '456 Oak Ave, Somewhe'),
(824, '2023-02-14', 298, 'bank transfer', 290, '2023-01-14', '321 Pine St, Everywh'),
(825, '2023-01-14', 984, 'bit', 236, '2023-02-09', '123 Main St, Anytown'),
(826, '2023-02-01', 358, 'Payments', 832, '2023-02-02', '321 Pine St, Everywh'),
(827, '2023-01-09', 758, 'bit', 899, '2023-01-27', '654 Oak St, Somewher'),
(828, '2023-01-01', 965, 'bit', 305, '2023-02-09', '987 Cedar Ave, Nowhe'),
(829, '2023-01-29', 793, 'Payments', 124, '2023-02-07', '987 Cedar Ave, Nowhe'),
(830, '2023-01-15', 629, 'bit', 116, '2023-01-05', '987 Cedar Ave, Nowhe'),
(831, '2023-02-04', 658, 'Payments', 651, '2023-01-16', '654 Oak St, Somewher'),
(832, '2023-01-29', 886, 'bit', 760, '2023-01-12', '456 Oak Ave, Somewhe'),
(833, '2023-01-31', 287, 'Payments', 41, '2023-01-06', '321 Pine St, Everywh'),
(834, '2023-02-01', 669, 'bit', 187, '2023-01-09', '321 Pine St, Everywh'),
(835, '2023-01-12', 799, 'bit', 512, '2023-01-14', '789 Maple Rd, Nowher'),
(836, '2023-02-04', 363, 'bank transfer', 206, '2023-01-17', '654 Elm St, Anywhere'),
(837, '2023-01-22', 893, 'bit', 535, '2023-02-11', '123 Main St, Anytown'),
(838, '2023-01-23', 692, 'bit', 7, '2023-02-03', '654 Oak St, Somewher'),
(839, '2023-01-24', 949, 'Payments', 942, '2023-01-17', '654 Elm St, Anywhere'),
(840, '2023-02-07', 115, 'bit', 798, '2023-01-27', '654 Oak St, Somewher'),
(841, '2023-01-02', 178, 'bank transfer', 273, '2023-02-08', '987 Cedar Ave, Nowhe'),
(842, '2023-02-13', 654, 'Payments', 49, '2023-02-11', '789 Maple Rd, Nowher'),
(843, '2023-01-12', 28, 'bit', 192, '2023-02-10', '123 Main St, Anytown'),
(844, '2023-01-16', 903, 'Payments', 399, '2023-01-27', '789 Maple Rd, Nowher'),
(845, '2023-01-31', 832, 'bit', 880, '2023-02-02', '123 Main St, Anytown'),
(846, '2023-01-28', 74, 'bank transfer', 914, '2023-01-13', '456 Oak Ave, Somewhe'),
(847, '2023-02-05', 910, 'bank transfer', 867, '2023-02-10', '789 Maple Rd, Nowher'),
(848, '2023-01-16', 669, 'Payments', 913, '2023-01-14', '321 Pine St, Everywh'),
(849, '2023-01-01', 573, 'bit', 929, '2023-01-04', '789 Maple Rd, Nowher'),
(850, '2023-01-02', 836, 'bit', 943, '2023-02-13', '654 Oak St, Somewher'),
(851, '2023-02-15', 186, 'Payments', 260, '2023-01-16', '654 Oak St, Somewher'),
(852, '2023-01-07', 860, 'bank transfer', 0, '2023-01-27', '987 Cedar Ave, Nowhe'),
(853, '2023-01-22', 903, 'bank transfer', 44, '2023-01-22', '789 Maple Rd, Nowher'),
(854, '2023-01-23', 670, 'bank transfer', 423, '2023-01-15', '456 Oak Ave, Somewhe'),
(855, '2023-01-14', 417, 'Payments', 718, '2023-01-09', '654 Oak St, Somewher'),
(856, '2023-02-15', 183, 'Payments', 553, '2023-02-14', '987 Cedar Ave, Nowhe'),
(857, '2023-01-03', 948, 'bit', 311, '2023-02-05', '456 Oak Ave, Somewhe'),
(858, '2023-01-05', 64, 'bit', 10, '2023-01-24', '987 Cedar Ave, Nowhe'),
(859, '2023-01-17', 557, 'Payments', 604, '2023-02-16', '654 Oak St, Somewher'),
(860, '2023-01-05', 816, 'bit', 15, '2023-01-21', '987 Cedar Ave, Nowhe'),
(861, '2023-02-05', 310, 'bit', 173, '2023-01-17', '654 Elm St, Anywhere'),
(862, '2023-02-04', 902, 'bank transfer', 465, '2023-02-03', '321 Pine St, Everywh'),
(863, '2023-02-14', 586, 'bank transfer', 945, '2023-01-14', '123 Main St, Anytown'),
(864, '2023-01-19', 241, 'bank transfer', 423, '2023-01-01', '654 Elm St, Anywhere'),
(865, '2023-01-07', 816, 'bit', 473, '2023-01-21', '456 Oak Ave, Somewhe'),
(866, '2023-01-12', 397, 'bit', 531, '2023-01-26', '654 Elm St, Anywhere'),
(867, '2023-01-05', 506, 'bank transfer', 784, '2023-02-06', '321 Pine St, Everywh'),
(868, '2023-02-13', 931, 'bank transfer', 954, '2023-01-29', '789 Maple Rd, Nowher'),
(869, '2023-01-19', 105, 'bit', 533, '2023-01-30', '654 Elm St, Anywhere'),
(870, '2023-01-18', 897, 'bank transfer', 799, '2023-02-11', '654 Oak St, Somewher'),
(871, '2023-01-05', 169, 'bit', 723, '2023-02-04', '456 Oak Ave, Somewhe'),
(872, '2023-01-19', 431, 'bank transfer', 73, '2023-01-05', '654 Oak St, Somewher'),
(873, '2023-01-25', 382, 'bank transfer', 323, '2023-02-08', '987 Cedar Ave, Nowhe'),
(874, '2023-01-23', 97, 'bank transfer', 496, '2023-01-22', '987 Cedar Ave, Nowhe'),
(875, '2023-01-12', 906, 'bank transfer', 701, '2023-02-09', '654 Elm St, Anywhere'),
(876, '2023-02-07', 894, 'Payments', 969, '2023-01-06', '321 Pine St, Everywh'),
(877, '2023-02-06', 853, 'bank transfer', 437, '2023-01-01', '654 Elm St, Anywhere'),
(878, '2023-02-03', 444, 'bank transfer', 314, '2023-01-12', '321 Pine St, Everywh'),
(879, '2023-01-28', 647, 'bit', 381, '2023-01-22', '321 Pine St, Everywh'),
(880, '2023-01-04', 58, 'Payments', 541, '2023-02-04', '456 Oak Ave, Somewhe'),
(881, '2023-01-07', 116, 'Payments', 342, '2023-01-28', '456 Oak Ave, Somewhe'),
(882, '2023-01-16', 770, 'bank transfer', 831, '2023-01-07', '987 Cedar Ave, Nowhe'),
(883, '2023-01-25', 842, 'bit', 288, '2023-01-19', '654 Oak St, Somewher'),
(884, '2023-01-24', 403, 'Payments', 235, '2023-02-15', '123 Main St, Anytown'),
(885, '2023-01-22', 126, 'bit', 576, '2023-01-30', '654 Oak St, Somewher'),
(886, '2023-01-09', 26, 'Payments', 726, '2023-01-30', '987 Cedar Ave, Nowhe'),
(887, '2023-01-10', 710, 'bank transfer', 306, '2023-01-18', '987 Cedar Ave, Nowhe'),
(888, '2023-01-08', 921, 'bank transfer', 755, '2023-02-04', '987 Cedar Ave, Nowhe'),
(889, '2023-01-09', 369, 'Payments', 779, '2023-01-12', '789 Maple Rd, Nowher'),
(890, '2023-01-13', 740, 'bit', 528, '2023-02-13', '789 Maple Rd, Nowher'),
(891, '2023-01-18', 389, 'bit', 115, '2023-02-13', '654 Oak St, Somewher'),
(892, '2023-02-05', 848, 'bank transfer', 254, '2023-01-25', '456 Oak Ave, Somewhe'),
(893, '2023-01-07', 275, 'bank transfer', 600, '2023-01-23', '123 Main St, Anytown'),
(894, '2023-02-02', 520, 'bit', 533, '2023-01-22', '456 Oak Ave, Somewhe'),
(895, '2023-01-24', 46, 'Payments', 958, '2023-02-14', '789 Maple Rd, Nowher'),
(896, '2023-02-12', 241, 'bank transfer', 893, '2023-02-02', '321 Pine St, Everywh'),
(897, '2023-02-12', 716, 'bit', 659, '2023-02-12', '654 Elm St, Anywhere'),
(898, '2023-01-03', 936, 'Payments', 416, '2023-01-15', '321 Pine St, Everywh'),
(899, '2023-02-07', 375, 'bit', 775, '2023-02-05', '123 Main St, Anytown'),
(900, '2023-02-08', 510, 'bit', 402, '2023-01-31', '321 Pine St, Everywh'),
(901, '2023-02-16', 131, 'bank transfer', 173, '2023-01-26', '654 Elm St, Anywhere'),
(902, '2023-02-15', 908, 'bit', 320, '2023-01-08', '654 Oak St, Somewher'),
(903, '2023-01-18', 875, 'bit', 368, '2023-02-06', '654 Elm St, Anywhere'),
(904, '2023-01-23', 515, 'Payments', 788, '2023-01-05', '654 Elm St, Anywhere'),
(905, '2023-02-11', 0, 'Payments', 591, '2023-01-31', '321 Pine St, Everywh'),
(906, '2023-02-08', 932, 'Payments', 423, '2023-02-02', '456 Oak Ave, Somewhe'),
(907, '2023-01-11', 980, 'bit', 611, '2023-02-02', '789 Maple Rd, Nowher'),
(908, '2023-02-01', 859, 'bank transfer', 793, '2023-01-26', '654 Elm St, Anywhere'),
(909, '2023-01-22', 293, 'bit', 402, '2023-02-14', '789 Maple Rd, Nowher'),
(910, '2023-02-11', 941, 'bit', 76, '2023-02-04', '321 Pine St, Everywh'),
(911, '2023-01-08', 555, 'bank transfer', 791, '2023-01-02', '654 Oak St, Somewher'),
(912, '2023-01-04', 48, 'bit', 122, '2023-01-15', '456 Oak Ave, Somewhe'),
(913, '2023-01-23', 255, 'Payments', 451, '2023-01-28', '654 Oak St, Somewher'),
(914, '2023-01-11', 508, 'Payments', 887, '2023-02-06', '123 Main St, Anytown'),
(915, '2023-01-14', 649, 'bit', 457, '2023-01-30', '456 Oak Ave, Somewhe'),
(916, '2023-02-03', 966, 'Payments', 20, '2023-01-13', '987 Cedar Ave, Nowhe'),
(917, '2023-02-15', 592, 'Payments', 14, '2023-01-20', '123 Main St, Anytown'),
(918, '2023-01-04', 46, 'bit', 641, '2023-01-10', '321 Pine St, Everywh'),
(919, '2023-01-23', 593, 'bank transfer', 387, '2023-01-30', '654 Oak St, Somewher'),
(920, '2023-01-28', 189, 'bank transfer', 516, '2023-01-12', '987 Cedar Ave, Nowhe'),
(921, '2023-01-26', 839, 'bit', 490, '2023-01-07', '123 Main St, Anytown'),
(922, '2023-01-29', 217, 'bank transfer', 420, '2023-01-19', '789 Maple Rd, Nowher'),
(923, '2023-02-05', 172, 'bank transfer', 675, '2023-01-30', '987 Cedar Ave, Nowhe'),
(924, '2023-02-12', 856, 'Payments', 44, '2023-02-12', '456 Oak Ave, Somewhe'),
(925, '2023-01-30', 772, 'bank transfer', 486, '2023-01-31', '654 Oak St, Somewher'),
(926, '2023-01-05', 258, 'bank transfer', 3, '2023-02-16', '321 Pine St, Everywh'),
(927, '2023-01-08', 890, 'bit', 254, '2023-02-13', '123 Main St, Anytown'),
(928, '2023-01-17', 196, 'bit', 825, '2023-02-04', '654 Oak St, Somewher'),
(929, '2023-02-01', 13, 'bit', 53, '2023-02-07', '123 Main St, Anytown'),
(930, '2023-02-10', 529, 'bit', 199, '2023-01-26', '123 Main St, Anytown'),
(931, '2023-01-18', 889, 'Payments', 385, '2023-01-22', '789 Maple Rd, Nowher'),
(932, '2023-02-15', 712, 'bank transfer', 362, '2023-02-11', '654 Oak St, Somewher'),
(933, '2023-01-26', 350, 'bit', 622, '2023-01-05', '456 Oak Ave, Somewhe'),
(934, '2023-01-19', 347, 'bit', 603, '2023-01-17', '123 Main St, Anytown'),
(935, '2023-01-03', 154, 'bit', 757, '2023-01-26', '987 Cedar Ave, Nowhe'),
(936, '2023-01-09', 429, 'bit', 23, '2023-01-03', '321 Pine St, Everywh'),
(937, '2023-02-05', 339, 'Payments', 20, '2023-02-06', '987 Cedar Ave, Nowhe'),
(938, '2023-01-17', 474, 'Payments', 634, '2023-02-15', '789 Maple Rd, Nowher'),
(939, '2023-02-05', 893, 'bank transfer', 758, '2023-02-16', '654 Elm St, Anywhere'),
(940, '2023-01-19', 359, 'Payments', 457, '2023-01-29', '321 Pine St, Everywh'),
(941, '2023-01-16', 259, 'Payments', 915, '2023-01-09', '789 Maple Rd, Nowher'),
(942, '2023-01-07', 696, 'bank transfer', 695, '2023-01-12', '321 Pine St, Everywh'),
(943, '2023-01-24', 344, 'bank transfer', 780, '2023-01-21', '654 Oak St, Somewher'),
(944, '2023-01-23', 22, 'bit', 322, '2023-01-29', '654 Elm St, Anywhere'),
(945, '2023-01-31', 307, 'bank transfer', 30, '2023-01-30', '123 Main St, Anytown'),
(946, '2023-01-23', 254, 'bit', 398, '2023-02-08', '654 Oak St, Somewher'),
(947, '2023-01-06', 205, 'bit', 304, '2023-01-13', '654 Elm St, Anywhere'),
(948, '2023-01-31', 220, 'Payments', 654, '2023-02-01', '654 Elm St, Anywhere'),
(949, '2023-01-12', 48, 'Payments', 696, '2023-02-05', '654 Elm St, Anywhere'),
(950, '2023-01-05', 915, 'bank transfer', 492, '2023-01-19', '654 Oak St, Somewher'),
(951, '2023-01-06', 706, 'bit', 472, '2023-01-20', '456 Oak Ave, Somewhe'),
(952, '2023-02-12', 558, 'Payments', 324, '2023-01-09', '654 Elm St, Anywhere'),
(953, '2023-01-19', 506, 'bank transfer', 44, '2023-02-03', '654 Elm St, Anywhere'),
(954, '2023-01-16', 63, 'bank transfer', 223, '2023-02-12', '456 Oak Ave, Somewhe'),
(955, '2023-01-04', 540, 'Payments', 241, '2023-01-30', '789 Maple Rd, Nowher'),
(956, '2023-01-27', 692, 'bit', 721, '2023-01-14', '987 Cedar Ave, Nowhe'),
(957, '2023-02-14', 342, 'bit', 359, '2023-01-23', '654 Elm St, Anywhere'),
(958, '2023-01-04', 577, 'Payments', 431, '2023-02-03', '321 Pine St, Everywh'),
(959, '2023-02-10', 377, 'bank transfer', 639, '2023-02-04', '654 Elm St, Anywhere'),
(960, '2023-01-31', 579, 'Payments', 390, '2023-01-18', '654 Elm St, Anywhere'),
(961, '2023-01-10', 727, 'bit', 326, '2023-01-13', '654 Elm St, Anywhere'),
(962, '2023-01-12', 462, 'bank transfer', 866, '2023-01-28', '456 Oak Ave, Somewhe'),
(963, '2023-01-27', 376, 'Payments', 599, '2023-01-07', '654 Elm St, Anywhere'),
(964, '2023-01-06', 107, 'bank transfer', 321, '2023-01-12', '654 Elm St, Anywhere'),
(965, '2023-01-17', 110, 'Payments', 241, '2023-01-30', '456 Oak Ave, Somewhe'),
(966, '2023-02-10', 294, 'Payments', 352, '2023-01-08', '987 Cedar Ave, Nowhe'),
(967, '2023-01-10', 930, 'bit', 705, '2023-01-08', '987 Cedar Ave, Nowhe'),
(968, '2023-01-20', 322, 'bank transfer', 219, '2023-01-25', '654 Oak St, Somewher'),
(969, '2023-02-14', 291, 'Payments', 588, '2023-01-25', '654 Oak St, Somewher'),
(970, '2023-02-16', 626, 'Payments', 178, '2023-01-21', '123 Main St, Anytown'),
(971, '2023-01-17', 675, 'bit', 34, '2023-02-08', '456 Oak Ave, Somewhe'),
(972, '2023-01-19', 53, 'bit', 816, '2023-02-13', '456 Oak Ave, Somewhe'),
(973, '2023-01-10', 142, 'bank transfer', 50, '2023-01-18', '789 Maple Rd, Nowher'),
(974, '2023-01-23', 539, 'bank transfer', 617, '2023-01-07', '654 Elm St, Anywhere'),
(975, '2023-01-13', 767, 'bank transfer', 209, '2023-01-30', '123 Main St, Anytown'),
(976, '2023-01-23', 945, 'Payments', 116, '2023-01-10', '654 Oak St, Somewher'),
(977, '2023-01-25', 820, 'bank transfer', 402, '2023-01-30', '123 Main St, Anytown'),
(978, '2023-01-10', 188, 'bank transfer', 133, '2023-01-13', '123 Main St, Anytown'),
(979, '2023-01-03', 218, 'bit', 699, '2023-02-03', '654 Oak St, Somewher'),
(980, '2023-02-07', 655, 'bit', 880, '2023-02-03', '654 Elm St, Anywhere'),
(981, '2023-01-19', 439, 'bank transfer', 36, '2023-01-20', '123 Main St, Anytown'),
(982, '2023-01-20', 260, 'bank transfer', 406, '2023-01-29', '123 Main St, Anytown'),
(983, '2023-02-11', 600, 'bank transfer', 676, '2023-02-01', '456 Oak Ave, Somewhe'),
(984, '2023-01-29', 843, 'bit', 458, '2023-02-05', '321 Pine St, Everywh'),
(985, '2023-02-06', 56, 'Payments', 719, '2023-01-11', '654 Oak St, Somewher'),
(986, '2023-01-17', 704, 'bank transfer', 712, '2023-01-16', '654 Elm St, Anywhere'),
(987, '2023-01-01', 800, 'bank transfer', 436, '2023-01-24', '654 Oak St, Somewher'),
(988, '2023-02-14', 333, 'Payments', 152, '2023-02-06', '789 Maple Rd, Nowher'),
(989, '2023-02-08', 794, 'Payments', 205, '2023-01-25', '789 Maple Rd, Nowher'),
(990, '2023-01-01', 584, 'bit', 414, '2023-01-20', '987 Cedar Ave, Nowhe'),
(991, '2023-02-15', 450, 'bank transfer', 734, '2023-02-05', '789 Maple Rd, Nowher'),
(992, '2023-01-09', 773, 'Payments', 640, '2023-01-18', '654 Oak St, Somewher'),
(993, '2023-01-14', 781, 'Payments', 593, '2023-01-23', '456 Oak Ave, Somewhe'),
(994, '2023-01-27', 915, 'bank transfer', 433, '2023-01-06', '654 Oak St, Somewher'),
(995, '2023-02-08', 592, 'Payments', 180, '2023-01-15', '654 Elm St, Anywhere'),
(996, '2023-01-31', 706, 'Payments', 870, '2023-01-16', '321 Pine St, Everywh'),
(997, '2023-01-12', 300, 'bank transfer', 113, '2023-01-05', '456 Oak Ave, Somewhe'),
(998, '2023-02-15', 547, 'bit', 761, '2023-01-07', '456 Oak Ave, Somewhe'),
(999, '2023-02-03', 352, 'bank transfer', 308, '2023-01-05', '654 Oak St, Somewher');

-- --------------------------------------------------------

--
-- Table structure for table `Route`
--

CREATE TABLE `Route` (
  `route_id` int(8) NOT NULL,
  `origin_station_id` int(8) NOT NULL,
  `destination_station_id` int(8) NOT NULL,
  `distance` int(8) NOT NULL,
  `type_route` varchar(20) NOT NULL
) ENGINE=InnoDB DEFAULT CHARSET=utf8 COLLATE=utf8_unicode_ci;

--
-- Dumping data for table `Route`
--

INSERT INTO `Route` (`route_id`, `origin_station_id`, `destination_station_id`, `distance`, `type_route`) VALUES
(0, 378, 211, 644, 'traveling'),
(1, 1, 2, 70, 'traveling'),
(2, 3, 4, 250, 'burden'),
(3, 2, 1, 70, 'traveling'),
(4, 55, 473, 623, 'burden'),
(5, 131, 147, 860, 'burden'),
(6, 259, 177, 836, 'traveling'),
(7, 371, 86, 844, 'burden'),
(8, 196, 738, 864, 'traveling'),
(9, 812, 314, 962, 'burden'),
(10, 710, 86, 265, 'traveling'),
(11, 199, 205, 507, 'traveling'),
(12, 811, 689, 626, 'traveling'),
(13, 973, 805, 991, 'traveling'),
(14, 382, 641, 461, 'burden'),
(15, 810, 619, 816, 'burden'),
(16, 64, 43, 556, 'burden'),
(17, 483, 689, 670, 'traveling'),
(18, 725, 276, 126, 'traveling'),
(19, 372, 576, 503, 'burden'),
(20, 938, 517, 611, 'traveling'),
(21, 437, 391, 56, 'burden'),
(22, 87, 373, 674, 'burden'),
(23, 798, 914, 301, 'traveling'),
(24, 932, 971, 895, 'traveling'),
(25, 727, 383, 483, 'traveling'),
(26, 892, 846, 768, 'burden'),
(27, 621, 75, 178, 'burden'),
(28, 583, 184, 178, 'traveling'),
(29, 876, 359, 190, 'traveling'),
(30, 336, 326, 412, 'traveling'),
(31, 119, 566, 231, 'traveling'),
(32, 724, 643, 760, 'traveling'),
(33, 333, 482, 531, 'traveling'),
(34, 525, 118, 267, 'burden'),
(35, 349, 575, 793, 'traveling'),
(36, 70, 824, 758, 'burden'),
(37, 962, 3, 91, 'burden'),
(38, 886, 192, 646, 'traveling'),
(39, 931, 224, 376, 'burden'),
(40, 529, 981, 320, 'burden'),
(41, 898, 217, 429, 'burden'),
(42, 562, 480, 860, 'burden'),
(43, 562, 793, 834, 'burden'),
(44, 5, 914, 601, 'traveling'),
(45, 828, 567, 557, 'traveling'),
(46, 677, 269, 769, 'burden'),
(47, 102, 835, 146, 'traveling'),
(48, 179, 428, 92, 'burden'),
(49, 602, 263, 504, 'burden'),
(50, 652, 156, 715, 'burden'),
(51, 854, 303, 643, 'traveling'),
(52, 226, 791, 503, 'traveling'),
(53, 376, 351, 783, 'traveling'),
(54, 991, 646, 156, 'burden'),
(55, 340, 534, 341, 'traveling'),
(56, 147, 780, 823, 'burden'),
(57, 474, 99, 930, 'burden'),
(58, 114, 946, 976, 'traveling'),
(59, 107, 771, 773, 'traveling'),
(60, 344, 242, 177, 'traveling'),
(61, 982, 848, 261, 'burden'),
(62, 451, 282, 594, 'burden'),
(63, 570, 546, 35, 'traveling'),
(64, 719, 703, 297, 'traveling'),
(65, 35, 476, 616, 'burden'),
(66, 917, 843, 616, 'traveling'),
(67, 768, 207, 143, 'traveling'),
(68, 56, 330, 951, 'traveling'),
(69, 953, 534, 785, 'burden'),
(70, 130, 527, 821, 'traveling'),
(71, 665, 45, 930, 'burden'),
(72, 86, 505, 37, 'traveling'),
(73, 859, 347, 825, 'burden'),
(74, 916, 824, 438, 'burden'),
(75, 114, 182, 996, 'traveling'),
(76, 30, 94, 802, 'burden'),
(77, 602, 321, 7, 'traveling'),
(78, 51, 262, 248, 'traveling'),
(79, 977, 957, 359, 'traveling'),
(80, 744, 273, 218, 'burden'),
(81, 956, 581, 170, 'traveling'),
(82, 12, 371, 333, 'burden'),
(83, 999, 616, 700, 'burden'),
(84, 57, 282, 8, 'traveling'),
(85, 251, 161, 448, 'burden'),
(86, 683, 11, 216, 'burden'),
(87, 640, 714, 131, 'burden'),
(88, 603, 260, 284, 'burden'),
(89, 107, 189, 273, 'burden'),
(90, 56, 755, 829, 'traveling'),
(91, 115, 996, 125, 'burden'),
(92, 872, 516, 724, 'traveling'),
(93, 519, 581, 336, 'burden'),
(94, 613, 335, 4, 'burden'),
(95, 334, 704, 39, 'burden'),
(96, 59, 59, 596, 'burden'),
(97, 617, 507, 728, 'burden'),
(98, 485, 922, 468, 'burden'),
(99, 70, 655, 312, 'traveling'),
(100, 145, 272, 66, 'traveling'),
(101, 664, 486, 4, 'traveling'),
(102, 606, 576, 847, 'traveling'),
(103, 377, 597, 904, 'burden'),
(104, 595, 829, 596, 'burden'),
(105, 924, 408, 247, 'traveling'),
(106, 105, 591, 504, 'traveling'),
(107, 344, 192, 251, 'burden'),
(108, 639, 322, 780, 'traveling'),
(109, 957, 451, 313, 'traveling'),
(110, 331, 835, 864, 'traveling'),
(111, 546, 666, 317, 'burden'),
(112, 484, 483, 833, 'traveling'),
(113, 359, 691, 635, 'traveling'),
(114, 22, 12, 400, 'traveling'),
(115, 312, 393, 949, 'traveling'),
(116, 625, 827, 306, 'burden'),
(117, 67, 280, 300, 'burden'),
(118, 773, 894, 862, 'traveling'),
(119, 272, 71, 977, 'traveling'),
(120, 152, 156, 705, 'burden'),
(121, 214, 468, 17, 'traveling'),
(122, 3, 531, 834, 'traveling'),
(123, 307, 412, 190, 'burden'),
(124, 599, 81, 471, 'burden'),
(125, 105, 666, 492, 'burden'),
(126, 779, 560, 496, 'traveling'),
(127, 738, 647, 648, 'traveling'),
(128, 97, 384, 99, 'traveling'),
(129, 847, 572, 391, 'traveling'),
(130, 72, 3, 223, 'burden'),
(131, 91, 861, 56, 'traveling'),
(132, 310, 773, 6, 'burden'),
(133, 3, 409, 296, 'burden'),
(134, 114, 558, 122, 'traveling'),
(135, 672, 682, 243, 'traveling'),
(136, 875, 34, 117, 'burden'),
(137, 954, 640, 877, 'burden'),
(138, 524, 468, 382, 'burden'),
(139, 168, 253, 376, 'traveling'),
(140, 636, 307, 243, 'burden'),
(141, 867, 7, 806, 'burden'),
(142, 38, 313, 349, 'burden'),
(143, 80, 498, 292, 'burden'),
(144, 923, 67, 825, 'burden'),
(145, 496, 88, 750, 'burden'),
(146, 291, 950, 602, 'burden'),
(147, 836, 537, 287, 'traveling'),
(148, 599, 106, 242, 'burden'),
(149, 409, 62, 128, 'traveling'),
(150, 658, 881, 280, 'traveling'),
(151, 863, 341, 403, 'traveling'),
(152, 655, 209, 834, 'burden'),
(153, 838, 242, 798, 'traveling'),
(154, 612, 431, 466, 'burden'),
(155, 886, 321, 156, 'burden'),
(156, 925, 826, 317, 'burden'),
(157, 332, 123, 36, 'traveling'),
(158, 723, 519, 693, 'traveling'),
(159, 435, 936, 928, 'burden'),
(160, 189, 42, 788, 'burden'),
(161, 159, 657, 363, 'traveling'),
(162, 63, 984, 691, 'burden'),
(163, 16, 992, 765, 'burden'),
(164, 152, 97, 352, 'traveling'),
(165, 414, 164, 265, 'traveling'),
(166, 43, 251, 786, 'burden'),
(167, 799, 551, 137, 'burden'),
(168, 801, 855, 32, 'traveling'),
(169, 376, 587, 519, 'burden'),
(170, 848, 982, 179, 'traveling'),
(171, 564, 628, 979, 'burden'),
(172, 503, 452, 299, 'burden'),
(173, 248, 692, 113, 'burden'),
(174, 678, 975, 531, 'traveling'),
(175, 305, 746, 667, 'burden'),
(176, 714, 486, 624, 'traveling'),
(177, 623, 258, 603, 'burden'),
(178, 286, 385, 543, 'traveling'),
(179, 291, 76, 397, 'burden'),
(180, 69, 262, 776, 'burden'),
(181, 532, 484, 710, 'burden'),
(182, 880, 129, 247, 'traveling'),
(183, 681, 364, 767, 'traveling'),
(184, 891, 338, 633, 'traveling'),
(185, 286, 949, 875, 'traveling'),
(186, 204, 243, 477, 'traveling'),
(187, 526, 986, 190, 'burden'),
(188, 977, 38, 194, 'burden'),
(189, 506, 981, 376, 'burden'),
(190, 32, 969, 963, 'burden'),
(191, 412, 14, 32, 'traveling'),
(192, 267, 401, 563, 'traveling'),
(193, 385, 858, 287, 'burden'),
(194, 212, 988, 156, 'burden'),
(195, 689, 677, 567, 'burden'),
(196, 350, 696, 924, 'traveling'),
(197, 517, 94, 805, 'burden'),
(198, 826, 189, 609, 'burden'),
(199, 881, 40, 362, 'burden'),
(200, 726, 516, 849, 'burden'),
(201, 79, 887, 606, 'burden'),
(202, 480, 74, 574, 'traveling'),
(203, 82, 385, 11, 'burden'),
(204, 829, 55, 699, 'traveling'),
(205, 603, 896, 910, 'traveling'),
(206, 703, 176, 879, 'traveling'),
(207, 369, 776, 821, 'traveling'),
(208, 497, 1, 243, 'traveling'),
(209, 473, 831, 377, 'burden'),
(210, 699, 414, 874, 'traveling'),
(211, 520, 644, 238, 'burden'),
(212, 958, 825, 482, 'burden'),
(213, 706, 482, 743, 'burden'),
(214, 7, 592, 956, 'burden'),
(215, 247, 893, 590, 'traveling'),
(216, 537, 691, 144, 'burden'),
(217, 684, 664, 231, 'burden'),
(218, 254, 808, 899, 'burden'),
(219, 909, 263, 173, 'traveling'),
(220, 380, 671, 28, 'burden'),
(221, 495, 641, 847, 'traveling'),
(222, 282, 463, 321, 'burden'),
(223, 276, 852, 480, 'traveling'),
(224, 678, 89, 775, 'burden'),
(225, 981, 553, 275, 'burden'),
(226, 903, 990, 899, 'traveling'),
(227, 407, 578, 729, 'traveling'),
(228, 719, 26, 589, 'traveling'),
(229, 492, 332, 692, 'traveling'),
(230, 9, 184, 845, 'traveling'),
(231, 427, 492, 210, 'burden'),
(232, 788, 854, 967, 'traveling'),
(233, 252, 166, 943, 'traveling'),
(234, 663, 265, 745, 'traveling'),
(235, 32, 579, 935, 'traveling'),
(236, 830, 993, 42, 'burden'),
(237, 367, 295, 409, 'burden'),
(238, 597, 27, 756, 'traveling'),
(239, 625, 216, 191, 'traveling'),
(240, 302, 797, 406, 'traveling'),
(241, 494, 743, 608, 'burden'),
(242, 41, 375, 995, 'traveling'),
(243, 22, 429, 628, 'traveling'),
(244, 724, 65, 926, 'traveling'),
(245, 580, 719, 729, 'burden'),
(246, 251, 637, 933, 'burden'),
(247, 144, 213, 399, 'burden'),
(248, 744, 348, 990, 'burden'),
(249, 12, 694, 304, 'burden'),
(250, 329, 360, 944, 'burden'),
(251, 390, 31, 509, 'traveling'),
(252, 325, 331, 525, 'traveling'),
(253, 176, 70, 353, 'burden'),
(254, 499, 926, 259, 'burden'),
(255, 680, 566, 519, 'burden'),
(256, 450, 256, 577, 'burden'),
(257, 712, 945, 111, 'traveling'),
(258, 149, 786, 43, 'traveling'),
(259, 816, 539, 386, 'traveling'),
(260, 147, 86, 456, 'burden'),
(261, 68, 738, 581, 'burden'),
(262, 743, 517, 821, 'traveling'),
(263, 410, 708, 872, 'burden'),
(264, 376, 555, 703, 'traveling'),
(265, 926, 282, 450, 'traveling'),
(266, 30, 85, 903, 'burden'),
(267, 292, 441, 479, 'burden'),
(268, 227, 693, 189, 'burden'),
(269, 987, 346, 876, 'burden'),
(270, 381, 395, 609, 'burden'),
(271, 790, 414, 847, 'burden'),
(272, 54, 277, 612, 'traveling'),
(273, 61, 784, 536, 'traveling'),
(274, 939, 715, 944, 'traveling'),
(275, 248, 8, 278, 'burden'),
(276, 506, 7, 750, 'burden'),
(277, 24, 188, 869, 'traveling'),
(278, 945, 577, 564, 'burden'),
(279, 848, 668, 377, 'burden'),
(280, 745, 189, 239, 'traveling'),
(281, 10, 505, 532, 'traveling'),
(282, 619, 41, 552, 'burden'),
(283, 928, 865, 559, 'traveling'),
(284, 806, 632, 768, 'burden'),
(285, 125, 628, 798, 'burden'),
(286, 881, 86, 737, 'traveling'),
(287, 837, 977, 994, 'burden'),
(288, 709, 609, 807, 'burden'),
(289, 355, 274, 2, 'traveling'),
(290, 950, 55, 346, 'burden'),
(291, 12, 916, 435, 'traveling'),
(292, 629, 101, 79, 'traveling'),
(293, 77, 947, 167, 'burden'),
(294, 621, 463, 241, 'burden'),
(295, 246, 506, 743, 'traveling'),
(296, 586, 74, 618, 'burden'),
(297, 98, 301, 245, 'burden'),
(298, 872, 877, 840, 'burden'),
(299, 189, 40, 202, 'burden'),
(300, 410, 840, 890, 'traveling'),
(301, 94, 728, 975, 'traveling'),
(302, 438, 714, 619, 'traveling'),
(303, 8, 982, 21, 'burden'),
(304, 553, 340, 812, 'traveling'),
(305, 558, 241, 238, 'burden'),
(306, 126, 731, 813, 'burden'),
(307, 671, 632, 576, 'burden'),
(308, 534, 63, 702, 'burden'),
(309, 745, 51, 881, 'burden'),
(310, 450, 353, 668, 'burden'),
(311, 570, 461, 686, 'traveling'),
(312, 260, 543, 213, 'burden'),
(313, 931, 539, 517, 'burden'),
(314, 309, 916, 475, 'burden'),
(315, 14, 830, 208, 'traveling'),
(316, 496, 126, 6, 'traveling'),
(317, 234, 771, 511, 'burden'),
(318, 115, 651, 372, 'burden'),
(319, 861, 241, 584, 'burden'),
(320, 899, 194, 321, 'traveling'),
(321, 692, 287, 774, 'traveling'),
(322, 751, 956, 215, 'traveling'),
(323, 764, 595, 821, 'traveling'),
(324, 477, 138, 310, 'traveling'),
(325, 744, 35, 516, 'traveling'),
(326, 15, 704, 56, 'traveling'),
(327, 464, 470, 349, 'traveling'),
(328, 572, 425, 147, 'burden'),
(329, 926, 563, 288, 'burden'),
(330, 161, 295, 188, 'traveling'),
(331, 721, 698, 858, 'burden'),
(332, 973, 769, 530, 'burden'),
(333, 721, 768, 323, 'traveling'),
(334, 841, 427, 873, 'traveling'),
(335, 632, 194, 522, 'traveling'),
(336, 559, 315, 194, 'burden'),
(337, 183, 51, 77, 'traveling'),
(338, 980, 703, 412, 'burden'),
(339, 421, 792, 782, 'burden'),
(340, 769, 253, 465, 'traveling'),
(341, 594, 337, 394, 'traveling'),
(342, 394, 554, 36, 'burden'),
(343, 918, 706, 869, 'traveling'),
(344, 230, 264, 503, 'burden'),
(345, 476, 309, 579, 'traveling'),
(346, 707, 890, 51, 'traveling'),
(347, 606, 9, 265, 'burden'),
(348, 574, 165, 850, 'traveling'),
(349, 585, 970, 546, 'traveling'),
(350, 482, 178, 128, 'traveling'),
(351, 323, 328, 435, 'traveling'),
(352, 53, 431, 939, 'traveling'),
(353, 942, 733, 25, 'traveling'),
(354, 761, 466, 814, 'burden'),
(355, 13, 183, 931, 'traveling'),
(356, 124, 566, 573, 'burden'),
(357, 411, 560, 564, 'traveling'),
(358, 475, 393, 490, 'traveling'),
(359, 70, 109, 954, 'burden'),
(360, 941, 435, 961, 'traveling'),
(361, 811, 419, 169, 'burden'),
(362, 974, 235, 970, 'traveling'),
(363, 719, 633, 248, 'burden'),
(364, 45, 337, 57, 'burden'),
(365, 931, 586, 984, 'traveling'),
(366, 847, 69, 863, 'burden'),
(367, 75, 528, 946, 'burden'),
(368, 314, 805, 135, 'traveling'),
(369, 644, 376, 560, 'traveling'),
(370, 561, 688, 273, 'burden'),
(371, 308, 538, 458, 'burden'),
(372, 872, 183, 104, 'traveling'),
(373, 521, 827, 344, 'burden'),
(374, 471, 469, 612, 'burden'),
(375, 634, 453, 473, 'traveling'),
(376, 610, 764, 870, 'traveling'),
(377, 960, 904, 464, 'traveling'),
(378, 817, 424, 663, 'burden'),
(379, 373, 880, 661, 'traveling'),
(380, 59, 320, 142, 'traveling'),
(381, 447, 102, 897, 'burden'),
(382, 429, 941, 76, 'burden'),
(383, 793, 271, 570, 'burden'),
(384, 485, 377, 463, 'burden'),
(385, 164, 747, 560, 'traveling'),
(386, 627, 345, 303, 'burden'),
(387, 933, 114, 513, 'burden'),
(388, 215, 694, 934, 'burden'),
(389, 578, 519, 361, 'traveling'),
(390, 319, 836, 450, 'burden'),
(391, 470, 963, 954, 'traveling'),
(392, 594, 27, 655, 'traveling'),
(393, 864, 76, 476, 'traveling'),
(394, 460, 909, 373, 'burden'),
(395, 37, 69, 590, 'burden'),
(396, 757, 840, 153, 'traveling'),
(397, 647, 290, 17, 'traveling'),
(398, 694, 106, 35, 'burden'),
(399, 524, 740, 169, 'burden'),
(400, 774, 42, 179, 'burden'),
(401, 952, 278, 740, 'traveling'),
(402, 178, 157, 222, 'burden'),
(403, 923, 167, 330, 'burden'),
(404, 943, 752, 877, 'traveling'),
(405, 968, 556, 520, 'traveling'),
(406, 822, 910, 110, 'traveling'),
(407, 186, 622, 603, 'burden'),
(408, 187, 374, 989, 'traveling'),
(409, 712, 603, 243, 'traveling'),
(410, 870, 743, 108, 'burden'),
(411, 484, 201, 597, 'traveling'),
(412, 214, 490, 866, 'burden'),
(413, 396, 875, 662, 'traveling'),
(414, 960, 610, 596, 'traveling'),
(415, 9, 268, 713, 'burden'),
(416, 299, 451, 885, 'traveling'),
(417, 913, 58, 985, 'traveling'),
(418, 208, 508, 665, 'burden'),
(419, 57, 538, 927, 'burden'),
(420, 686, 90, 671, 'burden'),
(421, 765, 389, 919, 'traveling'),
(422, 358, 612, 676, 'traveling'),
(423, 862, 888, 634, 'traveling'),
(424, 665, 605, 834, 'traveling'),
(425, 388, 429, 271, 'traveling'),
(426, 219, 678, 542, 'burden'),
(427, 417, 378, 524, 'traveling'),
(428, 825, 11, 689, 'traveling'),
(429, 835, 163, 674, 'traveling'),
(430, 957, 949, 854, 'traveling'),
(431, 386, 865, 849, 'burden'),
(432, 2, 478, 762, 'traveling'),
(433, 773, 65, 804, 'burden'),
(434, 604, 698, 86, 'burden'),
(435, 762, 832, 131, 'burden'),
(436, 715, 645, 427, 'burden'),
(437, 618, 441, 29, 'burden'),
(438, 404, 236, 362, 'traveling'),
(439, 152, 812, 567, 'burden'),
(440, 811, 392, 900, 'burden'),
(441, 478, 585, 430, 'traveling'),
(442, 837, 277, 511, 'traveling'),
(443, 312, 438, 992, 'traveling'),
(444, 183, 680, 967, 'traveling'),
(445, 820, 45, 452, 'burden'),
(446, 921, 671, 378, 'burden'),
(447, 667, 305, 975, 'burden'),
(448, 982, 994, 298, 'burden'),
(449, 397, 588, 291, 'traveling'),
(450, 142, 43, 571, 'burden'),
(451, 436, 509, 862, 'burden'),
(452, 584, 709, 538, 'burden'),
(453, 166, 339, 300, 'traveling'),
(454, 210, 607, 512, 'traveling'),
(455, 869, 295, 353, 'traveling'),
(456, 191, 150, 998, 'burden'),
(457, 433, 102, 901, 'traveling'),
(458, 777, 707, 611, 'burden'),
(459, 726, 333, 283, 'traveling'),
(460, 441, 81, 408, 'traveling'),
(461, 192, 603, 841, 'traveling'),
(462, 12, 64, 706, 'burden'),
(463, 261, 943, 888, 'burden'),
(464, 352, 533, 238, 'traveling'),
(465, 825, 901, 954, 'traveling'),
(466, 879, 449, 295, 'burden'),
(467, 102, 813, 38, 'traveling'),
(468, 602, 758, 782, 'traveling'),
(469, 611, 311, 116, 'burden'),
(470, 889, 478, 473, 'burden'),
(471, 490, 956, 920, 'burden'),
(472, 34, 488, 979, 'burden'),
(473, 102, 423, 503, 'burden'),
(474, 874, 834, 948, 'traveling'),
(475, 565, 333, 702, 'traveling'),
(476, 53, 381, 676, 'burden'),
(477, 764, 568, 875, 'traveling'),
(478, 626, 627, 598, 'burden'),
(479, 250, 242, 467, 'burden'),
(480, 142, 810, 593, 'traveling'),
(481, 732, 156, 545, 'burden'),
(482, 644, 185, 883, 'traveling'),
(483, 40, 402, 771, 'traveling'),
(484, 498, 634, 928, 'burden'),
(485, 773, 195, 717, 'traveling'),
(486, 993, 147, 907, 'burden'),
(487, 494, 575, 103, 'burden'),
(488, 262, 733, 156, 'burden'),
(489, 149, 565, 347, 'burden'),
(490, 231, 496, 538, 'traveling'),
(491, 477, 26, 543, 'burden'),
(492, 426, 276, 48, 'traveling'),
(493, 137, 952, 867, 'traveling'),
(494, 997, 430, 723, 'traveling'),
(495, 681, 134, 32, 'burden'),
(496, 656, 326, 147, 'traveling'),
(497, 555, 482, 507, 'burden'),
(498, 533, 309, 271, 'burden'),
(499, 665, 201, 732, 'burden'),
(500, 414, 750, 457, 'traveling'),
(501, 667, 757, 246, 'burden'),
(502, 468, 756, 692, 'traveling'),
(503, 703, 582, 179, 'traveling'),
(504, 936, 982, 131, 'burden'),
(505, 36, 594, 449, 'traveling'),
(506, 741, 339, 936, 'burden'),
(507, 321, 573, 517, 'traveling'),
(508, 576, 977, 947, 'burden'),
(509, 661, 881, 4, 'burden'),
(510, 930, 578, 670, 'traveling'),
(511, 862, 721, 318, 'burden'),
(512, 854, 187, 448, 'traveling'),
(513, 455, 870, 233, 'burden'),
(514, 3, 638, 761, 'burden'),
(515, 98, 234, 802, 'burden'),
(516, 8, 54, 506, 'traveling'),
(517, 427, 826, 961, 'burden'),
(518, 591, 357, 225, 'traveling'),
(519, 877, 564, 580, 'burden'),
(520, 270, 117, 523, 'traveling'),
(521, 903, 817, 731, 'traveling'),
(522, 692, 216, 73, 'traveling'),
(523, 679, 242, 330, 'burden'),
(524, 278, 301, 127, 'burden'),
(525, 935, 791, 937, 'traveling'),
(526, 712, 279, 55, 'traveling'),
(527, 446, 894, 44, 'burden'),
(528, 247, 983, 475, 'burden'),
(529, 507, 552, 632, 'burden'),
(530, 721, 117, 564, 'traveling'),
(531, 495, 170, 372, 'burden'),
(532, 16, 992, 411, 'burden'),
(533, 214, 645, 451, 'burden'),
(534, 848, 135, 619, 'traveling'),
(535, 597, 860, 214, 'traveling'),
(536, 198, 876, 864, 'traveling'),
(537, 141, 921, 451, 'burden'),
(538, 101, 27, 934, 'traveling'),
(539, 442, 134, 341, 'traveling'),
(540, 745, 684, 918, 'traveling'),
(541, 81, 661, 658, 'burden'),
(542, 514, 23, 898, 'burden'),
(543, 388, 794, 854, 'burden'),
(544, 645, 916, 744, 'burden'),
(545, 426, 106, 965, 'burden'),
(546, 678, 313, 200, 'burden'),
(547, 583, 625, 740, 'burden'),
(548, 516, 16, 195, 'burden'),
(549, 163, 10, 915, 'burden'),
(550, 354, 951, 254, 'traveling'),
(551, 160, 274, 644, 'traveling'),
(552, 212, 498, 411, 'burden'),
(553, 261, 30, 809, 'traveling'),
(554, 409, 883, 355, 'burden'),
(555, 110, 284, 547, 'burden'),
(556, 512, 54, 204, 'burden'),
(557, 211, 844, 866, 'burden'),
(558, 114, 451, 670, 'burden'),
(559, 500, 765, 568, 'burden'),
(560, 179, 58, 116, 'burden'),
(561, 594, 727, 620, 'burden'),
(562, 246, 110, 612, 'traveling'),
(563, 212, 135, 660, 'traveling'),
(564, 437, 201, 278, 'traveling'),
(565, 716, 637, 961, 'burden'),
(566, 115, 576, 157, 'traveling'),
(567, 606, 682, 280, 'burden'),
(568, 604, 442, 283, 'burden'),
(569, 639, 949, 949, 'traveling'),
(570, 421, 120, 490, 'burden'),
(571, 312, 907, 585, 'traveling'),
(572, 747, 801, 748, 'traveling'),
(573, 729, 646, 899, 'burden'),
(574, 109, 54, 229, 'burden'),
(575, 105, 304, 63, 'traveling'),
(576, 40, 39, 813, 'burden'),
(577, 183, 332, 600, 'burden'),
(578, 999, 669, 506, 'burden'),
(579, 251, 128, 597, 'traveling'),
(580, 194, 408, 627, 'burden'),
(581, 477, 816, 345, 'burden'),
(582, 142, 110, 478, 'burden'),
(583, 986, 787, 258, 'traveling'),
(584, 504, 473, 360, 'burden'),
(585, 16, 100, 694, 'traveling'),
(586, 831, 181, 334, 'burden'),
(587, 867, 133, 930, 'traveling'),
(588, 570, 529, 866, 'traveling'),
(589, 442, 412, 740, 'burden'),
(590, 760, 343, 252, 'traveling'),
(591, 292, 693, 609, 'traveling'),
(592, 699, 470, 182, 'burden'),
(593, 915, 611, 17, 'traveling'),
(594, 983, 138, 192, 'traveling'),
(595, 980, 881, 242, 'traveling'),
(596, 842, 199, 348, 'burden'),
(597, 438, 218, 522, 'burden'),
(598, 752, 710, 901, 'traveling'),
(599, 636, 573, 602, 'burden'),
(600, 822, 469, 363, 'traveling'),
(601, 829, 127, 248, 'traveling'),
(602, 582, 200, 469, 'traveling'),
(603, 724, 61, 473, 'burden'),
(604, 838, 936, 727, 'burden'),
(605, 123, 765, 977, 'burden'),
(606, 124, 441, 173, 'traveling'),
(607, 18, 593, 844, 'burden'),
(608, 830, 950, 585, 'burden'),
(609, 275, 861, 543, 'burden'),
(610, 282, 426, 473, 'traveling'),
(611, 564, 620, 928, 'traveling'),
(612, 806, 709, 325, 'burden'),
(613, 650, 731, 296, 'burden'),
(614, 752, 438, 675, 'traveling'),
(615, 492, 735, 600, 'traveling'),
(616, 226, 309, 133, 'traveling'),
(617, 321, 88, 672, 'burden'),
(618, 117, 505, 885, 'burden'),
(619, 595, 682, 507, 'burden'),
(620, 546, 893, 45, 'traveling'),
(621, 327, 955, 377, 'traveling'),
(622, 438, 477, 744, 'burden'),
(623, 96, 80, 629, 'traveling'),
(624, 312, 483, 332, 'traveling'),
(625, 406, 923, 78, 'burden'),
(626, 458, 461, 311, 'traveling'),
(627, 500, 851, 883, 'traveling'),
(628, 850, 712, 201, 'traveling'),
(629, 515, 511, 324, 'burden'),
(630, 305, 603, 446, 'traveling'),
(631, 757, 2, 216, 'traveling'),
(632, 912, 598, 240, 'traveling'),
(633, 869, 293, 990, 'traveling'),
(634, 448, 143, 228, 'burden'),
(635, 233, 26, 194, 'burden'),
(636, 263, 868, 170, 'traveling'),
(637, 643, 736, 283, 'burden'),
(638, 823, 74, 152, 'burden'),
(639, 341, 716, 992, 'traveling'),
(640, 831, 748, 374, 'traveling'),
(641, 992, 195, 797, 'burden'),
(642, 553, 299, 651, 'traveling'),
(643, 914, 725, 772, 'traveling'),
(644, 365, 276, 971, 'traveling'),
(645, 2, 798, 15, 'burden'),
(646, 226, 634, 713, 'burden'),
(647, 90, 529, 443, 'traveling'),
(648, 474, 478, 651, 'burden'),
(649, 949, 577, 412, 'burden'),
(650, 46, 837, 457, 'traveling'),
(651, 37, 468, 924, 'traveling'),
(652, 182, 673, 217, 'burden'),
(653, 473, 620, 833, 'burden'),
(654, 17, 759, 587, 'traveling'),
(655, 46, 695, 297, 'burden'),
(656, 615, 678, 383, 'burden'),
(657, 853, 345, 491, 'traveling'),
(658, 820, 218, 32, 'traveling'),
(659, 492, 593, 479, 'burden'),
(660, 862, 87, 665, 'traveling'),
(661, 417, 753, 355, 'burden'),
(662, 633, 67, 834, 'traveling'),
(663, 382, 930, 547, 'burden'),
(664, 394, 977, 826, 'burden'),
(665, 217, 887, 599, 'traveling'),
(666, 151, 816, 345, 'traveling'),
(667, 236, 545, 204, 'traveling'),
(668, 700, 427, 827, 'traveling'),
(669, 663, 11, 524, 'traveling'),
(670, 433, 155, 901, 'traveling'),
(671, 489, 905, 159, 'traveling'),
(672, 660, 575, 296, 'burden'),
(673, 688, 587, 536, 'burden'),
(674, 238, 482, 63, 'traveling'),
(675, 806, 910, 132, 'traveling'),
(676, 770, 179, 695, 'burden'),
(677, 16, 572, 315, 'burden'),
(678, 663, 721, 83, 'burden'),
(679, 181, 496, 209, 'burden'),
(680, 966, 442, 723, 'traveling'),
(681, 732, 908, 713, 'burden'),
(682, 124, 560, 289, 'burden'),
(683, 418, 710, 470, 'burden'),
(684, 266, 645, 981, 'traveling'),
(685, 363, 984, 849, 'burden'),
(686, 907, 871, 568, 'burden'),
(687, 886, 123, 621, 'traveling'),
(688, 570, 786, 774, 'traveling'),
(689, 173, 884, 470, 'traveling'),
(690, 688, 788, 435, 'burden'),
(691, 519, 574, 968, 'burden'),
(692, 552, 854, 371, 'burden'),
(693, 47, 246, 717, 'burden'),
(694, 889, 447, 787, 'burden'),
(695, 794, 948, 395, 'burden'),
(696, 662, 955, 484, 'burden'),
(697, 652, 857, 80, 'burden'),
(698, 787, 495, 747, 'traveling'),
(699, 153, 200, 509, 'traveling'),
(700, 976, 973, 567, 'traveling'),
(701, 700, 611, 200, 'burden'),
(702, 54, 157, 25, 'burden'),
(703, 870, 890, 866, 'traveling'),
(704, 987, 508, 209, 'burden'),
(705, 622, 185, 958, 'burden'),
(706, 359, 668, 460, 'burden'),
(707, 315, 375, 226, 'burden'),
(708, 954, 834, 226, 'burden'),
(709, 572, 521, 741, 'burden'),
(710, 451, 902, 379, 'traveling'),
(711, 988, 149, 509, 'traveling'),
(712, 704, 400, 112, 'traveling'),
(713, 724, 930, 962, 'burden'),
(714, 706, 234, 631, 'traveling'),
(715, 998, 57, 152, 'burden'),
(716, 772, 309, 514, 'burden'),
(717, 748, 768, 291, 'burden'),
(718, 46, 816, 698, 'burden'),
(719, 592, 804, 639, 'traveling'),
(720, 893, 507, 0, 'traveling'),
(721, 917, 754, 166, 'traveling'),
(722, 685, 989, 501, 'burden'),
(723, 313, 135, 584, 'traveling'),
(724, 269, 836, 855, 'burden'),
(725, 924, 990, 814, 'traveling'),
(726, 793, 486, 2, 'burden'),
(727, 466, 724, 213, 'burden'),
(728, 568, 666, 1, 'traveling'),
(729, 401, 425, 770, 'traveling'),
(730, 661, 525, 194, 'burden'),
(731, 508, 301, 447, 'burden'),
(732, 696, 126, 560, 'traveling'),
(733, 663, 924, 112, 'traveling'),
(734, 427, 716, 411, 'traveling'),
(735, 120, 273, 432, 'burden'),
(736, 643, 555, 900, 'traveling'),
(737, 633, 549, 203, 'traveling'),
(738, 940, 417, 51, 'traveling'),
(739, 986, 34, 86, 'burden'),
(740, 928, 340, 664, 'burden'),
(741, 978, 658, 996, 'burden'),
(742, 822, 311, 521, 'traveling'),
(743, 238, 2, 556, 'traveling'),
(744, 216, 617, 24, 'burden'),
(745, 405, 678, 887, 'burden'),
(746, 930, 120, 140, 'burden'),
(747, 631, 368, 847, 'traveling'),
(748, 973, 380, 908, 'traveling'),
(749, 385, 217, 344, 'burden'),
(750, 61, 871, 157, 'burden'),
(751, 716, 991, 680, 'burden'),
(752, 890, 518, 531, 'burden'),
(753, 480, 724, 13, 'burden'),
(754, 348, 672, 25, 'burden'),
(755, 464, 818, 381, 'burden'),
(756, 983, 713, 398, 'burden'),
(757, 699, 930, 936, 'traveling'),
(758, 781, 258, 191, 'traveling'),
(759, 479, 710, 870, 'burden'),
(760, 206, 423, 536, 'burden'),
(761, 44, 8, 223, 'burden'),
(762, 638, 573, 77, 'traveling'),
(763, 386, 588, 259, 'burden'),
(764, 116, 333, 612, 'burden'),
(765, 370, 583, 929, 'burden'),
(766, 109, 714, 164, 'traveling'),
(767, 536, 299, 683, 'traveling'),
(768, 271, 44, 739, 'traveling'),
(769, 704, 324, 476, 'traveling'),
(770, 252, 914, 662, 'traveling'),
(771, 915, 781, 68, 'traveling'),
(772, 947, 537, 343, 'burden'),
(773, 177, 375, 643, 'burden'),
(774, 115, 405, 749, 'traveling'),
(775, 307, 354, 239, 'burden'),
(776, 133, 578, 824, 'burden'),
(777, 447, 565, 830, 'traveling'),
(778, 806, 814, 269, 'traveling'),
(779, 967, 585, 780, 'traveling'),
(780, 198, 894, 593, 'burden'),
(781, 959, 0, 126, 'traveling'),
(782, 463, 544, 370, 'traveling'),
(783, 593, 720, 855, 'traveling'),
(784, 709, 144, 291, 'burden'),
(785, 778, 206, 134, 'traveling'),
(786, 365, 666, 732, 'burden'),
(787, 171, 782, 554, 'traveling'),
(788, 87, 540, 518, 'burden'),
(789, 56, 923, 113, 'burden'),
(790, 332, 641, 254, 'traveling'),
(791, 789, 239, 575, 'traveling'),
(792, 464, 835, 412, 'burden'),
(793, 662, 515, 471, 'burden'),
(794, 178, 324, 125, 'burden'),
(795, 329, 471, 492, 'traveling'),
(796, 383, 607, 201, 'burden'),
(797, 984, 615, 186, 'burden'),
(798, 456, 943, 831, 'burden'),
(799, 846, 128, 270, 'burden'),
(800, 540, 638, 632, 'traveling'),
(801, 468, 160, 260, 'traveling'),
(802, 898, 91, 541, 'burden'),
(803, 787, 568, 961, 'burden'),
(804, 789, 582, 342, 'burden'),
(805, 315, 205, 340, 'burden'),
(806, 742, 879, 795, 'traveling'),
(807, 972, 560, 920, 'burden'),
(808, 475, 90, 714, 'traveling'),
(809, 995, 232, 34, 'burden'),
(810, 858, 188, 218, 'traveling'),
(811, 293, 139, 907, 'burden'),
(812, 411, 428, 422, 'burden'),
(813, 654, 573, 763, 'burden'),
(814, 353, 159, 746, 'burden'),
(815, 247, 229, 389, 'traveling'),
(816, 596, 642, 306, 'burden'),
(817, 554, 707, 539, 'burden'),
(818, 883, 714, 486, 'burden'),
(819, 810, 762, 434, 'traveling'),
(820, 732, 909, 481, 'burden'),
(821, 52, 661, 788, 'burden'),
(822, 945, 100, 434, 'traveling'),
(823, 517, 8, 312, 'burden'),
(824, 974, 925, 909, 'traveling'),
(825, 10, 379, 566, 'burden'),
(826, 942, 701, 418, 'burden'),
(827, 932, 725, 44, 'burden'),
(828, 807, 49, 778, 'traveling'),
(829, 70, 794, 578, 'traveling'),
(830, 712, 703, 79, 'burden'),
(831, 698, 142, 423, 'burden'),
(832, 462, 550, 334, 'burden'),
(833, 651, 556, 724, 'burden'),
(834, 97, 771, 82, 'burden'),
(835, 108, 240, 747, 'traveling'),
(836, 569, 675, 432, 'burden'),
(837, 650, 869, 359, 'burden'),
(838, 885, 947, 960, 'burden'),
(839, 929, 282, 754, 'burden'),
(840, 355, 69, 225, 'burden'),
(841, 950, 315, 709, 'traveling'),
(842, 876, 700, 847, 'traveling'),
(843, 812, 704, 741, 'traveling'),
(844, 675, 785, 547, 'traveling'),
(845, 88, 233, 463, 'burden'),
(846, 366, 526, 566, 'traveling'),
(847, 600, 734, 204, 'burden'),
(848, 25, 980, 851, 'traveling'),
(849, 941, 289, 536, 'burden'),
(850, 642, 533, 266, 'burden'),
(851, 765, 845, 229, 'traveling'),
(852, 375, 566, 687, 'burden'),
(853, 337, 891, 495, 'traveling'),
(854, 103, 732, 873, 'burden'),
(855, 749, 796, 225, 'burden'),
(856, 483, 601, 176, 'traveling'),
(857, 268, 371, 611, 'burden'),
(858, 965, 71, 443, 'traveling'),
(859, 410, 361, 210, 'burden'),
(860, 161, 742, 146, 'traveling'),
(861, 573, 561, 554, 'traveling'),
(862, 98, 703, 787, 'burden'),
(863, 192, 409, 644, 'burden'),
(864, 560, 712, 755, 'burden'),
(865, 882, 822, 646, 'traveling'),
(866, 422, 550, 107, 'traveling'),
(867, 537, 595, 630, 'burden'),
(868, 382, 268, 300, 'burden'),
(869, 40, 306, 690, 'burden'),
(870, 121, 956, 850, 'traveling'),
(871, 317, 766, 299, 'traveling'),
(872, 145, 436, 562, 'traveling'),
(873, 682, 937, 141, 'traveling'),
(874, 96, 128, 734, 'traveling'),
(875, 178, 659, 568, 'burden'),
(876, 276, 29, 289, 'traveling'),
(877, 663, 417, 190, 'traveling'),
(878, 824, 535, 128, 'burden'),
(879, 182, 973, 669, 'burden'),
(880, 606, 777, 62, 'burden'),
(881, 38, 135, 298, 'traveling'),
(882, 839, 605, 252, 'burden'),
(883, 709, 785, 862, 'traveling'),
(884, 271, 989, 534, 'burden'),
(885, 920, 928, 250, 'traveling'),
(886, 734, 744, 885, 'burden'),
(887, 779, 484, 544, 'burden'),
(888, 767, 694, 175, 'traveling'),
(889, 521, 462, 981, 'burden'),
(890, 149, 347, 550, 'burden'),
(891, 853, 240, 273, 'traveling'),
(892, 135, 81, 305, 'traveling'),
(893, 546, 253, 346, 'burden'),
(894, 771, 847, 754, 'traveling'),
(895, 664, 312, 877, 'traveling'),
(896, 485, 390, 536, 'burden'),
(897, 601, 902, 613, 'traveling'),
(898, 934, 437, 363, 'burden'),
(899, 332, 525, 841, 'traveling'),
(900, 150, 278, 109, 'burden'),
(901, 421, 30, 799, 'traveling'),
(902, 662, 781, 316, 'burden'),
(903, 566, 437, 139, 'burden'),
(904, 643, 967, 877, 'traveling'),
(905, 943, 577, 787, 'burden'),
(906, 964, 454, 317, 'traveling'),
(907, 339, 728, 492, 'burden'),
(908, 255, 564, 982, 'burden'),
(909, 821, 249, 530, 'traveling'),
(910, 311, 831, 242, 'traveling'),
(911, 89, 932, 846, 'traveling'),
(912, 172, 89, 747, 'traveling'),
(913, 637, 808, 483, 'burden'),
(914, 39, 941, 536, 'traveling'),
(915, 821, 744, 14, 'traveling'),
(916, 502, 764, 462, 'burden'),
(917, 815, 411, 752, 'burden'),
(918, 247, 35, 61, 'burden'),
(919, 812, 203, 553, 'burden'),
(920, 491, 708, 626, 'traveling'),
(921, 513, 632, 571, 'burden'),
(922, 566, 669, 244, 'burden'),
(923, 967, 907, 563, 'burden'),
(924, 858, 398, 578, 'burden'),
(925, 187, 616, 949, 'burden'),
(926, 910, 246, 938, 'traveling'),
(927, 574, 116, 313, 'traveling'),
(928, 308, 224, 577, 'burden'),
(929, 498, 118, 216, 'traveling'),
(930, 271, 829, 949, 'burden'),
(931, 338, 829, 530, 'burden'),
(932, 869, 327, 981, 'burden'),
(933, 397, 516, 949, 'burden'),
(934, 605, 711, 694, 'traveling'),
(935, 630, 430, 543, 'traveling'),
(936, 329, 301, 506, 'burden'),
(937, 542, 658, 773, 'traveling'),
(938, 502, 557, 10, 'burden'),
(939, 339, 616, 498, 'traveling'),
(940, 495, 500, 37, 'burden'),
(941, 381, 454, 900, 'burden'),
(942, 781, 241, 149, 'burden'),
(943, 973, 998, 368, 'burden'),
(944, 336, 856, 263, 'traveling'),
(945, 753, 381, 462, 'burden'),
(946, 803, 910, 549, 'traveling'),
(947, 131, 484, 241, 'burden'),
(948, 289, 782, 896, 'burden'),
(949, 369, 845, 416, 'burden'),
(950, 264, 83, 259, 'burden'),
(951, 88, 335, 44, 'traveling'),
(952, 957, 934, 55, 'burden'),
(953, 360, 923, 357, 'traveling'),
(954, 197, 519, 228, 'traveling'),
(955, 275, 594, 371, 'traveling'),
(956, 50, 943, 85, 'burden'),
(957, 775, 902, 920, 'burden'),
(958, 292, 761, 539, 'traveling'),
(959, 63, 971, 927, 'burden'),
(960, 246, 283, 188, 'burden'),
(961, 348, 157, 403, 'traveling'),
(962, 405, 105, 220, 'burden'),
(963, 451, 62, 726, 'traveling'),
(964, 565, 829, 228, 'burden'),
(965, 467, 619, 949, 'traveling'),
(966, 204, 687, 309, 'traveling'),
(967, 11, 206, 42, 'burden'),
(968, 306, 374, 255, 'traveling'),
(969, 230, 802, 307, 'traveling'),
(970, 920, 306, 789, 'burden'),
(971, 272, 263, 857, 'traveling'),
(972, 921, 25, 536, 'traveling'),
(973, 720, 148, 469, 'burden'),
(974, 614, 56, 569, 'burden'),
(975, 905, 780, 414, 'burden'),
(976, 266, 670, 813, 'traveling'),
(977, 342, 756, 154, 'traveling'),
(978, 389, 453, 465, 'burden'),
(979, 125, 87, 744, 'burden'),
(980, 692, 439, 483, 'burden'),
(981, 583, 129, 511, 'burden'),
(982, 875, 558, 756, 'burden'),
(983, 116, 590, 714, 'traveling'),
(984, 725, 730, 501, 'burden'),
(985, 394, 249, 685, 'burden'),
(986, 641, 348, 723, 'traveling'),
(987, 75, 128, 820, 'burden'),
(988, 114, 666, 186, 'traveling'),
(989, 879, 772, 442, 'burden'),
(990, 530, 47, 334, 'traveling'),
(991, 696, 619, 277, 'burden'),
(992, 930, 337, 39, 'traveling'),
(993, 672, 348, 215, 'burden'),
(994, 838, 327, 408, 'burden'),
(995, 317, 834, 502, 'traveling'),
(996, 9, 497, 745, 'burden'),
(997, 10, 129, 552, 'burden'),
(998, 371, 706, 261, 'traveling'),
(999, 837, 860, 141, 'traveling'),
(333333, 5555, 6666, 1000, 'normal'),
(333343, 5555, 7777, 1800, 'normal'),
(336643, 6666, 7777, 900, 'normal'),
(336743, 6666, 7877, 900, 'normal');

-- --------------------------------------------------------

--
-- Stand-in structure for view `RouteStationCashierView`
-- (See below for the actual view)
--
CREATE TABLE `RouteStationCashierView` (
`route_id` int(8)
,`origin_station_id` int(8)
,`destination_station_id` int(8)
,`station_name` varchar(20)
,`ID` varchar(9)
,`stationName` varchar(20)
);

-- --------------------------------------------------------

--
-- Table structure for table `Station`
--

CREATE TABLE `Station` (
  `station_id` int(8) NOT NULL,
  `station_name` varchar(20) NOT NULL,
  `city` varchar(20) NOT NULL,
  `state` varchar(20) NOT NULL,
  `country` varchar(20) NOT NULL,
  `establishment` int(4) NOT NULL,
  `type_station` varchar(20) NOT NULL
) ENGINE=InnoDB DEFAULT CHARSET=utf8 COLLATE=utf8_unicode_ci;

--
-- Dumping data for table `Station`
--

INSERT INTO `Station` (`station_id`, `station_name`, `city`, `state`, `country`, `establishment`, `type_station`) VALUES
(0, 'Gare de Rennes', 'Kuala Lumpur', 'Iowa', 'Tunisia', 1864, 'burden'),
(1, 'hashalom', 'tel aviv', 'israel', 'israel', 1943, 'traveling'),
(2, 'itzhak navon', 'jerusalem', 'israel', 'israel', 2021, 'traveling'),
(3, 'portA', 'ashdod', 'israel', 'israel', 1934, 'burden'),
(4, 'portB', 'haifa', 'israel', 'israel', 1922, 'burden'),
(5, 'hashalm', 'tel aviv', 'israel', 'iael', 1983, 'traveling'),
(6, 'Gare de Tarbes', 'Mumbai', 'California', 'South Africa', 1809, 'traveling'),
(7, 'Gare de Saint-Nazair', 'Montreal', 'Louisiana', 'Japan', 1854, 'traveling'),
(8, 'Gare de Caen', 'Istanbul', 'Kansas', 'Ethiopia', 1768, 'traveling'),
(9, 'Shinjuku', 'Budapest', 'Colorado', 'Malaysia', 1776, 'burden'),
(10, 'Tokyo Station', 'Vienna', 'Louisiana', 'United Arab Emirates', 1780, 'burden'),
(11, 'Charing Cross', 'Munich', 'Louisiana', 'Israel', 1781, 'traveling'),
(12, 'Gare Montparnasse', 'Prague', 'Arkansas', 'Norway', 1904, 'burden'),
(13, 'Kings Lynn', 'Tokyo', 'Connecticut', 'Egypt', 1900, 'traveling'),
(14, 'Gare de Lille-Flandr', 'Los Angeles', 'Alaska', 'Egypt', 1988, 'traveling'),
(15, 'Gare de Perpignan', 'Istanbul', 'Kansas', 'Colombia', 1941, 'traveling'),
(16, 'Gare de Le Mans', 'Vienna', 'Idaho', 'Myanmar', 1841, 'traveling'),
(17, 'Gare de Le Mans', 'Lisbon', 'Georgia', 'Cambodia', 1841, 'burden'),
(18, 'Gare de Toulon', 'Brussels', 'Hawaii', 'Netherlands', 1975, 'traveling'),
(19, 'Gare de Marseille-Sa', 'Mumbai', 'Georgia', 'Russia', 1940, 'traveling'),
(20, 'Wuhan Railway Statio', 'Berlin', 'Delaware', 'Ethiopia', 1892, 'traveling'),
(21, 'Stazione Centrale di', 'Hong Kong', 'Idaho', 'Turkey', 1705, 'traveling'),
(22, 'Gare de Quimper', 'Lisbon', 'Arkansas', 'Qatar', 1753, 'burden'),
(23, 'Gare de Rouen-Rive-D', 'Budapest', 'Arkansas', 'Colombia', 1912, 'burden'),
(24, 'Gare de Nice-Ville', 'Singapore', 'Connecticut', 'South Korea', 1841, 'traveling'),
(25, 'Gare de Nantes', 'Vienna', 'Georgia', 'United States', 1877, 'burden'),
(26, 'Gare de Mont-de-Mars', 'Helsinki', 'Iowa', 'Myanmar', 1897, 'traveling'),
(27, 'Gare de Tarbes', 'Los Angeles', 'Arizona', 'United Kingdom', 1851, 'traveling'),
(28, 'Gare de Montpellier-', 'Amsterdam', 'Illinois', 'Denmark', 1713, 'traveling'),
(29, 'Gare de Auxerre-Sain', 'Athens', 'Maine', 'Malaysia', 1729, 'burden'),
(30, 'Gare de Lausanne', 'Moscow', 'Colorado', 'United States', 1812, 'burden'),
(31, 'Santa Lucia', 'Brussels', 'Indiana', 'Indonesia', 1900, 'traveling'),
(32, 'Gare de Prigueux', 'Dublin', 'Alabama', 'Mexico', 1878, 'traveling'),
(33, 'Gare de Strasbourg', 'Dublin', 'Florida', 'Cambodia', 1875, 'burden'),
(34, 'New Street', 'Chicago', 'Georgia', 'Norway', 1881, 'traveling'),
(35, 'Gare de Brest', 'Paris', 'Louisiana', 'Kenya', 1770, 'traveling'),
(36, 'Gare de Pau', 'Toronto', 'Louisiana', 'Singapore', 1860, 'burden'),
(37, 'Gare de Metz-Ville', 'Beijing', 'Alabama', 'Algeria', 1801, 'burden'),
(38, 'Gare de Tours-Saint-', 'Shanghai', 'Arizona', 'France', 1751, 'traveling'),
(39, 'Gare de Troyes', 'Edinburgh', 'Maine', 'Iran', 1866, 'burden'),
(40, 'Stazione di Napoli C', 'Mexico City', 'Colorado', 'Philippines', 1790, 'traveling'),
(41, 'Seoul Station', 'Edinburgh', 'Colorado', 'Spain', 1883, 'burden'),
(42, 'Gare de Clermont-Fer', 'Cape Town', 'Florida', 'Mexico', 1928, 'burden'),
(43, 'Gare de Dijon-Ville', 'Athens', 'Indiana', 'Denmark', 1926, 'burden'),
(44, 'Gare de Limoges-Bn', 'Miami', 'Kansas', 'Colombia', 1894, 'burden'),
(45, 'Stazione Centrale di', 'Berlin', 'Idaho', 'Philippines', 1879, 'traveling'),
(46, 'Gare de Perpignan', 'Munich', 'Alabama', 'Saudi Arabia', 1808, 'burden'),
(47, 'Tokyo Station', 'Helsinki', 'Hawaii', 'Myanmar', 1720, 'burden'),
(48, 'Gare de Grenoble', 'Oslo', 'Kansas', 'Ghana', 1800, 'burden'),
(49, 'Gare de Roubaix', 'Dublin', 'Connecticut', 'Kenya', 1877, 'burden'),
(50, 'Gare Saint-Lazare', 'Toronto', 'Connecticut', 'Philippines', 1849, 'traveling'),
(51, 'Gare du Nord', 'Chicago', 'Indiana', 'Netherlands', 1775, 'traveling'),
(52, 'Gare de Bordeaux-Sai', 'Los Angeles', 'Louisiana', 'United Kingdom', 1885, 'traveling'),
(53, 'Gare de Rodez', 'Sydney', 'Hawaii', 'France', 1943, 'traveling'),
(54, 'Gare Saint-Lazare', 'Oslo', 'Iowa', 'Brazil', 1965, 'burden'),
(55, 'Gare de Bordeaux-Sai', 'London', 'Florida', 'Indonesia', 1825, 'traveling'),
(56, 'Shinjuku', 'Shanghai', 'Delaware', 'Algeria', 1885, 'burden'),
(57, 'Gare de Saint-Malo', 'Zurich', 'Florida', 'Pakistan', 1951, 'traveling'),
(58, 'Gare de Lille Europe', 'Washington D.C.', 'Maine', 'South Africa', 1757, 'burden'),
(59, 'Zurich Hauptbahnhof', 'Copenhagen', 'Alabama', 'Chile', 1730, 'traveling'),
(60, 'Stazione di Roma Ter', 'Sydney', 'Kansas', 'Spain', 1751, 'traveling'),
(61, 'Beijing Railway Stat', 'Washington D.C.', 'Maine', 'Ghana', 1955, 'burden'),
(62, 'Gare de Rennes', 'Tokyo', 'California', 'Finland', 1943, 'burden'),
(63, 'Gare de Perpignan', 'Sydney', 'Colorado', 'Argentina', 1810, 'burden'),
(64, 'Gare de Rennes', 'Zurich', 'Indiana', 'Colombia', 1836, 'burden'),
(65, 'Liverpool Street', 'Munich', 'Hawaii', 'Chile', 1832, 'traveling'),
(66, 'Berlin Hauptbahnhof', 'Paris', 'Louisiana', 'Denmark', 1736, 'traveling'),
(67, 'Gare de Mont-de-Mars', 'Hong Kong', 'Louisiana', 'China', 1798, 'traveling'),
(68, 'Gare de Vannes', 'Istanbul', 'Florida', 'Indonesia', 1944, 'traveling'),
(69, 'Gare de Quimper', 'Dubai', 'California', 'Singapore', 1774, 'burden'),
(70, 'Gare de Tarbes', 'Lisbon', 'Kansas', 'United Kingdom', 2011, 'burden'),
(71, 'Beijing Railway Stat', 'Cape Town', 'Alabama', 'Mexico', 1710, 'burden'),
(72, 'Gare de Bourges', 'Berlin', 'Kansas', 'Germany', 1805, 'traveling'),
(73, 'Gare dAusterlitz', 'Moscow', 'Arizona', 'Nigeria', 1748, 'traveling'),
(74, 'Gare de Montpellier-', 'Athens', 'Arizona', 'Israel', 1974, 'burden'),
(75, 'Gare de Montauban-Vi', 'Kuala Lumpur', 'Illinois', 'Brazil', 2010, 'burden'),
(76, 'Gare de Saintes', 'Seoul', 'Illinois', 'Philippines', 1791, 'traveling'),
(77, 'New Street', 'Toronto', 'Arizona', 'Australia', 1917, 'burden'),
(78, 'New Street', 'Istanbul', 'Louisiana', 'Myanmar', 1749, 'traveling'),
(79, 'New Street', 'Vancouver', 'Hawaii', 'Indonesia', 1759, 'traveling'),
(80, 'Gare de Roubaix', 'Seoul', 'Arizona', 'Peru', 1909, 'burden'),
(81, 'Victoria Station', 'Paris', 'Hawaii', 'Mexico', 2006, 'traveling'),
(82, 'Berlin Hauptbahnhof', 'Montreal', 'Alabama', 'China', 1753, 'burden'),
(83, 'Gare de Montauban-Vi', 'Helsinki', 'Idaho', 'United Kingdom', 1716, 'traveling'),
(84, 'Gare de Tours-Saint-', 'Stockholm', 'Florida', 'Saudi Arabia', 1938, 'burden'),
(85, 'Gare de Mulhouse', 'Cape Town', 'Arkansas', 'Egypt', 1913, 'traveling'),
(86, 'Gare de Metz-Ville', 'Istanbul', 'Louisiana', 'Argentina', 1902, 'traveling'),
(87, 'Gare de Laval', 'San Francisco', 'Illinois', 'India', 1786, 'traveling'),
(88, 'Gare de Niort', 'Chicago', 'Idaho', 'Morocco', 1784, 'burden'),
(89, 'Shinjuku', 'Stockholm', 'Louisiana', 'Turkey', 1849, 'burden'),
(90, 'Gare de Bziers', 'Paris', 'Arkansas', 'Israel', 1835, 'burden'),
(91, 'Gare de Lyon-Part-Di', 'San Diego', 'Delaware', 'Morocco', 1806, 'burden'),
(92, 'Kings Lynn', 'Tokyo', 'Delaware', 'Denmark', 1915, 'burden'),
(93, 'Gare de Perpignan', 'Oslo', 'Indiana', 'South Korea', 1867, 'traveling'),
(94, 'Gare de Bourges', 'Seoul', 'Kansas', 'South Korea', 1895, 'traveling'),
(95, 'Santa Lucia', 'Miami', 'Colorado', 'India', 1780, 'burden'),
(96, 'Gare de Dijon-Ville', 'Kuala Lumpur', 'Louisiana', 'Brazil', 1963, 'traveling'),
(97, 'Gare de Angers-Saint', 'Buenos Aires', 'Louisiana', 'Kenya', 1838, 'traveling'),
(98, 'Gare de Tours', 'Kuala Lumpur', 'Iowa', 'Brazil', 1891, 'burden'),
(99, 'Gare de La Rochelle-', 'Istanbul', 'California', 'Mexico', 1839, 'burden'),
(100, 'Gare de Tours-Saint-', 'Los Angeles', 'Delaware', 'Japan', 1931, 'burden'),
(101, 'Zurich Hauptbahnhof', 'Los Angeles', 'Alaska', 'Tunisia', 1792, 'traveling'),
(102, 'Gare Saint-Lazare', 'Chicago', 'Connecticut', 'Iran', 1798, 'burden'),
(103, 'Gare de Nancy-Ville', 'Mexico City', 'Hawaii', 'India', 1872, 'traveling'),
(104, 'Gare de Clermont-Fer', 'Dubai', 'Delaware', 'Canada', 1990, 'traveling'),
(105, 'Gare de Saint-Brieuc', 'Dubai', 'Maryland', 'Australia', 1843, 'burden'),
(106, 'Barcelona Sants', 'Stockholm', 'Alabama', 'France', 1971, 'burden'),
(107, 'Gare Saint-Lazare', 'Athens', 'Maine', 'Argentina', 1723, 'traveling'),
(108, 'Gare de Strasbourg-V', 'Manila', 'Georgia', 'Ethiopia', 1704, 'traveling'),
(109, 'Gare de Troyes', 'Prague', 'Georgia', 'Egypt', 2018, 'burden'),
(110, 'Gare de Carcassonne', 'Hong Kong', 'Kansas', 'South Africa', 1858, 'traveling'),
(111, 'Union Station', 'Lisbon', 'Maryland', 'Norway', 1931, 'traveling'),
(112, 'Gare de Auxerre-Sain', 'Mumbai', 'Alaska', 'United States', 1728, 'burden'),
(113, 'Gare de Toulouse-Mat', 'Miami', 'Hawaii', 'Brazil', 1934, 'traveling'),
(114, 'Gare de Nice-Ville', 'Los Angeles', 'Alaska', 'Tunisia', 1876, 'burden'),
(115, 'Gare de Metz-Ville', 'Washington D.C.', 'Maine', 'Philippines', 1779, 'burden'),
(116, 'Gare de Toulouse-Mat', 'Mumbai', 'Louisiana', 'Netherlands', 1783, 'traveling'),
(117, 'Gare Montparnasse', 'London', 'Arizona', 'Spain', 1852, 'traveling'),
(118, 'Stazione Centrale di', 'Shanghai', 'Georgia', 'United Arab Emirates', 1722, 'burden'),
(119, 'Gare de Prigueux', 'Oslo', 'Delaware', 'Italy', 1897, 'burden'),
(120, 'Gare de Nice-Ville', 'Prague', 'Arizona', 'India', 2005, 'burden'),
(121, 'Gare de Nmes', 'Singapore', 'Maryland', 'Indonesia', 1752, 'burden'),
(122, 'Gare de La Rochelle-', 'Shanghai', 'Iowa', 'Tunisia', 1900, 'burden'),
(123, 'Gare de Lorient', 'Tokyo', 'Florida', 'Egypt', 1710, 'traveling'),
(124, 'Gare de Troyes', 'Miami', 'Louisiana', 'China', 1835, 'traveling'),
(125, 'Gare de Tours-Saint-', 'Miami', 'Arizona', 'Philippines', 1797, 'traveling'),
(126, 'Amsterdam Centraal', 'Cape Town', 'Iowa', 'Sweden', 1971, 'burden'),
(127, 'Seoul Station', 'Tokyo', 'Hawaii', 'Russia', 1909, 'burden'),
(128, 'Gare Saint-Lazare', 'Chicago', 'Maine', 'Singapore', 1800, 'traveling'),
(129, 'Gare de Lille Europe', 'Rome', 'Florida', 'Thailand', 1864, 'burden'),
(130, 'Gare de Caen', 'Mumbai', 'Kentucky', 'Denmark', 1825, 'traveling'),
(131, 'Gare de Saint-Malo', 'Sydney', 'California', 'Turkey', 1754, 'burden'),
(132, 'Gare de Roubaix', 'Seoul', 'Colorado', 'South Africa', 1706, 'traveling'),
(133, 'Gare de Lausanne', 'Copenhagen', 'Alaska', 'Peru', 1779, 'burden'),
(134, 'Gare de Lille Europe', 'Cape Town', 'Hawaii', 'Egypt', 1936, 'traveling'),
(135, 'Gare de Lille Europe', 'Cape Town', 'Maine', 'Argentina', 1944, 'traveling'),
(136, 'Gare de Le Mans', 'Beijing', 'Florida', 'India', 1916, 'traveling'),
(137, 'Shinjuku', 'Edinburgh', 'Florida', 'Morocco', 1986, 'traveling'),
(138, 'Chhatrapati Shivaji ', 'Amsterdam', 'Idaho', 'United Kingdom', 1883, 'traveling'),
(139, 'Liverpool Street', 'Mexico City', 'Louisiana', 'Algeria', 1972, 'burden'),
(140, 'Gare de Tours', 'Manila', 'Hawaii', 'Canada', 1794, 'traveling'),
(141, 'Gare de Dijon-Ville', 'Miami', 'Alaska', 'South Africa', 1848, 'burden'),
(142, 'Penn Station', 'Moscow', 'California', 'Finland', 1828, 'traveling'),
(143, 'Gare de Lyon-Part-Di', 'Moscow', 'Hawaii', 'United States', 1921, 'traveling'),
(144, 'Stazione di Roma Ter', 'Istanbul', 'Idaho', 'United Arab Emirates', 1938, 'traveling'),
(145, 'Gare de Rodez', 'Rio de Janeiro', 'Idaho', 'United States', 1925, 'traveling'),
(146, 'Amsterdam Centraal', 'Edinburgh', 'Georgia', 'Peru', 1994, 'burden'),
(147, 'Gare de Niort', 'Copenhagen', 'Kansas', 'Netherlands', 1708, 'traveling'),
(148, 'Gare de Saint-Malo', 'Athens', 'Alaska', 'Russia', 1960, 'traveling'),
(149, 'Hauptbahnhof', 'Rome', 'Alaska', 'Tunisia', 1738, 'traveling'),
(150, 'Gare de Rodez', 'Kuala Lumpur', 'Iowa', 'Pakistan', 1978, 'traveling'),
(151, 'Gare de Dijon-Ville', 'San Diego', 'Arizona', 'Myanmar', 1914, 'burden'),
(152, 'Gare Saint-Lazare', 'New York', 'Georgia', 'Brazil', 1811, 'burden'),
(153, 'Gare de Bourges', 'Rio de Janeiro', 'Louisiana', 'Pakistan', 1716, 'burden'),
(154, 'Gare de Poitiers', 'Tokyo', 'Hawaii', 'South Africa', 1735, 'traveling'),
(155, 'Shinjuku', 'Chicago', 'Arizona', 'Sweden', 1769, 'burden'),
(156, 'Stazione di Roma Ter', 'Vancouver', 'Kentucky', 'United Arab Emirates', 1773, 'traveling'),
(157, 'Gare de Mont-de-Mars', 'Kuala Lumpur', 'Delaware', 'Germany', 1813, 'burden'),
(158, 'Kings Lynn', 'Dublin', 'Kansas', 'United States', 1772, 'traveling'),
(159, 'Wuhan Railway Statio', 'Moscow', 'Louisiana', 'Japan', 1947, 'burden'),
(160, 'Gare de Angoulme', 'Kuala Lumpur', 'Kentucky', 'Netherlands', 1776, 'traveling'),
(161, 'Gare de Strasbourg', 'Vienna', 'Indiana', 'Italy', 1718, 'burden'),
(162, 'Gare de Clermont-Fer', 'Moscow', 'Illinois', 'India', 1969, 'burden'),
(163, 'Gare de Bourges', 'Singapore', 'Indiana', 'Norway', 1729, 'burden'),
(164, 'Beijing Railway Stat', 'Brussels', 'Delaware', 'South Korea', 1988, 'traveling'),
(165, 'Gare dAusterlitz', 'Manila', 'Florida', 'India', 1927, 'traveling'),
(166, 'Gare de Troyes', 'Seoul', 'Georgia', 'Sweden', 1707, 'traveling'),
(167, 'Gare de Saint-Nazair', 'Buenos Aires', 'Delaware', 'Indonesia', 1791, 'burden'),
(168, 'Gare dAusterlitz', 'Istanbul', 'Alaska', 'United Arab Emirates', 1990, 'burden'),
(169, 'Gare de Rouen-Rive-D', 'San Francisco', 'Maryland', 'Singapore', 1710, 'traveling'),
(170, 'Gare de Bourges', 'Oslo', 'Illinois', 'Vietnam', 1809, 'burden'),
(171, 'Gare de Saint-Brieuc', 'Athens', 'Colorado', 'Cambodia', 1881, 'traveling'),
(172, 'Gare de Niort', 'Dubai', 'Delaware', 'South Africa', 1990, 'burden'),
(173, 'Gare dAusterlitz', 'New York', 'California', 'Chile', 1967, 'traveling'),
(174, 'Gare de Caen', 'Rio de Janeiro', 'Illinois', 'Germany', 1863, 'traveling'),
(175, 'Gare de Caen', 'Prague', 'Iowa', 'Ethiopia', 1980, 'burden'),
(176, 'Gare de Strasbourg', 'Vancouver', 'Delaware', 'United Kingdom', 2018, 'burden'),
(177, 'New Street', 'Boston', 'Kansas', 'United Kingdom', 2002, 'burden'),
(178, 'Gare de Roubaix', 'Edinburgh', 'Indiana', 'Japan', 1787, 'burden'),
(179, 'Union Station', 'San Diego', 'Iowa', 'Saudi Arabia', 1799, 'burden'),
(180, 'Gare de Strasbourg-V', 'Paris', 'Arizona', 'Kenya', 1785, 'traveling'),
(181, 'Gare de Nantes', 'Brussels', 'Louisiana', 'Myanmar', 1823, 'burden'),
(182, 'Gare de Metz-Ville', 'Los Angeles', 'Georgia', 'France', 1807, 'burden'),
(183, 'Gare de Rennes-Saint', 'Brussels', 'Louisiana', 'Cambodia', 1775, 'traveling'),
(184, 'Gare du Nord', 'Boston', 'Illinois', 'Peru', 1722, 'burden'),
(185, 'Gare de lEst', 'Beijing', 'Delaware', 'Myanmar', 1797, 'burden'),
(186, 'Gare de La Roche-sur', 'Brussels', 'Florida', 'Netherlands', 1895, 'burden'),
(187, 'Chhatrapati Shivaji ', 'Hong Kong', 'Alabama', 'Ethiopia', 1784, 'burden'),
(188, 'Gare de Valenciennes', 'Los Angeles', 'California', 'Cambodia', 1884, 'burden'),
(189, 'Tokyo Station', 'Vancouver', 'Alabama', 'China', 1701, 'burden'),
(190, 'Gare de Vannes', 'Hong Kong', 'Indiana', 'Peru', 1904, 'traveling'),
(191, 'Gare de Carcassonne', 'Dubai', 'Georgia', 'United Kingdom', 1860, 'traveling'),
(192, 'Gare de Limoges-Bn', 'Budapest', 'Florida', 'Denmark', 1990, 'burden'),
(193, 'Charing Cross', 'Cape Town', 'Louisiana', 'Chile', 1754, 'traveling'),
(194, 'Gare de Marseille-Sa', 'Seoul', 'Louisiana', 'South Africa', 1889, 'traveling'),
(195, 'Gare de Nantes', 'Vancouver', 'Alabama', 'Australia', 1992, 'burden'),
(196, 'Gare de Strasbourg', 'London', 'Delaware', 'New Zealand', 1992, 'burden'),
(197, 'Liverpool Street', 'Washington D.C.', 'Florida', 'Denmark', 1769, 'burden'),
(198, 'Grand Central', 'Tokyo', 'Colorado', 'Peru', 1957, 'traveling'),
(199, 'Gare de Mont-de-Mars', 'Helsinki', 'Kansas', 'Malaysia', 1808, 'burden'),
(200, 'Gare de Rodez', 'Istanbul', 'Arizona', 'Saudi Arabia', 1913, 'burden'),
(201, 'Gare de Auxerre-Sain', 'Rome', 'Alaska', 'Brazil', 1954, 'traveling'),
(202, 'Gare de Lorient', 'Toronto', 'Colorado', 'Spain', 1750, 'burden'),
(203, 'Gare de Clermont-Fer', 'Vancouver', 'Kentucky', 'Peru', 1918, 'traveling'),
(204, 'Gare de Vannes', 'Copenhagen', 'Louisiana', 'Brazil', 1955, 'burden'),
(205, 'Gare de Grenoble', 'Montreal', 'Hawaii', 'United States', 2017, 'traveling'),
(206, 'Stazione Centrale di', 'Chicago', 'Louisiana', 'Saudi Arabia', 1967, 'burden'),
(207, 'Gare de lEst', 'Lisbon', 'Maryland', 'Tunisia', 1959, 'traveling'),
(208, 'Zurich Hauptbahnhof', 'Toronto', 'Alaska', 'United Kingdom', 2001, 'burden'),
(209, 'New Street', 'Stockholm', 'Louisiana', 'Sweden', 2010, 'burden'),
(210, 'Gare de lEst', 'Hong Kong', 'Illinois', 'United States', 1936, 'burden'),
(211, 'Gare de Le Mans', 'Prague', 'Iowa', 'Turkey', 1712, 'burden'),
(212, 'Gare de La Rochelle-', 'Athens', 'Alabama', 'Ghana', 1804, 'burden'),
(213, 'Wuhan Railway Statio', 'Sydney', 'Delaware', 'South Africa', 2001, 'burden'),
(214, 'Gare de Caen', 'Rio de Janeiro', 'Arkansas', 'Turkey', 1966, 'burden'),
(215, 'Stazione di Roma Ter', 'Manila', 'Maine', 'Chile', 2018, 'burden'),
(216, 'Gare de Toulouse-Mat', 'Budapest', 'Florida', 'Ghana', 1766, 'traveling'),
(217, 'Gare de Montauban-Vi', 'Prague', 'Iowa', 'Tunisia', 1857, 'traveling'),
(218, 'Victoria Station', 'Los Angeles', 'Illinois', 'New Zealand', 1849, 'burden'),
(219, 'Gare dAusterlitz', 'Moscow', 'Colorado', 'Denmark', 1860, 'traveling'),
(220, 'Gare Saint-Lazare', 'Miami', 'Kansas', 'Colombia', 1975, 'burden'),
(221, 'Gare de Dijon-Ville', 'Munich', 'Louisiana', 'Spain', 1823, 'traveling'),
(222, 'Gare de Marseille-Sa', 'Athens', 'Colorado', 'Indonesia', 1817, 'traveling'),
(223, 'Gare de Rodez', 'Rome', 'Indiana', 'Nigeria', 1845, 'burden'),
(224, 'Gare de Rouen-Rive-D', 'Tokyo', 'Kentucky', 'Qatar', 1773, 'burden'),
(225, 'Gare de Tours', 'Berlin', 'Indiana', 'Norway', 1710, 'burden'),
(226, 'Gare de lEst', 'Chicago', 'Florida', 'Norway', 1882, 'traveling'),
(227, 'Seoul Station', 'Montreal', 'Florida', 'China', 1960, 'traveling'),
(228, 'Gare de Dijon-Ville', 'Moscow', 'Delaware', 'New Zealand', 1919, 'traveling'),
(229, 'Gare de Lausanne', 'Manila', 'Arizona', 'United Kingdom', 1920, 'burden'),
(230, 'Gare de Toulouse-Mat', 'Madrid', 'Georgia', 'Israel', 1977, 'traveling'),
(231, 'Gare de Rennes-Saint', 'Budapest', 'Alabama', 'France', 1967, 'burden'),
(232, 'Gare de Grenoble', 'Munich', 'Indiana', 'Saudi Arabia', 1814, 'burden'),
(233, 'Gare de Nice-Ville', 'Montreal', 'Colorado', 'Kenya', 1933, 'burden'),
(234, 'Zurich Hauptbahnhof', 'Vienna', 'Arkansas', 'Thailand', 1893, 'traveling'),
(235, 'Gare de Perpignan', 'Moscow', 'Delaware', 'Iran', 1954, 'burden'),
(236, 'Santa Lucia', 'Athens', 'Kentucky', 'Ethiopia', 1777, 'traveling'),
(237, 'Gare de Besanon-Vio', 'Los Angeles', 'Alaska', 'Cambodia', 1891, 'traveling'),
(238, 'Stazione di Napoli C', 'San Diego', 'Delaware', 'Italy', 1856, 'traveling'),
(239, 'Beijing Railway Stat', 'Hong Kong', 'Louisiana', 'Egypt', 1766, 'burden'),
(240, 'Kings Cross', 'Berlin', 'Kentucky', 'Ghana', 1826, 'burden'),
(241, 'Gare de Montauban-Vi', 'Lisbon', 'Idaho', 'Australia', 1886, 'burden'),
(242, 'Gare de Laval', 'Cape Town', 'Arizona', 'United Arab Emirates', 1935, 'traveling'),
(243, 'Gare de Le Mans', 'Manila', 'Louisiana', 'India', 1765, 'burden'),
(244, 'Victoria Station', 'Copenhagen', 'Indiana', 'Italy', 1844, 'burden'),
(245, 'Gare de Lyon-Part-Di', 'Miami', 'Louisiana', 'Russia', 1886, 'traveling'),
(246, 'Gare de Lyon', 'Manila', 'Arkansas', 'Chile', 1872, 'traveling'),
(247, 'Gare de Laval', 'Zurich', 'Florida', 'Pakistan', 1796, 'burden'),
(248, 'Wuhan Railway Statio', 'Mexico City', 'Maryland', 'Cambodia', 1926, 'burden'),
(249, 'Gare de Auxerre-Sain', 'Hong Kong', 'Florida', 'Spain', 1819, 'burden'),
(250, 'Gare dAusterlitz', 'Copenhagen', 'Idaho', 'United Kingdom', 1904, 'traveling'),
(251, 'Gare dAusterlitz', 'Budapest', 'California', 'Sweden', 1711, 'traveling'),
(252, 'Wuhan Railway Statio', 'San Diego', 'Illinois', 'New Zealand', 1796, 'burden'),
(253, 'Gare de Tours-Saint-', 'Sydney', 'Iowa', 'Spain', 1877, 'traveling'),
(254, 'Seoul Station', 'Helsinki', 'Louisiana', 'Philippines', 1912, 'traveling'),
(255, 'Gare de Toulon', 'Paris', 'Louisiana', 'Indonesia', 1743, 'traveling'),
(256, 'Gare de Prigueux', 'Barcelona', 'Connecticut', 'Tunisia', 1812, 'burden'),
(257, 'Gare de Saintes', 'Miami', 'Kentucky', 'New Zealand', 1827, 'traveling'),
(258, 'Gare de Dijon-Ville', 'Los Angeles', 'Louisiana', 'Turkey', 1949, 'burden'),
(259, 'Penn Station', 'Hong Kong', 'California', 'Malaysia', 1738, 'traveling'),
(260, 'Gare de Montauban-Vi', 'Athens', 'Alabama', 'Russia', 1958, 'traveling'),
(261, 'Gare de Bordeaux-Sai', 'Montreal', 'Maine', 'Iran', 1713, 'traveling'),
(262, 'Grand Central', 'Singapore', 'Arkansas', 'Colombia', 1894, 'traveling'),
(263, 'Barcelona Sants', 'London', 'Delaware', 'Philippines', 1837, 'burden'),
(264, 'Gare de Lyon', 'Toronto', 'Maryland', 'United Arab Emirates', 1899, 'burden'),
(265, 'Gare de Vannes', 'Istanbul', 'Arkansas', 'Iran', 1865, 'burden'),
(266, 'Gare de Dijon-Ville', 'Buenos Aires', 'Arizona', 'Norway', 1752, 'traveling'),
(267, 'Gare de Marseille-Sa', 'Hong Kong', 'Kansas', 'Algeria', 1939, 'burden'),
(268, 'Gare Saint-Lazare', 'Moscow', 'Colorado', 'Italy', 1737, 'burden'),
(269, 'Gare de Perpignan', 'Vancouver', 'Kansas', 'Japan', 1808, 'traveling'),
(270, 'Tokyo Station', 'Moscow', 'Idaho', 'Malaysia', 1736, 'traveling'),
(271, 'Gare de Marseille-Sa', 'San Francisco', 'Maryland', 'Brazil', 1974, 'burden'),
(272, 'New Street', 'Mumbai', 'Connecticut', 'Netherlands', 1856, 'burden'),
(273, 'Gare de Poitiers', 'Montreal', 'Maryland', 'Brazil', 1924, 'traveling'),
(274, 'Gare de Saint-Brieuc', 'San Diego', 'Maryland', 'New Zealand', 1915, 'burden'),
(275, 'Gare de Lille-Flandr', 'Prague', 'Illinois', 'Finland', 1738, 'traveling'),
(276, 'Gare de Clermont-Fer', 'Edinburgh', 'Idaho', 'Cambodia', 2009, 'traveling'),
(277, 'Gare de Caen', 'Montreal', 'California', 'Thailand', 1821, 'traveling'),
(278, 'Gare de Strasbourg', 'Los Angeles', 'Florida', 'New Zealand', 1776, 'burden'),
(279, 'Gare de Caen', 'Toronto', 'Indiana', 'Singapore', 1707, 'traveling'),
(280, 'Gare de Nmes', 'Dublin', 'Kentucky', 'Indonesia', 1741, 'traveling'),
(281, 'Stazione di Roma Ter', 'Miami', 'Indiana', 'Italy', 2006, 'burden'),
(282, 'Gare de Perpignan', 'Barcelona', 'Alaska', 'Pakistan', 1721, 'traveling'),
(283, 'Stazione di Roma Ter', 'Manila', 'Connecticut', 'Finland', 1801, 'burden'),
(284, 'Zurich Hauptbahnhof', 'Dubai', 'Indiana', 'Kenya', 1809, 'traveling'),
(285, 'Gare de Saint-Malo', 'London', 'Colorado', 'Nigeria', 1984, 'burden'),
(286, 'Gare de Vannes', 'Montreal', 'Maine', 'Germany', 1803, 'traveling'),
(287, 'Gare de Rennes', 'Rome', 'Maryland', 'Turkey', 1855, 'burden'),
(288, 'Gare Saint-Lazare', 'Amsterdam', 'Colorado', 'France', 1823, 'burden'),
(289, 'Gare de Auxerre-Sain', 'Shanghai', 'Hawaii', 'Germany', 1977, 'burden'),
(290, 'Gare de Valenciennes', 'Berlin', 'Maine', 'Canada', 1784, 'traveling'),
(291, 'Gare de Tours-Saint-', 'Miami', 'Iowa', 'Iran', 2018, 'traveling'),
(292, 'Gare de Bourges', 'Dubai', 'Alaska', 'Colombia', 1972, 'burden'),
(293, 'Gare de Bziers', 'Edinburgh', 'Arkansas', 'Germany', 1729, 'traveling'),
(294, 'Gare de Brest', 'San Francisco', 'Iowa', 'Saudi Arabia', 1830, 'traveling'),
(295, 'Gare de Toulon', 'Helsinki', 'Idaho', 'Tunisia', 1790, 'burden'),
(296, 'Gare de Quimper', 'Shanghai', 'Illinois', 'United States', 1746, 'burden'),
(297, 'Gare de Toulouse-Mat', 'Amsterdam', 'Delaware', 'Algeria', 1966, 'burden'),
(298, 'Gare de Bourges', 'Edinburgh', 'Maryland', 'United Kingdom', 1862, 'traveling'),
(299, 'Gare de Lausanne', 'Kuala Lumpur', 'Alaska', 'Myanmar', 1746, 'burden'),
(300, 'Gare de Saint-Nazair', 'Rome', 'Kansas', 'Israel', 1811, 'traveling'),
(301, 'Gare de Toulouse-Mat', 'Mumbai', 'Connecticut', 'Singapore', 2018, 'burden'),
(302, 'Gare de Perpignan', 'Manila', 'Iowa', 'Indonesia', 1981, 'traveling'),
(303, 'Gare de Pau', 'Kuala Lumpur', 'Hawaii', 'Russia', 1894, 'burden'),
(304, 'Gare de Lorient', 'Moscow', 'Delaware', 'Norway', 1862, 'traveling'),
(305, 'Kings Lynn', 'Munich', 'Illinois', 'Kenya', 1708, 'burden'),
(306, 'Gare de Strasbourg-V', 'Munich', 'California', 'Ghana', 1808, 'burden'),
(307, 'Gare de Carcassonne', 'Toronto', 'Louisiana', 'Thailand', 1830, 'traveling'),
(308, 'Gare de Valenciennes', 'London', 'Delaware', 'Mexico', 1839, 'traveling'),
(309, 'Gare de Auxerre-Sain', 'Toronto', 'Illinois', 'Brazil', 1855, 'traveling'),
(310, 'Gare de Angers-Saint', 'Hong Kong', 'Idaho', 'Indonesia', 1929, 'traveling'),
(311, 'Gare de Montauban-Vi', 'Toronto', 'Connecticut', 'Japan', 2010, 'traveling'),
(312, 'Gare de Tarbes', 'Beijing', 'Iowa', 'United States', 1725, 'burden'),
(313, 'Gare de Rouen-Rive-D', 'Edinburgh', 'Maine', 'France', 1838, 'burden'),
(314, 'Gare Montparnasse', 'San Francisco', 'Arizona', 'United Arab Emirates', 2021, 'burden'),
(315, 'Berlin Hauptbahnhof', 'Budapest', 'Delaware', 'Tunisia', 2006, 'traveling'),
(316, 'Gare Saint-Lazare', 'Seoul', 'Florida', 'Australia', 1827, 'traveling'),
(317, 'Gare de Tours-Saint-', 'Paris', 'Georgia', 'Netherlands', 1985, 'burden'),
(318, 'Gare Montparnasse', 'Mexico City', 'Arizona', 'Denmark', 1855, 'traveling'),
(319, 'Gare de Lyon', 'Boston', 'Colorado', 'Saudi Arabia', 1931, 'traveling'),
(320, 'Gare de Saint-Nazair', 'Paris', 'Connecticut', 'Algeria', 1873, 'burden'),
(321, 'Gare de Metz-Ville', 'Mumbai', 'Arizona', 'Argentina', 1988, 'traveling'),
(322, 'Stazione Centrale di', 'Prague', 'Connecticut', 'Norway', 1978, 'burden'),
(323, 'Stazione Centrale di', 'Seoul', 'Louisiana', 'Cambodia', 1745, 'traveling'),
(324, 'Stazione di Roma Ter', 'Barcelona', 'Maine', 'China', 1894, 'traveling'),
(325, 'Penn Station', 'Boston', 'Hawaii', 'Netherlands', 1882, 'traveling'),
(326, 'Gare de Metz-Ville', 'London', 'Illinois', 'Pakistan', 1747, 'burden'),
(327, 'Gare de Pau', 'Barcelona', 'Alaska', 'Spain', 1927, 'burden'),
(328, 'Santa Lucia', 'Cape Town', 'Maryland', 'United Arab Emirates', 1742, 'traveling'),
(329, 'Gare de Carcassonne', 'Tokyo', 'Louisiana', 'United Kingdom', 1748, 'traveling'),
(330, 'Gare de Tarbes', 'Kuala Lumpur', 'Kentucky', 'Colombia', 2010, 'burden'),
(331, 'Berlin Hauptbahnhof', 'Zurich', 'Hawaii', 'Israel', 1743, 'traveling'),
(332, 'Seoul Station', 'Budapest', 'Florida', 'Colombia', 1866, 'traveling'),
(333, 'Gare de Tours-Saint-', 'Helsinki', 'Maryland', 'Morocco', 1959, 'traveling'),
(334, 'Gare de Saint-Nazair', 'Brussels', 'Arizona', 'Thailand', 1909, 'traveling'),
(335, 'Stazione Centrale di', 'Montreal', 'Arkansas', 'Kenya', 1783, 'burden'),
(336, 'Hauptbahnhof', 'Helsinki', 'Louisiana', 'Egypt', 1909, 'burden'),
(337, 'Gare de Tours-Saint-', 'Madrid', 'Delaware', 'Myanmar', 1802, 'burden'),
(338, 'Barcelona Sants', 'Brussels', 'California', 'Peru', 1720, 'burden'),
(339, 'Union Station', 'Cape Town', 'Florida', 'Chile', 1905, 'burden'),
(340, 'Gare de Tarbes', 'Zurich', 'Maryland', 'Israel', 1847, 'burden'),
(341, 'Gare de Tarbes', 'Prague', 'Alabama', 'Sweden', 1902, 'traveling'),
(342, 'Frankfurt Hauptbahnh', 'Zurich', 'Illinois', 'Colombia', 1899, 'burden'),
(343, 'Gare de Bziers', 'San Francisco', 'Arizona', 'New Zealand', 1895, 'traveling'),
(344, 'Gare de Montpellier-', 'Boston', 'Georgia', 'India', 2007, 'traveling'),
(345, 'Warszawa Centralna', 'Vancouver', 'Connecticut', 'Turkey', 1784, 'burden'),
(346, 'Gare de Bourges', 'Rio de Janeiro', 'Indiana', 'South Korea', 1936, 'burden'),
(347, 'Gare de Tours-Saint-', 'Kuala Lumpur', 'Colorado', 'France', 1755, 'burden'),
(348, 'Grand Central', 'Oslo', 'Georgia', 'Philippines', 1996, 'burden'),
(349, 'Gare de Tours', 'Zurich', 'Indiana', 'Algeria', 1961, 'traveling'),
(350, 'Gare de La Baule-Esc', 'Rome', 'California', 'China', 1909, 'burden'),
(351, 'Stazione Centrale di', 'Boston', 'Illinois', 'Thailand', 1961, 'traveling'),
(352, 'Gare de Perpignan', 'Kuala Lumpur', 'Connecticut', 'Peru', 1963, 'traveling'),
(353, 'Gare de Roubaix', 'Istanbul', 'Florida', 'Germany', 1702, 'traveling'),
(354, 'Gare de Rennes', 'Tokyo', 'Hawaii', 'Turkey', 1979, 'burden'),
(355, 'Santa Lucia', 'Prague', 'Hawaii', 'United Arab Emirates', 1813, 'traveling'),
(356, 'Gare de Strasbourg-V', 'Washington D.C.', 'Colorado', 'Spain', 1957, 'burden'),
(357, 'Gare de Grenoble', 'Kuala Lumpur', 'Maine', 'United Kingdom', 1740, 'burden'),
(358, 'Gare de Lille Europe', 'Cape Town', 'Delaware', 'Russia', 1800, 'burden'),
(359, 'Gare Saint-Lazare', 'London', 'Kansas', 'Italy', 1862, 'burden'),
(360, 'Hauptbahnhof', 'Kuala Lumpur', 'Idaho', 'Italy', 1789, 'traveling'),
(361, 'Tokyo Station', 'Barcelona', 'Iowa', 'Finland', 1983, 'traveling'),
(362, 'Kings Cross', 'Helsinki', 'Maryland', 'Saudi Arabia', 1828, 'burden'),
(363, 'Gare de Strasbourg-V', 'Manila', 'Idaho', 'Norway', 1989, 'burden'),
(364, 'Gare de Roubaix', 'Tokyo', 'Iowa', 'Mexico', 1833, 'traveling'),
(365, 'Gare de Angoulme', 'Paris', 'Maryland', 'Argentina', 1891, 'traveling'),
(366, 'Gare de Dijon-Ville', 'Stockholm', 'Arkansas', 'United Arab Emirates', 1863, 'traveling'),
(367, 'Frankfurt Hauptbahnh', 'Moscow', 'Kansas', 'Ghana', 1717, 'traveling'),
(368, 'Gare de Tours-Saint-', 'Rio de Janeiro', 'Arkansas', 'Sweden', 1937, 'burden'),
(369, 'Tokyo Station', 'Mumbai', 'Arizona', 'Singapore', 1962, 'burden'),
(370, 'Gare de Clermont-Fer', 'Cape Town', 'Hawaii', 'South Africa', 2002, 'burden'),
(371, 'Gare de Clermont-Fer', 'Amsterdam', 'Idaho', 'China', 1756, 'burden'),
(372, 'Warszawa Centralna', 'Berlin', 'Iowa', 'Germany', 1932, 'burden'),
(373, 'Gare de Quimper', 'New York', 'Alaska', 'Finland', 1734, 'burden'),
(374, 'Gare de Lyon-Part-Di', 'Lisbon', 'Illinois', 'Spain', 1753, 'traveling'),
(375, 'Gare de Tours', 'Vienna', 'Alaska', 'Israel', 1818, 'burden'),
(376, 'Gare Saint-Lazare', 'Brussels', 'Alaska', 'Colombia', 1987, 'burden'),
(377, 'Gare de Montauban-Vi', 'Dubai', 'Illinois', 'Egypt', 2000, 'burden'),
(378, 'Gare de Mulhouse', 'Beijing', 'Maryland', 'Japan', 1747, 'burden'),
(379, 'Stazione di Roma Ter', 'San Francisco', 'Idaho', 'Spain', 1940, 'traveling'),
(380, 'Gare de Saint-Malo', 'Los Angeles', 'Hawaii', 'Denmark', 1919, 'burden'),
(381, 'Penn Station', 'Mexico City', 'Connecticut', 'Spain', 2021, 'traveling'),
(382, 'Gare de Quimper', 'Washington D.C.', 'Louisiana', 'Saudi Arabia', 1724, 'burden'),
(383, 'Gare de Rennes-Saint', 'Singapore', 'Idaho', 'Mexico', 1966, 'burden'),
(384, 'Charing Cross', 'Dubai', 'Kansas', 'Pakistan', 1949, 'burden'),
(385, 'Gare de Rodez', 'Mexico City', 'Florida', 'New Zealand', 1861, 'burden'),
(386, 'Gare de Bordeaux-Sai', 'Budapest', 'Iowa', 'Qatar', 1900, 'burden'),
(387, 'Gare de Carcassonne', 'New York', 'Maryland', 'Brazil', 1830, 'burden'),
(388, 'Gare de Lille Europe', 'Munich', 'Maine', 'Israel', 2005, 'traveling'),
(389, 'Gare de Bziers', 'London', 'Louisiana', 'Philippines', 1722, 'burden'),
(390, 'Gare de Metz-Ville', 'Rome', 'Georgia', 'Norway', 1895, 'traveling'),
(391, 'Gare de Valenciennes', 'Stockholm', 'Georgia', 'Saudi Arabia', 1988, 'traveling'),
(392, 'Kings Cross', 'Dubai', 'Maryland', 'South Africa', 1893, 'traveling'),
(393, 'Stazione Centrale di', 'Athens', 'Georgia', 'Algeria', 1869, 'traveling'),
(394, 'Warszawa Centralna', 'Chicago', 'Georgia', 'Egypt', 1816, 'burden'),
(395, 'Amsterdam Centraal', 'Athens', 'Indiana', 'Chile', 1992, 'burden'),
(396, 'Gare de Pau', 'London', 'Connecticut', 'Egypt', 1712, 'burden'),
(397, 'Gare de Angers-Saint', 'Munich', 'Connecticut', 'Denmark', 1816, 'burden'),
(398, 'Gare de Roubaix', 'Singapore', 'Hawaii', 'Argentina', 1778, 'traveling'),
(399, 'Gare de Nancy-Ville', 'Mumbai', 'Illinois', 'Algeria', 2001, 'traveling'),
(400, 'Gare de Pau', 'Buenos Aires', 'Arkansas', 'United Kingdom', 1822, 'traveling'),
(401, 'Gare de Clermont-Fer', 'San Diego', 'Georgia', 'Colombia', 1862, 'traveling'),
(402, 'Stazione di Roma Ter', 'Cape Town', 'Delaware', 'Canada', 1741, 'traveling'),
(403, 'Gare de Saintes', 'Montreal', 'California', 'Indonesia', 1948, 'burden'),
(404, 'Gare de Grenoble', 'London', 'Colorado', 'Sweden', 1804, 'traveling'),
(405, 'Gare de Laval', 'San Diego', 'Idaho', 'Algeria', 1758, 'traveling'),
(406, 'Gare de Toulouse-Mat', 'London', 'Hawaii', 'Qatar', 2001, 'burden'),
(407, 'Gare Saint-Lazare', 'Madrid', 'Arizona', 'Iran', 1970, 'traveling'),
(408, 'Gare de Tours-Saint-', 'Madrid', 'Georgia', 'Pakistan', 1755, 'traveling'),
(409, 'Chhatrapati Shivaji ', 'Los Angeles', 'Kansas', 'Philippines', 1927, 'traveling'),
(410, 'Gare du Nord', 'Buenos Aires', 'Florida', 'South Africa', 1708, 'burden'),
(411, 'Gare de La Rochelle-', 'Singapore', 'Connecticut', 'France', 1938, 'burden'),
(412, 'Gare de Strasbourg-V', 'Dublin', 'Alabama', 'Indonesia', 1988, 'traveling'),
(413, 'Gare de Auxerre-Sain', 'Amsterdam', 'Georgia', 'New Zealand', 1848, 'burden'),
(414, 'Gare de Strasbourg-V', 'Lisbon', 'Delaware', 'Pakistan', 1701, 'traveling'),
(415, 'Gare de Vannes', 'Dubai', 'Alabama', 'India', 1728, 'burden'),
(416, 'Gare de Mont-de-Mars', 'Lisbon', 'Iowa', 'Pakistan', 2011, 'traveling'),
(417, 'Gare de Rodez', 'Madrid', 'Arizona', 'Finland', 1812, 'traveling'),
(418, 'Gare de Grenoble', 'Berlin', 'Georgia', 'Iran', 1716, 'burden'),
(419, 'Gare de Mont-de-Mars', 'Helsinki', 'Hawaii', 'Turkey', 1935, 'traveling'),
(420, 'Gare de Clermont-Fer', 'Budapest', 'Arkansas', 'Ethiopia', 1932, 'burden'),
(421, 'Gare de Bziers', 'Berlin', 'Iowa', 'Malaysia', 1982, 'burden'),
(422, 'Gare de Roubaix', 'Montreal', 'Florida', 'Turkey', 1850, 'traveling'),
(423, 'Gare de Besanon-Vio', 'Los Angeles', 'Hawaii', 'Finland', 2018, 'traveling'),
(424, 'Gare du Nord', 'Beijing', 'Georgia', 'Sweden', 1711, 'traveling'),
(425, 'Warszawa Centralna', 'Prague', 'Idaho', 'Italy', 1749, 'traveling'),
(426, 'Gare de Laval', 'Cape Town', 'Alaska', 'Chile', 1739, 'traveling'),
(427, 'Wuhan Railway Statio', 'Chicago', 'Kansas', 'Peru', 1915, 'burden'),
(428, 'Berlin Hauptbahnhof', 'Singapore', 'Alabama', 'Mexico', 1910, 'burden'),
(429, 'Gare de Angoulme', 'Los Angeles', 'Arizona', 'Colombia', 1834, 'traveling'),
(430, 'Gare de Pau', 'Oslo', 'Arkansas', 'India', 1835, 'burden'),
(431, 'Gare de Bordeaux-Sai', 'Toronto', 'Maine', 'Japan', 1730, 'burden'),
(432, 'Zurich Hauptbahnhof', 'Helsinki', 'Indiana', 'New Zealand', 1887, 'traveling'),
(433, 'Gare de Saintes', 'Shanghai', 'Maine', 'United Kingdom', 1753, 'traveling'),
(434, 'Gare de Strasbourg-V', 'Budapest', 'Kentucky', 'United States', 1998, 'traveling'),
(435, 'Gare de La Baule-Esc', 'London', 'Arkansas', 'Norway', 1704, 'burden'),
(436, 'Gare de Niort', 'Vienna', 'Alabama', 'India', 1960, 'burden'),
(437, 'Seoul Station', 'Chicago', 'Louisiana', 'Saudi Arabia', 1713, 'traveling'),
(438, 'Gare de Metz-Ville', 'New York', 'Florida', 'Denmark', 1937, 'burden'),
(439, 'Gare de Roubaix', 'Helsinki', 'Alaska', 'Italy', 1725, 'traveling'),
(440, 'Gare de Lille Europe', 'Copenhagen', 'Delaware', 'Mexico', 1849, 'burden'),
(441, 'Gare de Lyon-Part-Di', 'Manila', 'Arkansas', 'United Arab Emirates', 1904, 'burden'),
(442, 'Gare de Montpellier-', 'Sydney', 'Maine', 'Turkey', 1883, 'burden'),
(443, 'Gare de Perpignan', 'San Francisco', 'Connecticut', 'Vietnam', 1762, 'traveling'),
(444, 'Gare de Rouen-Rive-D', 'Vancouver', 'Kansas', 'Vietnam', 1834, 'burden'),
(445, 'Gare de Toulon', 'Miami', 'California', 'South Korea', 1888, 'burden'),
(446, 'Gare de Lyon-Part-Di', 'Barcelona', 'Maryland', 'United Arab Emirates', 1852, 'burden'),
(447, 'Gare de Mont-de-Mars', 'Madrid', 'Idaho', 'Peru', 1906, 'traveling'),
(448, 'Gare de Bziers', 'Buenos Aires', 'Delaware', 'Ghana', 1946, 'traveling'),
(449, 'Berlin Hauptbahnhof', 'Cape Town', 'Alaska', 'South Korea', 1952, 'traveling'),
(450, 'Gare de Mont-de-Mars', 'Lisbon', 'Iowa', 'South Korea', 1796, 'traveling'),
(451, 'Gare de Rennes', 'Vancouver', 'Delaware', 'Saudi Arabia', 1703, 'burden'),
(452, 'Gare de Bordeaux-Sai', 'Seoul', 'Alaska', 'Spain', 1991, 'traveling'),
(453, 'Berlin Hauptbahnhof', 'Edinburgh', 'Alaska', 'Japan', 1826, 'traveling'),
(454, 'Gare de Toulon', 'Prague', 'Kentucky', 'Germany', 1800, 'traveling'),
(455, 'Gare de Rennes', 'Munich', 'Alaska', 'South Korea', 1939, 'traveling'),
(456, 'Gare de Roubaix', 'Tokyo', 'Alaska', 'Canada', 2008, 'burden'),
(457, 'Gare de Montpellier-', 'Vancouver', 'Florida', 'Colombia', 1833, 'traveling'),
(458, 'Hauptbahnhof', 'Lisbon', 'Illinois', 'United States', 1960, 'traveling'),
(459, 'Gare de Vannes', 'Paris', 'Arizona', 'Thailand', 1932, 'traveling'),
(460, 'Gare de La Rochelle-', 'Vienna', 'Indiana', 'South Africa', 1754, 'burden'),
(461, 'Chhatrapati Shivaji ', 'Rome', 'Iowa', 'Colombia', 1982, 'burden'),
(462, 'Gare de Marseille-Sa', 'Paris', 'Maine', 'Peru', 1966, 'burden'),
(463, 'Gare de Saint-Nazair', 'Edinburgh', 'Indiana', 'Qatar', 1962, 'traveling'),
(464, 'Stazione di Roma Ter', 'London', 'Alaska', 'Finland', 1911, 'burden'),
(465, 'Gare de Saint-Malo', 'Washington D.C.', 'Louisiana', 'India', 1861, 'burden'),
(466, 'Charing Cross', 'Manila', 'Louisiana', 'Thailand', 1976, 'traveling'),
(467, 'Gare de Caen', 'Los Angeles', 'Connecticut', 'Argentina', 1744, 'burden'),
(468, 'Gare de Le Mans', 'Mexico City', 'Arkansas', 'Israel', 1960, 'burden'),
(469, 'Gare de La Baule-Esc', 'Buenos Aires', 'Louisiana', 'Netherlands', 1784, 'traveling'),
(470, 'Gare de Limoges-Bn', 'Shanghai', 'Arizona', 'France', 1748, 'burden'),
(471, 'Gare de Troyes', 'Brussels', 'Colorado', 'Argentina', 1813, 'traveling'),
(472, 'Gare de Montpellier-', 'Madrid', 'Iowa', 'Ghana', 1825, 'burden'),
(473, 'Kings Lynn', 'Dubai', 'Hawaii', 'Spain', 1725, 'traveling'),
(474, 'Liverpool Street', 'Berlin', 'Hawaii', 'Canada', 1848, 'traveling'),
(475, 'Gare de Rennes-Saint', 'Oslo', 'Arizona', 'China', 1713, 'traveling'),
(476, 'Gare de Carcassonne', 'Buenos Aires', 'Maryland', 'Colombia', 1733, 'burden'),
(477, 'Gare de Clermont-Fer', 'Madrid', 'Iowa', 'Philippines', 1827, 'traveling'),
(478, 'Gare de Grenoble', 'Helsinki', 'Louisiana', 'United Arab Emirates', 1822, 'burden'),
(479, 'Gare de La Baule-Esc', 'Los Angeles', 'Louisiana', 'Ethiopia', 1773, 'burden'),
(480, 'Gare de Lyon-Part-Di', 'Athens', 'Alaska', 'Saudi Arabia', 1954, 'traveling'),
(481, 'Berlin Hauptbahnhof', 'Rio de Janeiro', 'Louisiana', 'Colombia', 1997, 'traveling'),
(482, 'Gare de Marseille-Sa', 'Moscow', 'Arizona', 'Thailand', 1938, 'burden'),
(483, 'Stazione di Napoli C', 'Rio de Janeiro', 'Iowa', 'Spain', 1701, 'traveling'),
(484, 'Penn Station', 'London', 'Iowa', 'Japan', 1973, 'burden'),
(485, 'Gare de Mont-de-Mars', 'Rome', 'Connecticut', 'India', 1852, 'burden'),
(486, 'Gare de Bayonne', 'San Diego', 'Maine', 'Cambodia', 1897, 'traveling'),
(487, 'Gare de Saintes', 'Manila', 'Alaska', 'Australia', 2020, 'burden'),
(488, 'New Street', 'Berlin', 'Louisiana', 'Norway', 1921, 'burden'),
(489, 'Gare de Vannes', 'Lisbon', 'Illinois', 'Netherlands', 1911, 'burden'),
(490, 'Gare de Saint-Brieuc', 'Mexico City', 'Louisiana', 'India', 1773, 'burden'),
(491, 'Gare de Saintes', 'Dublin', 'Indiana', 'Norway', 1893, 'burden'),
(492, 'Gare de Saintes', 'Prague', 'Alaska', 'Peru', 1997, 'burden'),
(493, 'Gare de Pau', 'Athens', 'California', 'Pakistan', 1832, 'burden'),
(494, 'Beijing Railway Stat', 'Cape Town', 'Delaware', 'Morocco', 1737, 'traveling'),
(495, 'Gare de Nantes', 'Dubai', 'Georgia', 'Mexico', 1944, 'traveling'),
(496, 'Gare de Dijon-Ville', 'Dubai', 'Alabama', 'Egypt', 1941, 'traveling'),
(497, 'Gare de Angoulme', 'Boston', 'Alaska', 'Brazil', 1833, 'burden'),
(498, 'Berlin Hauptbahnhof', 'Lisbon', 'Arkansas', 'New Zealand', 1919, 'burden'),
(499, 'Liverpool Street', 'Barcelona', 'California', 'Iran', 1974, 'burden'),
(500, 'Gare de Nmes', 'Seoul', 'Idaho', 'Mexico', 1777, 'traveling'),
(501, 'Gare de Saint-Nazair', 'Munich', 'Maryland', 'Australia', 1926, 'traveling'),
(502, 'Kings Cross', 'Brussels', 'Louisiana', 'South Korea', 1991, 'traveling'),
(503, 'Gare de lEst', 'Dublin', 'Kansas', 'India', 1993, 'traveling'),
(504, 'Gare de Nancy-Ville', 'Oslo', 'Arizona', 'Mexico', 1911, 'burden'),
(505, 'Gare de Toulouse-Mat', 'Athens', 'Arizona', 'Morocco', 1715, 'traveling'),
(506, 'Gare de Roubaix', 'Vienna', 'Georgia', 'Argentina', 1931, 'traveling'),
(507, 'Zurich Hauptbahnhof', 'Rio de Janeiro', 'Maryland', 'Norway', 1876, 'traveling'),
(508, 'Gare de Lille-Flandr', 'Beijing', 'Maryland', 'Chile', 1953, 'traveling'),
(509, 'Kings Lynn', 'Istanbul', 'Kansas', 'Japan', 1918, 'burden'),
(510, 'Gare de Troyes', 'Zurich', 'Hawaii', 'France', 1984, 'traveling'),
(511, 'Kings Lynn', 'Dublin', 'Idaho', 'Norway', 1950, 'traveling'),
(512, 'Gare de La Baule-Esc', 'Madrid', 'Maryland', 'Japan', 1714, 'burden'),
(513, 'Gare de Nancy-Ville', 'Berlin', 'Arkansas', 'Qatar', 1834, 'burden'),
(514, 'Berlin Hauptbahnhof', 'New York', 'Delaware', 'United Arab Emirates', 1868, 'traveling'),
(515, 'Gare de Bziers', 'Budapest', 'Arkansas', 'Philippines', 1935, 'traveling'),
(516, 'Gare de Tarbes', 'Los Angeles', 'Georgia', 'Netherlands', 1989, 'traveling'),
(517, 'Grand Central', 'Tokyo', 'Alabama', 'South Korea', 1806, 'traveling'),
(518, 'Gare de Valenciennes', 'Beijing', 'Alaska', 'Argentina', 1738, 'traveling'),
(519, 'Gare Montparnasse', 'Budapest', 'Kentucky', 'Pakistan', 1732, 'burden'),
(520, 'Beijing Railway Stat', 'Barcelona', 'Colorado', 'Finland', 1721, 'traveling'),
(521, 'Gare de La Rochelle-', 'Budapest', 'Iowa', 'Spain', 1927, 'traveling'),
(522, 'Victoria Station', 'Miami', 'Indiana', 'Norway', 1899, 'burden'),
(523, 'Gare de La Baule-Esc', 'Edinburgh', 'Colorado', 'Sweden', 2003, 'traveling'),
(524, 'Gare de Poitiers', 'Montreal', 'Alabama', 'United Kingdom', 1954, 'traveling'),
(525, 'Barcelona Sants', 'Zurich', 'Colorado', 'Turkey', 1857, 'burden'),
(526, 'Grand Central', 'Amsterdam', 'Iowa', 'Germany', 1788, 'burden'),
(527, 'Gare de Lille Europe', 'Dubai', 'Louisiana', 'Denmark', 1962, 'burden'),
(528, 'Gare de Saint-Brieuc', 'Los Angeles', 'Arkansas', 'Malaysia', 1906, 'burden'),
(529, 'Zurich Hauptbahnhof', 'London', 'Delaware', 'Singapore', 1776, 'burden'),
(530, 'Gare de Metz-Ville', 'Prague', 'Florida', 'Argentina', 1789, 'traveling'),
(531, 'Chhatrapati Shivaji ', 'Cape Town', 'Connecticut', 'Denmark', 1861, 'burden'),
(532, 'Stazione Centrale di', 'Sydney', 'Arizona', 'Sweden', 1991, 'traveling'),
(533, 'Gare de Nantes', 'Hong Kong', 'Connecticut', 'Pakistan', 1770, 'burden'),
(534, 'Gare de Dijon-Ville', 'Amsterdam', 'Georgia', 'India', 1744, 'traveling'),
(535, 'Gare de Vannes', 'Moscow', 'Idaho', 'Germany', 1788, 'burden'),
(536, 'Gare de Montpellier-', 'Paris', 'Illinois', 'Pakistan', 1751, 'traveling'),
(537, 'Gare de Prigueux', 'Edinburgh', 'Kentucky', 'Germany', 1912, 'burden'),
(538, 'Gare de Nancy-Ville', 'Rome', 'Colorado', 'United Arab Emirates', 1916, 'traveling'),
(539, 'Gare de Lyon-Part-Di', 'Lisbon', 'Arkansas', 'Finland', 1709, 'burden'),
(540, 'Gare de Lyon-Part-Di', 'Budapest', 'Colorado', 'India', 1895, 'traveling'),
(541, 'Gare de Nmes', 'San Francisco', 'Idaho', 'South Africa', 1752, 'burden'),
(542, 'Gare de Auxerre-Sain', 'Moscow', 'Hawaii', 'Chile', 1965, 'traveling'),
(543, 'Stazione Centrale di', 'Moscow', 'Alaska', 'India', 1950, 'traveling'),
(544, 'Gare de Rennes-Saint', 'Washington D.C.', 'Iowa', 'United Arab Emirates', 1713, 'burden'),
(545, 'Seoul Station', 'Mumbai', 'Alabama', 'Israel', 1916, 'burden'),
(546, 'Stazione Centrale di', 'Rio de Janeiro', 'Alabama', 'Ethiopia', 1941, 'burden'),
(547, 'Gare de Lausanne', 'Vancouver', 'Arkansas', 'Peru', 1844, 'burden'),
(548, 'Gare de Saint-Brieuc', 'Budapest', 'Idaho', 'Brazil', 1919, 'burden'),
(549, 'Gare de Nancy-Ville', 'San Francisco', 'Idaho', 'Norway', 1814, 'traveling'),
(550, 'Gare de Tarbes', 'New York', 'California', 'Mexico', 1959, 'burden'),
(551, 'Gare de Mulhouse', 'Zurich', 'Illinois', 'Japan', 1728, 'traveling'),
(552, 'Charing Cross', 'New York', 'Maryland', 'Morocco', 1714, 'burden'),
(553, 'Gare de Saint-Malo', 'Beijing', 'California', 'Canada', 1898, 'burden'),
(554, 'Gare de Niort', 'Barcelona', 'Idaho', 'Australia', 1723, 'burden'),
(555, 'Gare de Lille Europe', 'Madrid', 'Hawaii', 'Mexico', 2009, 'traveling'),
(556, 'Zurich Hauptbahnhof', 'Amsterdam', 'Maryland', 'Ghana', 1962, 'traveling'),
(557, 'Gare de La Rochelle-', 'Zurich', 'Kentucky', 'South Korea', 1812, 'traveling'),
(558, 'Gare de Niort', 'New York', 'Hawaii', 'France', 1818, 'traveling'),
(559, 'Gare de Toulouse-Mat', 'Shanghai', 'Arkansas', 'Colombia', 1813, 'traveling'),
(560, 'Gare de Mont-de-Mars', 'Washington D.C.', 'Louisiana', 'Mexico', 1942, 'traveling'),
(561, 'Gare de Auxerre-Sain', 'Rome', 'Georgia', 'Germany', 1927, 'burden'),
(562, 'Gare de Montauban-Vi', 'Madrid', 'Iowa', 'Egypt', 1759, 'traveling'),
(563, 'Gare de Troyes', 'Vienna', 'Georgia', 'Russia', 1853, 'burden'),
(564, 'Gare de Angers-Saint', 'Stockholm', 'Kansas', 'Qatar', 1999, 'traveling'),
(565, 'Charing Cross', 'Singapore', 'Delaware', 'United Kingdom', 1760, 'traveling'),
(566, 'Gare de Mont-de-Mars', 'Brussels', 'Kansas', 'Russia', 1992, 'traveling'),
(567, 'Frankfurt Hauptbahnh', 'San Francisco', 'Idaho', 'Myanmar', 1842, 'traveling'),
(568, 'Gare de Carcassonne', 'Singapore', 'Idaho', 'Egypt', 1745, 'traveling'),
(569, 'Stazione di Napoli C', 'New York', 'Maryland', 'Chile', 1993, 'burden'),
(570, 'Frankfurt Hauptbahnh', 'Berlin', 'Kansas', 'Thailand', 1902, 'burden'),
(571, 'Gare de Niort', 'Munich', 'Colorado', 'India', 1736, 'traveling'),
(572, 'Gare de Lyon', 'Athens', 'Colorado', 'Brazil', 1828, 'burden'),
(573, 'Gare dAusterlitz', 'Paris', 'California', 'India', 1736, 'burden'),
(574, 'Gare de Rouen-Rive-D', 'Seoul', 'Alabama', 'South Korea', 1985, 'traveling'),
(575, 'Gare de Metz-Ville', 'Amsterdam', 'Connecticut', 'Ghana', 1966, 'burden'),
(576, 'Gare de La Baule-Esc', 'Toronto', 'Maryland', 'United States', 1921, 'traveling'),
(577, 'Kings Lynn', 'Seoul', 'Idaho', 'Spain', 1840, 'traveling'),
(578, 'Gare de Bourges', 'Istanbul', 'Maryland', 'United Kingdom', 1745, 'traveling'),
(579, 'Gare de Angoulme', 'Hong Kong', 'Kentucky', 'Malaysia', 1911, 'traveling'),
(580, 'Liverpool Street', 'Boston', 'Kansas', 'Vietnam', 1996, 'traveling'),
(581, 'Gare de Besanon-Vio', 'Dubai', 'Arizona', 'Thailand', 1719, 'traveling'),
(582, 'Gare de Auxerre-Sain', 'Madrid', 'Louisiana', 'Indonesia', 2009, 'traveling'),
(583, 'Gare de Vannes', 'New York', 'Illinois', 'Vietnam', 1891, 'burden'),
(584, 'Gare Montparnasse', 'Paris', 'Louisiana', 'Argentina', 1896, 'traveling'),
(585, 'Gare de Tours-Saint-', 'New York', 'Indiana', 'Finland', 1973, 'burden'),
(586, 'Seoul Station', 'Paris', 'Iowa', 'Sweden', 1908, 'traveling'),
(587, 'Wuhan Railway Statio', 'Budapest', 'Idaho', 'Netherlands', 1803, 'traveling'),
(588, 'Gare de Niort', 'Munich', 'Louisiana', 'Tunisia', 2016, 'traveling'),
(589, 'Gare de Strasbourg', 'Moscow', 'Connecticut', 'France', 1786, 'traveling'),
(590, 'Gare de Toulouse-Mat', 'Tokyo', 'Arizona', 'Ghana', 2005, 'burden'),
(591, 'Beijing Railway Stat', 'Moscow', 'Illinois', 'Australia', 1967, 'traveling'),
(592, 'Gare de Dijon-Ville', 'San Francisco', 'Indiana', 'Philippines', 1845, 'traveling'),
(593, 'Gare de Laval', 'Amsterdam', 'Louisiana', 'Australia', 1840, 'traveling'),
(594, 'Gare de Saint-Nazair', 'Buenos Aires', 'Maine', 'India', 1895, 'traveling'),
(595, 'Gare de Montpellier-', 'Seoul', 'Georgia', 'Russia', 1859, 'burden'),
(596, 'Gare de Tarbes', 'Chicago', 'Hawaii', 'Nigeria', 2012, 'burden'),
(597, 'Chhatrapati Shivaji ', 'Prague', 'Arizona', 'Indonesia', 1723, 'burden'),
(598, 'Gare de Marseille-Sa', 'Buenos Aires', 'Florida', 'Tunisia', 2017, 'traveling'),
(599, 'Gare de Lorient', 'Brussels', 'Illinois', 'Chile', 1839, 'traveling'),
(600, 'Gare de Poitiers', 'Rome', 'Indiana', 'Egypt', 1811, 'burden'),
(601, 'Amsterdam Centraal', 'Amsterdam', 'Arizona', 'Algeria', 1846, 'burden'),
(602, 'Gare de La Baule-Esc', 'Beijing', 'Colorado', 'Denmark', 1773, 'traveling'),
(603, 'Gare de Rodez', 'Tokyo', 'Idaho', 'Italy', 1951, 'traveling'),
(604, 'Gare de Prigueux', 'Tokyo', 'Arizona', 'Philippines', 1872, 'traveling'),
(605, 'Gare de Auxerre-Sain', 'Vancouver', 'Illinois', 'Finland', 1989, 'burden'),
(606, 'Gare de Roubaix', 'Copenhagen', 'Kentucky', 'Australia', 1856, 'traveling'),
(607, 'Barcelona Sants', 'Moscow', 'Alaska', 'Australia', 1835, 'traveling'),
(608, 'Gare de Saint-Brieuc', 'San Diego', 'Indiana', 'United Kingdom', 2003, 'traveling'),
(609, 'Victoria Station', 'Prague', 'Alabama', 'Brazil', 1878, 'burden'),
(610, 'Tokyo Station', 'Madrid', 'Maine', 'Tunisia', 1796, 'traveling'),
(611, 'Santa Lucia', 'Boston', 'Delaware', 'Germany', 1758, 'traveling'),
(612, 'Gare de Montpellier-', 'Sydney', 'Arkansas', 'Argentina', 1894, 'burden'),
(613, 'Gare de La Rochelle-', 'Rio de Janeiro', 'Hawaii', 'Qatar', 1887, 'burden'),
(614, 'Gare de Limoges-Bn', 'Singapore', 'Arkansas', 'Russia', 2007, 'traveling'),
(615, 'Union Station', 'Amsterdam', 'Georgia', 'Algeria', 1803, 'burden'),
(616, 'Gare de Toulouse-Mat', 'Amsterdam', 'California', 'Brazil', 1806, 'burden'),
(617, 'Gare de Nantes', 'Washington D.C.', 'Arkansas', 'Cambodia', 1781, 'traveling'),
(618, 'Gare dAusterlitz', 'Brussels', 'Indiana', 'South Korea', 1744, 'burden'),
(619, 'Chhatrapati Shivaji ', 'Madrid', 'Indiana', 'Malaysia', 2010, 'burden'),
(620, 'Hauptbahnhof', 'Stockholm', 'Georgia', 'Algeria', 2004, 'burden'),
(621, 'Barcelona Sants', 'Rio de Janeiro', 'Colorado', 'Myanmar', 1713, 'traveling'),
(622, 'Gare de Limoges-Bn', 'Copenhagen', 'Louisiana', 'Ethiopia', 1723, 'traveling'),
(623, 'Gare de lEst', 'Budapest', 'Kentucky', 'Brazil', 1884, 'burden'),
(624, 'Gare de Laval', 'Buenos Aires', 'Illinois', 'Israel', 1754, 'burden'),
(625, 'Gare de Rennes', 'Stockholm', 'Florida', 'Kenya', 1745, 'burden'),
(626, 'Gare de Besanon-Vio', 'Stockholm', 'Georgia', 'Russia', 1890, 'burden'),
(627, 'Gare de Montpellier-', 'Buenos Aires', 'Connecticut', 'Nigeria', 1868, 'traveling'),
(628, 'Gare de La Rochelle-', 'Oslo', 'Kentucky', 'Kenya', 1885, 'traveling'),
(629, 'Gare de Vannes', 'Chicago', 'Kansas', 'New Zealand', 1953, 'traveling'),
(630, 'Amsterdam Centraal', 'Berlin', 'Maine', 'Tunisia', 1978, 'traveling'),
(631, 'Gare de Clermont-Fer', 'Berlin', 'Arizona', 'Indonesia', 1856, 'traveling'),
(632, 'Gare de Rennes', 'Miami', 'Maryland', 'Italy', 1732, 'traveling'),
(633, 'Gare de Saint-Malo', 'Washington D.C.', 'Florida', 'Sweden', 1831, 'burden'),
(634, 'Gare de Valenciennes', 'Washington D.C.', 'Idaho', 'United Kingdom', 1759, 'burden'),
(635, 'Gare de Quimper', 'Moscow', 'California', 'Russia', 1821, 'burden'),
(636, 'Berlin Hauptbahnhof', 'Lisbon', 'Alabama', 'United Kingdom', 1867, 'burden'),
(637, 'Shinjuku', 'Stockholm', 'Kentucky', 'Kenya', 1965, 'traveling'),
(638, 'Gare de Strasbourg', 'Vienna', 'Hawaii', 'Singapore', 1998, 'burden'),
(639, 'Kings Lynn', 'Lisbon', 'Delaware', 'Indonesia', 1765, 'traveling'),
(640, 'Gare de La Baule-Esc', 'Copenhagen', 'Alaska', 'Russia', 2003, 'traveling');
INSERT INTO `Station` (`station_id`, `station_name`, `city`, `state`, `country`, `establishment`, `type_station`) VALUES
(641, 'Gare de Mulhouse', 'Athens', 'Florida', 'Morocco', 1828, 'burden'),
(642, 'Gare de Montpellier-', 'Boston', 'Iowa', 'Colombia', 1769, 'burden'),
(643, 'Gare de Pau', 'Madrid', 'Alabama', 'Israel', 1785, 'burden'),
(644, 'Penn Station', 'Vienna', 'California', 'Finland', 1921, 'traveling'),
(645, 'Gare de Toulon', 'Los Angeles', 'Maryland', 'Mexico', 1966, 'traveling'),
(646, 'Gare de Tarbes', 'Helsinki', 'Iowa', 'Spain', 1884, 'traveling'),
(647, 'Kings Cross', 'Cape Town', 'Arizona', 'Ethiopia', 1793, 'traveling'),
(648, 'Gare de Caen', 'Seoul', 'Illinois', 'Indonesia', 1887, 'burden'),
(649, 'Gare de Pau', 'Hong Kong', 'Georgia', 'Peru', 1992, 'burden'),
(650, 'New Street', 'Munich', 'Colorado', 'Tunisia', 1864, 'traveling'),
(651, 'Penn Station', 'Shanghai', 'Maryland', 'Thailand', 1787, 'traveling'),
(652, 'Gare de La Rochelle-', 'Dubai', 'Illinois', 'Israel', 1884, 'burden'),
(653, 'Chhatrapati Shivaji ', 'Boston', 'Georgia', 'India', 1716, 'traveling'),
(654, 'Stazione Centrale di', 'Rome', 'Illinois', 'United Arab Emirates', 1783, 'burden'),
(655, 'Penn Station', 'Berlin', 'Alaska', 'United Arab Emirates', 1745, 'traveling'),
(656, 'Gare de Saint-Malo', 'Edinburgh', 'Kansas', 'Japan', 1882, 'traveling'),
(657, 'Penn Station', 'Vienna', 'Maine', 'Myanmar', 1766, 'traveling'),
(658, 'Gare de Nancy-Ville', 'Copenhagen', 'Connecticut', 'Myanmar', 1942, 'traveling'),
(659, 'Gare de Lorient', 'Madrid', 'Kansas', 'Morocco', 1893, 'traveling'),
(660, 'Stazione di Napoli C', 'Edinburgh', 'Iowa', 'Thailand', 1845, 'burden'),
(661, 'Gare de Nantes', 'Zurich', 'Hawaii', 'Australia', 1872, 'traveling'),
(662, 'Shinjuku', 'Sydney', 'Maryland', 'Morocco', 1902, 'traveling'),
(663, 'Gare de Mont-de-Mars', 'Oslo', 'California', 'Ethiopia', 1877, 'burden'),
(664, 'Gare de Nice-Ville', 'Oslo', 'Arizona', 'Iran', 1834, 'traveling'),
(665, 'Gare de Roubaix', 'Seoul', 'Connecticut', 'Tunisia', 1857, 'burden'),
(666, 'Gare de Tours', 'Athens', 'Connecticut', 'Germany', 1758, 'burden'),
(667, 'Charing Cross', 'Miami', 'Louisiana', 'Kenya', 1851, 'traveling'),
(668, 'Gare de Auxerre-Sain', 'Singapore', 'Kentucky', 'Saudi Arabia', 1938, 'burden'),
(669, 'Gare de Saint-Brieuc', 'Mumbai', 'Kentucky', 'Argentina', 1854, 'burden'),
(670, 'Gare de Angoulme', 'Brussels', 'Kentucky', 'Israel', 1899, 'traveling'),
(671, 'Frankfurt Hauptbahnh', 'San Francisco', 'Connecticut', 'Pakistan', 1988, 'traveling'),
(672, 'Gare de Le Mans', 'Washington D.C.', 'Indiana', 'Chile', 1961, 'traveling'),
(673, 'Gare de Roubaix', 'Vancouver', 'Arizona', 'Indonesia', 1768, 'traveling'),
(674, 'Gare de Metz-Ville', 'San Diego', 'Hawaii', 'New Zealand', 1912, 'traveling'),
(675, 'Charing Cross', 'Athens', 'Connecticut', 'Qatar', 1822, 'burden'),
(676, 'Gare de Laval', 'Singapore', 'Florida', 'Iran', 2015, 'traveling'),
(677, 'Victoria Station', 'Budapest', 'Illinois', 'Italy', 1751, 'traveling'),
(678, 'Gare de Laval', 'Los Angeles', 'Hawaii', 'Pakistan', 1933, 'burden'),
(679, 'St Pancras Internati', 'Moscow', 'Colorado', 'United Arab Emirates', 1873, 'traveling'),
(680, 'Gare de Laval', 'Prague', 'Kansas', 'Pakistan', 1967, 'traveling'),
(681, 'Gare de Angoulme', 'Zurich', 'Louisiana', 'Germany', 1890, 'traveling'),
(682, 'Gare de Prigueux', 'Rome', 'Delaware', 'South Korea', 1783, 'burden'),
(683, 'Gare de Tours-Saint-', 'Cape Town', 'Maine', 'Japan', 2015, 'burden'),
(684, 'Union Station', 'Brussels', 'Indiana', 'Singapore', 2002, 'burden'),
(685, 'Gare de Toulon', 'New York', 'Colorado', 'India', 1746, 'traveling'),
(686, 'Gare de Lyon', 'Prague', 'Arkansas', 'Vietnam', 1776, 'burden'),
(687, 'Gare de Toulon', 'Manila', 'Kentucky', 'Canada', 2001, 'burden'),
(688, 'Kings Cross', 'Sydney', 'Illinois', 'India', 1785, 'traveling'),
(689, 'Gare de Le Mans', 'Oslo', 'Kentucky', 'Denmark', 1905, 'traveling'),
(690, 'Charing Cross', 'Kuala Lumpur', 'Georgia', 'Algeria', 1892, 'traveling'),
(691, 'Gare du Nord', 'Cape Town', 'Alaska', 'Peru', 1983, 'traveling'),
(692, 'Berlin Hauptbahnhof', 'Vienna', 'Idaho', 'Australia', 1720, 'burden'),
(693, 'Gare de Angoulme', 'Stockholm', 'Colorado', 'Sweden', 1859, 'traveling'),
(694, 'Gare de Toulouse-Mat', 'Madrid', 'Kansas', 'Germany', 1858, 'burden'),
(695, 'Gare de Nantes', 'Budapest', 'Kentucky', 'Denmark', 1804, 'traveling'),
(696, 'Gare de Lille Europe', 'Los Angeles', 'Arkansas', 'India', 1724, 'traveling'),
(697, 'Warszawa Centralna', 'Cape Town', 'Alaska', 'Cambodia', 1957, 'burden'),
(698, 'Gare de Nmes', 'San Francisco', 'Kansas', 'Thailand', 1837, 'burden'),
(699, 'Gare de Lyon-Part-Di', 'Los Angeles', 'Florida', 'Pakistan', 1746, 'traveling'),
(700, 'Stazione Centrale di', 'Hong Kong', 'Alaska', 'Spain', 1863, 'traveling'),
(701, 'Stazione Centrale di', 'Chicago', 'Alabama', 'Japan', 1774, 'burden'),
(702, 'Beijing Railway Stat', 'London', 'Alabama', 'Tunisia', 1816, 'traveling'),
(703, 'Gare de Mont-de-Mars', 'Budapest', 'Louisiana', 'United Kingdom', 1753, 'burden'),
(704, 'Santa Lucia', 'Vancouver', 'Hawaii', 'Colombia', 1742, 'burden'),
(705, 'Gare de Bziers', 'Boston', 'Louisiana', 'Malaysia', 1784, 'traveling'),
(706, 'Gare de Strasbourg-V', 'Zurich', 'Louisiana', 'Chile', 1718, 'traveling'),
(707, 'Amsterdam Centraal', 'Dubai', 'Alaska', 'Russia', 1891, 'burden'),
(708, 'Gare de Nmes', 'Montreal', 'Connecticut', 'Philippines', 1993, 'traveling'),
(709, 'Gare de Strasbourg-V', 'Paris', 'Florida', 'Argentina', 1910, 'burden'),
(710, 'Gare de Tarbes', 'Berlin', 'Florida', 'Vietnam', 1804, 'traveling'),
(711, 'Gare de Dijon-Ville', 'Lisbon', 'Florida', 'United Kingdom', 1995, 'burden'),
(712, 'Gare de Mont-de-Mars', 'Copenhagen', 'Louisiana', 'Egypt', 1996, 'traveling'),
(713, 'Gare de Nancy-Ville', 'San Diego', 'Iowa', 'Iran', 2013, 'burden'),
(714, 'Gare de Bziers', 'Kuala Lumpur', 'Iowa', 'Chile', 1803, 'burden'),
(715, 'Gare de Saintes', 'Dublin', 'Kansas', 'Germany', 1891, 'burden'),
(716, 'Union Station', 'Helsinki', 'Connecticut', 'Canada', 1828, 'traveling'),
(717, 'Gare de La Baule-Esc', 'Tokyo', 'Iowa', 'South Africa', 1909, 'burden'),
(718, 'Barcelona Sants', 'Rio de Janeiro', 'Connecticut', 'United States', 2010, 'traveling'),
(719, 'Gare de Dijon-Ville', 'Madrid', 'Hawaii', 'Mexico', 2006, 'traveling'),
(720, 'Gare de Strasbourg-V', 'Prague', 'Florida', 'Sweden', 1882, 'traveling'),
(721, 'Gare de Rouen-Rive-D', 'Sydney', 'Georgia', 'Myanmar', 1952, 'burden'),
(722, 'Gare de Clermont-Fer', 'Vancouver', 'Colorado', 'Egypt', 1878, 'traveling'),
(723, 'Beijing Railway Stat', 'Chicago', 'Georgia', 'Peru', 2011, 'burden'),
(724, 'Gare de Lille Europe', 'Dublin', 'Maryland', 'United States', 1979, 'traveling'),
(725, 'Gare de Strasbourg', 'Buenos Aires', 'Arkansas', 'Tunisia', 1813, 'burden'),
(726, 'Stazione di Roma Ter', 'Edinburgh', 'Arizona', 'Qatar', 1860, 'traveling'),
(727, 'Gare de Saint-Malo', 'Prague', 'Connecticut', 'Thailand', 1713, 'traveling'),
(728, 'Gare de Saint-Malo', 'Manila', 'Georgia', 'Colombia', 1775, 'burden'),
(729, 'Gare de Niort', 'Seoul', 'Maine', 'United States', 1804, 'traveling'),
(730, 'Union Station', 'Sydney', 'Colorado', 'Ghana', 1877, 'traveling'),
(731, 'Kings Lynn', 'Berlin', 'Florida', 'China', 1732, 'traveling'),
(732, 'Gare de Lorient', 'Washington D.C.', 'Alabama', 'Mexico', 2003, 'traveling'),
(733, 'Gare de La Baule-Esc', 'Kuala Lumpur', 'Hawaii', 'Philippines', 1775, 'burden'),
(734, 'Santa Lucia', 'Amsterdam', 'Illinois', 'Denmark', 1835, 'burden'),
(735, 'Gare de Nancy-Ville', 'Dubai', 'California', 'Turkey', 1755, 'traveling'),
(736, 'Gare de Valenciennes', 'Shanghai', 'California', 'Kenya', 1960, 'burden'),
(737, 'Gare de La Baule-Esc', 'Mumbai', 'Connecticut', 'South Africa', 1938, 'traveling'),
(738, 'Gare de Montpellier-', 'Singapore', 'Arizona', 'Singapore', 1733, 'traveling'),
(739, 'Gare de Grenoble', 'Vancouver', 'Arizona', 'Japan', 2010, 'traveling'),
(740, 'Gare de Nantes', 'Manila', 'Indiana', 'Saudi Arabia', 1726, 'burden'),
(741, 'Seoul Station', 'Dubai', 'Iowa', 'New Zealand', 1954, 'burden'),
(742, 'Gare de Nantes', 'Shanghai', 'Kansas', 'Pakistan', 1946, 'burden'),
(743, 'Amsterdam Centraal', 'Dubai', 'Maine', 'Spain', 1986, 'burden'),
(744, 'Gare de Nmes', 'Vienna', 'Maryland', 'Tunisia', 1806, 'traveling'),
(745, 'Gare de Pau', 'Munich', 'Louisiana', 'Pakistan', 1981, 'burden'),
(746, 'Hauptbahnhof', 'New York', 'California', 'Saudi Arabia', 2002, 'burden'),
(747, 'Gare de Rouen-Rive-D', 'Istanbul', 'Indiana', 'United Arab Emirates', 1946, 'burden'),
(748, 'Gare de Angoulme', 'Helsinki', 'Delaware', 'United States', 1817, 'burden'),
(749, 'Gare de La Baule-Esc', 'London', 'Louisiana', 'Chile', 1822, 'traveling'),
(750, 'Gare de Nantes', 'Chicago', 'Georgia', 'United States', 1756, 'traveling'),
(751, 'Gare de Tours-Saint-', 'Stockholm', 'Delaware', 'Iran', 1732, 'burden'),
(752, 'Gare de Tarbes', 'Manila', 'Arizona', 'Algeria', 1820, 'traveling'),
(753, 'Gare de Nancy-Ville', 'Shanghai', 'Arizona', 'Tunisia', 1859, 'burden'),
(754, 'Gare de La Roche-sur', 'Rome', 'Iowa', 'Tunisia', 1983, 'traveling'),
(755, 'Gare de Angoulme', 'Paris', 'Iowa', 'India', 1985, 'burden'),
(756, 'Gare de Lille Europe', 'Athens', 'Kansas', 'Mexico', 2016, 'burden'),
(757, 'Gare de Vannes', 'Singapore', 'Delaware', 'South Korea', 1943, 'traveling'),
(758, 'Gare dAusterlitz', 'New York', 'Florida', 'Kenya', 1809, 'traveling'),
(759, 'Hauptbahnhof', 'Zurich', 'Georgia', 'Peru', 1876, 'burden'),
(760, 'Stazione di Napoli C', 'Toronto', 'Colorado', 'Egypt', 1984, 'traveling'),
(761, 'Gare de Tours-Saint-', 'Edinburgh', 'Kansas', 'Myanmar', 1899, 'traveling'),
(762, 'Gare du Nord', 'Shanghai', 'Kentucky', 'Canada', 1825, 'burden'),
(763, 'Gare de Strasbourg', 'Manila', 'Georgia', 'France', 1955, 'burden'),
(764, 'Gare de La Roche-sur', 'Athens', 'Illinois', 'Israel', 1964, 'burden'),
(765, 'Shinjuku', 'Munich', 'Hawaii', 'Egypt', 1957, 'burden'),
(766, 'Gare de Bourges', 'Amsterdam', 'Delaware', 'Malaysia', 1773, 'burden'),
(767, 'Gare de Quimper', 'Amsterdam', 'Connecticut', 'Philippines', 1933, 'burden'),
(768, 'Stazione Centrale di', 'Montreal', 'Florida', 'South Korea', 1749, 'traveling'),
(769, 'Gare de Clermont-Fer', 'Miami', 'Arizona', 'Pakistan', 1758, 'traveling'),
(770, 'New Street', 'Munich', 'Delaware', 'Cambodia', 1739, 'traveling'),
(771, 'Gare Montparnasse', 'Vienna', 'Maryland', 'Finland', 1900, 'burden'),
(772, 'Gare du Nord', 'Munich', 'Delaware', 'Qatar', 1708, 'traveling'),
(773, 'Gare de Besanon-Vio', 'Dubai', 'Colorado', 'United Kingdom', 1985, 'traveling'),
(774, 'Gare de Tours-Saint-', 'Singapore', 'Illinois', 'Netherlands', 1772, 'traveling'),
(775, 'Gare de Tours', 'Beijing', 'Arkansas', 'United Kingdom', 1817, 'burden'),
(776, 'New Street', 'Helsinki', 'Maine', 'United Arab Emirates', 1962, 'burden'),
(777, 'Gare de Rodez', 'Munich', 'Alabama', 'Pakistan', 1920, 'burden'),
(778, 'Gare de La Roche-sur', 'Lisbon', 'Hawaii', 'Turkey', 1755, 'traveling'),
(779, 'Grand Central', 'Los Angeles', 'California', 'Canada', 1708, 'traveling'),
(780, 'Stazione di Roma Ter', 'Mumbai', 'Arkansas', 'United States', 1956, 'traveling'),
(781, 'Gare de Roubaix', 'Prague', 'Maine', 'United Arab Emirates', 1781, 'burden'),
(782, 'Gare de Tours', 'New York', 'Louisiana', 'Malaysia', 1807, 'traveling'),
(783, 'Gare de Saint-Nazair', 'Mumbai', 'Delaware', 'Kenya', 1940, 'traveling'),
(784, 'Gare de Quimper', 'Oslo', 'Alaska', 'Tunisia', 1789, 'traveling'),
(785, 'Gare de Le Mans', 'Edinburgh', 'Hawaii', 'Cambodia', 1976, 'traveling'),
(786, 'Gare de Besanon-Vio', 'Miami', 'Arizona', 'Egypt', 1851, 'burden'),
(787, 'Gare Saint-Lazare', 'Rio de Janeiro', 'Hawaii', 'India', 1778, 'burden'),
(788, 'Gare de Rennes', 'Buenos Aires', 'Hawaii', 'Sweden', 1764, 'burden'),
(789, 'Tokyo Station', 'Buenos Aires', 'Louisiana', 'Russia', 2008, 'burden'),
(790, 'Gare de Caen', 'Seoul', 'Kentucky', 'Japan', 1909, 'traveling'),
(791, 'Warszawa Centralna', 'Athens', 'Alabama', 'Canada', 1764, 'traveling'),
(792, 'Gare de Brest', 'San Diego', 'Indiana', 'Pakistan', 1703, 'burden'),
(793, 'Gare de Clermont-Fer', 'Kuala Lumpur', 'Iowa', 'Saudi Arabia', 2012, 'burden'),
(794, 'Gare de Dijon-Ville', 'Copenhagen', 'Illinois', 'Israel', 1863, 'traveling'),
(795, 'Gare de Carcassonne', 'Dubai', 'California', 'Brazil', 1835, 'burden'),
(796, 'Chhatrapati Shivaji ', 'Dublin', 'Indiana', 'Japan', 1768, 'burden'),
(797, 'Berlin Hauptbahnhof', 'Zurich', 'Kentucky', 'Sweden', 1965, 'traveling'),
(798, 'Gare de Bziers', 'Montreal', 'Connecticut', 'Myanmar', 1885, 'burden'),
(799, 'Gare dAusterlitz', 'Athens', 'Alaska', 'United States', 1707, 'burden'),
(800, 'Gare de Pau', 'Beijing', 'Hawaii', 'Australia', 1851, 'burden'),
(801, 'Gare de Marseille-Sa', 'Stockholm', 'Illinois', 'India', 1793, 'traveling'),
(802, 'Victoria Station', 'Oslo', 'Illinois', 'Japan', 1764, 'traveling'),
(803, 'Barcelona Sants', 'Manila', 'Idaho', 'Thailand', 1797, 'traveling'),
(804, 'Gare de Toulouse-Mat', 'Vancouver', 'Maine', 'Saudi Arabia', 1870, 'burden'),
(805, 'Gare Montparnasse', 'Budapest', 'California', 'Italy', 2015, 'traveling'),
(806, 'Gare de Mont-de-Mars', 'Copenhagen', 'Maine', 'Peru', 1712, 'traveling'),
(807, 'Gare de Metz-Ville', 'Mumbai', 'Idaho', 'Morocco', 1711, 'burden'),
(808, 'Gare de Bziers', 'Sydney', 'Kentucky', 'Morocco', 1825, 'traveling'),
(809, 'Stazione di Napoli C', 'Istanbul', 'Georgia', 'Philippines', 1729, 'traveling'),
(810, 'Gare de Tours-Saint-', 'Sydney', 'Illinois', 'Iran', 1773, 'burden'),
(811, 'Gare de Nmes', 'Toronto', 'Connecticut', 'Mexico', 1877, 'burden'),
(812, 'Gare de Montauban-Vi', 'Zurich', 'Alaska', 'Brazil', 2018, 'traveling'),
(813, 'Hauptbahnhof', 'Los Angeles', 'Hawaii', 'Qatar', 1720, 'traveling'),
(814, 'Barcelona Sants', 'Budapest', 'Iowa', 'Myanmar', 1830, 'traveling'),
(815, 'Gare de Roubaix', 'Los Angeles', 'Arizona', 'Nigeria', 1734, 'traveling'),
(816, 'Gare de La Baule-Esc', 'Buenos Aires', 'Alaska', 'Mexico', 1967, 'burden'),
(817, 'Grand Central', 'Cape Town', 'Florida', 'Israel', 1849, 'burden'),
(818, 'Gare de Rouen-Rive-D', 'London', 'Georgia', 'Singapore', 1949, 'traveling'),
(819, 'Gare de Angers-Saint', 'Athens', 'Louisiana', 'Argentina', 1732, 'burden'),
(820, 'Beijing Railway Stat', 'Dubai', 'Alabama', 'South Korea', 1718, 'burden'),
(821, 'Gare de La Rochelle-', 'Sydney', 'Arkansas', 'Tunisia', 1998, 'traveling'),
(822, 'Gare de Angoulme', 'Tokyo', 'Illinois', 'Russia', 1958, 'traveling'),
(823, 'Tokyo Station', 'Montreal', 'Idaho', 'Brazil', 1948, 'traveling'),
(824, 'Liverpool Street', 'Los Angeles', 'Maine', 'Philippines', 1881, 'burden'),
(825, 'Hauptbahnhof', 'Beijing', 'Maine', 'Norway', 1918, 'traveling'),
(826, 'Gare de Poitiers', 'Los Angeles', 'Kansas', 'France', 1810, 'traveling'),
(827, 'Barcelona Sants', 'Oslo', 'Georgia', 'Italy', 1745, 'burden'),
(828, 'Hauptbahnhof', 'Beijing', 'Arkansas', 'China', 1714, 'traveling'),
(829, 'Beijing Railway Stat', 'Kuala Lumpur', 'Georgia', 'United Arab Emirates', 1770, 'burden'),
(830, 'Warszawa Centralna', 'Moscow', 'Arizona', 'Nigeria', 1860, 'burden'),
(831, 'Gare de Vannes', 'Boston', 'Idaho', 'South Africa', 1829, 'traveling'),
(832, 'Gare de Toulouse-Mat', 'Tokyo', 'Kansas', 'Argentina', 1821, 'burden'),
(833, 'Frankfurt Hauptbahnh', 'London', 'Maryland', 'Morocco', 2015, 'traveling'),
(834, 'Gare de Nantes', 'Rome', 'Louisiana', 'Pakistan', 1936, 'burden'),
(835, 'St Pancras Internati', 'Dubai', 'Alaska', 'Spain', 1744, 'burden'),
(836, 'Gare de Bourges', 'Kuala Lumpur', 'Illinois', 'Ethiopia', 1956, 'burden'),
(837, 'Gare de Montauban-Vi', 'New York', 'Kansas', 'Thailand', 1999, 'burden'),
(838, 'Gare de Laval', 'Los Angeles', 'Idaho', 'Algeria', 1851, 'burden'),
(839, 'Gare de La Roche-sur', 'Sydney', 'Georgia', 'Egypt', 1831, 'traveling'),
(840, 'Gare de Saintes', 'Amsterdam', 'Louisiana', 'Ghana', 2002, 'traveling'),
(841, 'Gare de Clermont-Fer', 'Athens', 'Kansas', 'Israel', 1777, 'traveling'),
(842, 'Gare de Nmes', 'Munich', 'California', 'Nigeria', 1968, 'traveling'),
(843, 'Gare de Bziers', 'Mexico City', 'Arizona', 'Germany', 1983, 'burden'),
(844, 'Gare de Besanon-Vio', 'Istanbul', 'Louisiana', 'Indonesia', 2004, 'traveling'),
(845, 'Gare Montparnasse', 'Madrid', 'California', 'Philippines', 1919, 'burden'),
(846, 'Gare de Grenoble', 'Miami', 'Maryland', 'Australia', 1963, 'burden'),
(847, 'Chhatrapati Shivaji ', 'Montreal', 'Delaware', 'Canada', 1778, 'traveling'),
(848, 'Gare de Toulouse-Mat', 'Dublin', 'Arkansas', 'Peru', 1935, 'burden'),
(849, 'Gare de Lausanne', 'Dubai', 'Kansas', 'Peru', 1866, 'traveling'),
(850, 'Gare de La Roche-sur', 'Amsterdam', 'Idaho', 'Russia', 2007, 'burden'),
(851, 'Amsterdam Centraal', 'London', 'Illinois', 'Myanmar', 1985, 'burden'),
(852, 'Gare de Strasbourg', 'Amsterdam', 'Kansas', 'Brazil', 1875, 'burden'),
(853, 'Berlin Hauptbahnhof', 'Copenhagen', 'Arizona', 'United Kingdom', 1971, 'burden'),
(854, 'Union Station', 'Washington D.C.', 'Delaware', 'Netherlands', 2015, 'traveling'),
(855, 'Gare de La Roche-sur', 'Mumbai', 'Hawaii', 'Iran', 1885, 'traveling'),
(856, 'Beijing Railway Stat', 'Manila', 'Illinois', 'Ethiopia', 1765, 'traveling'),
(857, 'Gare de La Rochelle-', 'San Francisco', 'California', 'Norway', 1765, 'traveling'),
(858, 'Penn Station', 'Toronto', 'Delaware', 'Cambodia', 1918, 'burden'),
(859, 'Gare de Roubaix', 'Mumbai', 'Indiana', 'Morocco', 2014, 'burden'),
(860, 'Stazione Centrale di', 'Berlin', 'Delaware', 'South Africa', 1788, 'burden'),
(861, 'Warszawa Centralna', 'Seoul', 'Connecticut', 'United Kingdom', 1904, 'burden'),
(862, 'Amsterdam Centraal', 'San Francisco', 'Illinois', 'Norway', 1990, 'traveling'),
(863, 'Shinjuku', 'Moscow', 'Indiana', 'Colombia', 1815, 'traveling'),
(864, 'Gare de Brest', 'Madrid', 'Iowa', 'Qatar', 1782, 'burden'),
(865, 'Gare de Clermont-Fer', 'New York', 'Illinois', 'Canada', 1944, 'burden'),
(866, 'Gare de Prigueux', 'Dublin', 'Arizona', 'Brazil', 1721, 'burden'),
(867, 'Frankfurt Hauptbahnh', 'Stockholm', 'Georgia', 'Canada', 1916, 'traveling'),
(868, 'Kings Cross', 'Rome', 'Hawaii', 'Pakistan', 1883, 'traveling'),
(869, 'Gare de Pau', 'Beijing', 'Illinois', 'Myanmar', 1944, 'traveling'),
(870, 'Gare de Auxerre-Sain', 'Chicago', 'Alabama', 'Netherlands', 1938, 'traveling'),
(871, 'Gare de Saint-Malo', 'Zurich', 'Louisiana', 'Indonesia', 1899, 'burden'),
(872, 'Gare de Limoges-Bn', 'Manila', 'Iowa', 'Singapore', 1949, 'traveling'),
(873, 'Gare de Bourges', 'Toronto', 'Iowa', 'Iran', 1846, 'traveling'),
(874, 'Gare Saint-Lazare', 'Berlin', 'Colorado', 'Chile', 1963, 'burden'),
(875, 'Gare Saint-Lazare', 'Seoul', 'Idaho', 'Saudi Arabia', 1731, 'traveling'),
(876, 'Gare de Lille Europe', 'Mumbai', 'Idaho', 'Algeria', 1948, 'traveling'),
(877, 'Gare de Bziers', 'Berlin', 'Iowa', 'Ghana', 1708, 'burden'),
(878, 'Gare de Bordeaux-Sai', 'Seoul', 'Maine', 'South Africa', 1722, 'burden'),
(879, 'Gare de La Roche-sur', 'Mexico City', 'Florida', 'Myanmar', 1751, 'burden'),
(880, 'Stazione di Roma Ter', 'Moscow', 'Maryland', 'Iran', 1747, 'burden'),
(881, 'Kings Cross', 'Prague', 'Florida', 'Cambodia', 1828, 'burden'),
(882, 'Gare de Mulhouse', 'Berlin', 'Georgia', 'Turkey', 1864, 'traveling'),
(883, 'Penn Station', 'Budapest', 'Louisiana', 'Thailand', 1824, 'burden'),
(884, 'Gare Saint-Lazare', 'Manila', 'Maine', 'Finland', 1942, 'traveling'),
(885, 'Hauptbahnhof', 'Paris', 'Florida', 'Spain', 1755, 'traveling'),
(886, 'Berlin Hauptbahnhof', 'Beijing', 'Idaho', 'Ethiopia', 1833, 'traveling'),
(887, 'Beijing Railway Stat', 'Rio de Janeiro', 'Idaho', 'New Zealand', 1903, 'burden'),
(888, 'Gare de Dijon-Ville', 'Rio de Janeiro', 'Connecticut', 'Israel', 2016, 'traveling'),
(889, 'Gare de Brest', 'Paris', 'Indiana', 'Finland', 1760, 'burden'),
(890, 'Gare de lEst', 'Madrid', 'Indiana', 'Spain', 1783, 'traveling'),
(891, 'Gare de Quimper', 'Singapore', 'Iowa', 'United Kingdom', 1796, 'burden'),
(892, 'Santa Lucia', 'London', 'Maine', 'Kenya', 1955, 'traveling'),
(893, 'Gare de Niort', 'Singapore', 'Louisiana', 'Kenya', 1904, 'burden'),
(894, 'Gare de La Baule-Esc', 'Munich', 'Maryland', 'South Africa', 1944, 'traveling'),
(895, 'Chhatrapati Shivaji ', 'Dubai', 'Alabama', 'China', 1816, 'traveling'),
(896, 'Gare de Rennes', 'Mexico City', 'Arizona', 'Cambodia', 1864, 'burden'),
(897, 'Kings Cross', 'Toronto', 'Florida', 'Japan', 1761, 'burden'),
(898, 'Gare de Strasbourg', 'Manila', 'Idaho', 'Turkey', 2019, 'burden'),
(899, 'Victoria Station', 'Buenos Aires', 'Colorado', 'Thailand', 1845, 'burden'),
(900, 'Tokyo Station', 'Edinburgh', 'Georgia', 'Pakistan', 1973, 'burden'),
(901, 'Union Station', 'Istanbul', 'Colorado', 'Egypt', 1764, 'traveling'),
(902, 'Liverpool Street', 'Brussels', 'Kansas', 'Ghana', 1887, 'traveling'),
(903, 'Gare de Bziers', 'Barcelona', 'Illinois', 'United States', 1726, 'burden'),
(904, 'Gare de Dijon-Ville', 'Amsterdam', 'Florida', 'Saudi Arabia', 1924, 'burden'),
(905, 'Kings Lynn', 'Athens', 'Alabama', 'Philippines', 1774, 'burden'),
(906, 'Gare de Valenciennes', 'Istanbul', 'Georgia', 'United States', 1958, 'burden'),
(907, 'Gare de Montpellier-', 'Edinburgh', 'Georgia', 'South Korea', 1929, 'burden'),
(908, 'Liverpool Street', 'Dubai', 'Maryland', 'Ethiopia', 1980, 'traveling'),
(909, 'Gare de Grenoble', 'Dublin', 'Idaho', 'Italy', 1737, 'burden'),
(910, 'Gare de Toulouse-Mat', 'London', 'Maryland', 'Vietnam', 1900, 'traveling'),
(911, 'Gare de Le Mans', 'Cape Town', 'Louisiana', 'France', 1753, 'traveling'),
(912, 'Gare du Nord', 'Edinburgh', 'Hawaii', 'Philippines', 1743, 'traveling'),
(913, 'Gare de Metz-Ville', 'Stockholm', 'Alabama', 'Japan', 1843, 'traveling'),
(914, 'Stazione Centrale di', 'Boston', 'Maine', 'South Africa', 1899, 'burden'),
(915, 'Amsterdam Centraal', 'Lisbon', 'Florida', 'Mexico', 1969, 'traveling'),
(916, 'Gare dAusterlitz', 'Beijing', 'Arizona', 'Vietnam', 1741, 'burden'),
(917, 'Gare Montparnasse', 'Helsinki', 'Georgia', 'Australia', 1986, 'burden'),
(918, 'Gare de Grenoble', 'Copenhagen', 'Connecticut', 'France', 2021, 'burden'),
(919, 'Kings Cross', 'Brussels', 'Idaho', 'Morocco', 1991, 'burden'),
(920, 'Hauptbahnhof', 'Edinburgh', 'Maine', 'Australia', 2014, 'traveling'),
(921, 'Gare de Saintes', 'Toronto', 'Alabama', 'Iran', 1945, 'traveling'),
(922, 'Gare de Mont-de-Mars', 'Amsterdam', 'Georgia', 'South Korea', 1777, 'traveling'),
(923, 'Gare de Lorient', 'Edinburgh', 'Iowa', 'Thailand', 1812, 'traveling'),
(924, 'Tokyo Station', 'Dublin', 'Idaho', 'Colombia', 1974, 'burden'),
(925, 'Gare de Brest', 'Athens', 'Hawaii', 'Israel', 1817, 'traveling'),
(926, 'Gare de Niort', 'Los Angeles', 'Indiana', 'Israel', 1871, 'burden'),
(927, 'Gare de Carcassonne', 'Zurich', 'Alaska', 'Philippines', 1966, 'burden'),
(928, 'Gare de Saintes', 'Brussels', 'Delaware', 'Mexico', 1853, 'traveling'),
(929, 'Gare de Bayonne', 'Athens', 'Georgia', 'Mexico', 1951, 'traveling'),
(930, 'Santa Lucia', 'Madrid', 'Kansas', 'Israel', 1785, 'burden'),
(931, 'Gare de Saintes', 'Washington D.C.', 'Indiana', 'South Africa', 1759, 'burden'),
(932, 'Gare de Mont-de-Mars', 'Seoul', 'Connecticut', 'Chile', 1954, 'traveling'),
(933, 'Victoria Station', 'Dubai', 'Delaware', 'Saudi Arabia', 1954, 'traveling'),
(934, 'Gare de Mulhouse', 'Beijing', 'Indiana', 'Cambodia', 1986, 'traveling'),
(935, 'Gare de Strasbourg-V', 'Cape Town', 'Louisiana', 'Chile', 2002, 'burden'),
(936, 'Penn Station', 'Miami', 'Maine', 'Morocco', 1873, 'burden'),
(937, 'Gare de Bayonne', 'Dubai', 'Idaho', 'New Zealand', 1846, 'burden'),
(938, 'Gare de Montauban-Vi', 'Mexico City', 'Arkansas', 'United States', 1835, 'traveling'),
(939, 'Gare de Clermont-Fer', 'Rome', 'Connecticut', 'Argentina', 1797, 'burden'),
(940, 'Gare de Rouen-Rive-D', 'Los Angeles', 'Louisiana', 'India', 1785, 'traveling'),
(941, 'Gare de Carcassonne', 'Mexico City', 'Idaho', 'Morocco', 1730, 'traveling'),
(942, 'Gare de Bourges', 'Montreal', 'Iowa', 'Russia', 1994, 'burden'),
(943, 'Gare de Lyon', 'Los Angeles', 'Louisiana', 'Pakistan', 1979, 'burden'),
(944, 'Gare de Auxerre-Sain', 'Shanghai', 'Hawaii', 'Israel', 2008, 'traveling'),
(945, 'Gare de Rennes', 'Singapore', 'Maryland', 'Kenya', 1912, 'burden'),
(946, 'Kings Lynn', 'Edinburgh', 'Delaware', 'Argentina', 1815, 'traveling'),
(947, 'Gare de Vannes', 'Chicago', 'Arkansas', 'Indonesia', 1836, 'burden'),
(948, 'Gare de Mulhouse', 'Budapest', 'Maine', 'Argentina', 1884, 'traveling'),
(949, 'Gare de Brest', 'Chicago', 'Connecticut', 'Mexico', 1762, 'traveling'),
(950, 'Gare de Nantes', 'Prague', 'Arizona', 'Israel', 1991, 'traveling'),
(951, 'Gare du Nord', 'Rio de Janeiro', 'California', 'Ghana', 1736, 'traveling'),
(952, 'Barcelona Sants', 'Rome', 'Arkansas', 'Russia', 1865, 'burden'),
(953, 'Grand Central', 'Los Angeles', 'Arizona', 'South Korea', 1782, 'traveling'),
(954, 'Gare de Bordeaux-Sai', 'Helsinki', 'Arkansas', 'Argentina', 1869, 'burden'),
(955, 'Gare de Grenoble', 'Berlin', 'Delaware', 'Egypt', 1943, 'traveling'),
(956, 'Gare de Rennes-Saint', 'Washington D.C.', 'Louisiana', 'Colombia', 1847, 'traveling'),
(957, 'Gare de Valenciennes', 'Vancouver', 'Illinois', 'Thailand', 1789, 'burden'),
(958, 'Gare de Montpellier-', 'Shanghai', 'Florida', 'United Kingdom', 1813, 'burden'),
(959, 'Gare de Troyes', 'Cape Town', 'Georgia', 'Indonesia', 2011, 'traveling'),
(960, 'Warszawa Centralna', 'Moscow', 'Kansas', 'Italy', 1814, 'burden'),
(961, 'Gare de Strasbourg', 'Athens', 'Illinois', 'Algeria', 1947, 'burden'),
(962, 'Gare de Strasbourg-V', 'Edinburgh', 'Iowa', 'India', 1829, 'burden'),
(963, 'Chhatrapati Shivaji ', 'Lisbon', 'Georgia', 'Indonesia', 1725, 'burden'),
(964, 'Gare de Nice-Ville', 'Istanbul', 'Georgia', 'Cambodia', 1786, 'burden'),
(965, 'Gare de Tarbes', 'Zurich', 'Hawaii', 'Cambodia', 1919, 'traveling'),
(966, 'Gare de Le Mans', 'Amsterdam', 'Georgia', 'Cambodia', 1887, 'burden'),
(967, 'Santa Lucia', 'Shanghai', 'Kentucky', 'Chile', 1835, 'traveling'),
(968, 'Gare de Limoges-Bn', 'Budapest', 'California', 'China', 1815, 'burden'),
(969, 'Gare de Saint-Brieuc', 'Beijing', 'Georgia', 'Egypt', 1745, 'burden'),
(970, 'Gare de Tours', 'Athens', 'California', 'South Korea', 1862, 'traveling'),
(971, 'Santa Lucia', 'Budapest', 'Indiana', 'Mexico', 1979, 'traveling'),
(972, 'Gare du Nord', 'Vienna', 'Kentucky', 'Singapore', 1869, 'burden'),
(973, 'Gare de Lille Europe', 'Athens', 'Delaware', 'Colombia', 1743, 'burden'),
(974, 'Gare de Auxerre-Sain', 'Rio de Janeiro', 'Illinois', 'China', 1962, 'traveling'),
(975, 'Gare de Saint-Brieuc', 'Hong Kong', 'California', 'Vietnam', 1981, 'burden'),
(976, 'Gare de Roubaix', 'Paris', 'Illinois', 'Thailand', 1814, 'traveling'),
(977, 'Gare de Bordeaux-Sai', 'Hong Kong', 'Maine', 'Italy', 1886, 'burden'),
(978, 'Gare de Rennes-Saint', 'Dubai', 'Kentucky', 'Spain', 1729, 'traveling'),
(979, 'Gare de Toulouse-Mat', 'Berlin', 'Maryland', 'Argentina', 1709, 'traveling'),
(980, 'Gare de Saint-Malo', 'Toronto', 'Louisiana', 'Japan', 1902, 'burden'),
(981, 'Gare de Troyes', 'Hong Kong', 'Arkansas', 'Ethiopia', 1866, 'burden'),
(982, 'Gare de Valenciennes', 'Mexico City', 'Alabama', 'Japan', 1921, 'traveling'),
(983, 'Gare de Caen', 'Brussels', 'Florida', 'Nigeria', 1913, 'traveling'),
(984, 'Gare de Quimper', 'Amsterdam', 'Maine', 'Netherlands', 1946, 'traveling'),
(985, 'Frankfurt Hauptbahnh', 'Barcelona', 'Idaho', 'Chile', 1931, 'traveling'),
(986, 'Gare de Saintes', 'Beijing', 'Delaware', 'Ethiopia', 1890, 'burden'),
(987, 'Gare de Angoulme', 'Chicago', 'Iowa', 'Argentina', 1749, 'traveling'),
(988, 'Gare de Bziers', 'Cape Town', 'Arizona', 'Chile', 1941, 'traveling'),
(989, 'Gare de Pau', 'Rome', 'Alaska', 'Japan', 1967, 'traveling'),
(990, 'Kings Lynn', 'Boston', 'Delaware', 'Iran', 1786, 'burden'),
(991, 'Gare de Marseille-Sa', 'Paris', 'Idaho', 'France', 1963, 'traveling'),
(992, 'Beijing Railway Stat', 'Prague', 'Maine', 'China', 1998, 'burden'),
(993, 'Gare de Strasbourg-V', 'Sydney', 'Florida', 'Italy', 1829, 'traveling'),
(994, 'Gare de Tours-Saint-', 'Rio de Janeiro', 'Colorado', 'Russia', 1908, 'burden'),
(995, 'Gare de Tours', 'Dublin', 'Maine', 'Saudi Arabia', 1841, 'traveling'),
(996, 'Gare de Strasbourg', 'Rio de Janeiro', 'Delaware', 'Iran', 1908, 'burden'),
(997, 'Hauptbahnhof', 'Amsterdam', 'Kentucky', 'Netherlands', 1893, 'traveling'),
(998, 'Gare de Saint-Malo', 'Istanbul', 'Delaware', 'Germany', 1872, 'traveling'),
(999, 'Seoul Station', 'Helsinki', 'Arkansas', 'Argentina', 1996, 'traveling'),
(5555, 'Navon', 'jr', 'il', 'eu', 1234, 'normal'),
(6666, 'Hof HaCarmel', 'lolo', 'il', 'eu', 1334, 'super'),
(7777, 'Sgula', 'akiva', 'il', 'eu', 13784, 'normal'),
(7877, 'Ofakim', 'noam', 'il', 'eu', 13984, 'normal'),
(666666, 'trytry', 'lev', 'il', 'eu', 12346, 'normal');

--
-- Triggers `Station`
--
DELIMITER $$
CREATE TRIGGER `assign_cashier_to_station` AFTER INSERT ON `Station` FOR EACH ROW BEGIN
    INSERT INTO cashier (ID, stationName)
    VALUES ( NEW.station_id,'Default Cashier');
END
$$
DELIMITER ;

-- --------------------------------------------------------

--
-- Table structure for table `tax_credits`
--

CREATE TABLE `tax_credits` (
  `ID` varchar(9) NOT NULL,
  `num_of_kids` int(11) NOT NULL DEFAULT 0,
  `married` tinyint(1) NOT NULL,
  `pref_area` tinyint(1) NOT NULL,
  `fresh_grad` tinyint(1) NOT NULL,
  `citizen` tinyint(1) NOT NULL
) ENGINE=InnoDB DEFAULT CHARSET=utf8mb4 COLLATE=utf8mb4_general_ci;

--
-- Dumping data for table `tax_credits`
--

INSERT INTO `tax_credits` (`ID`, `num_of_kids`, `married`, `pref_area`, `fresh_grad`, `citizen`) VALUES
('383937589', 4, 1, 0, 0, 1),
('399275893', 3, 0, 1, 0, 1),
('839726545', 5, 1, 0, 0, 1),
('298762987', 3, 1, 0, 0, 1),
('295828903', 2, 1, 0, 1, 1),
('849275789', 1, 1, 0, 0, 1),
('392875940', 0, 0, 0, 0, 1),
('579483729', 0, 1, 0, 0, 1),
('492985973', 0, 0, 0, 0, 1),
('385992740', 0, 0, 0, 0, 1),
('340203985', 1, 1, 0, 0, 1),
('493028493', 2, 1, 1, 0, 1),
('234923020', 3, 1, 0, 0, 1),
('390442819', 3, 1, 0, 0, 1),
('214248190', 2, 0, 0, 0, 1),
('302948578', 2, 0, 0, 0, 1),
('204482323', 0, 0, 0, 0, 1),
('293834985', 0, 0, 0, 0, 1),
('738723678', 0, 0, 0, 1, 1),
('340923832', 1, 1, 1, 1, 1),
('938479239', 3, 1, 0, 0, 1),
('480303921', 2, 1, 0, 0, 1),
('394012829', 1, 1, 0, 0, 1),
('092823989', 0, 0, 0, 1, 1);

-- --------------------------------------------------------

--
-- Table structure for table `Ticket`
--

CREATE TABLE `Ticket` (
  `ticket_id` int(8) NOT NULL,
  `train_id` int(8) NOT NULL,
  `passenger_name` varchar(20) NOT NULL,
  `departure_date` date NOT NULL,
  `seat_number` int(8) NOT NULL,
  `fare_amount` int(8) NOT NULL,
  `payment_id` int(11) NOT NULL
) ENGINE=InnoDB DEFAULT CHARSET=utf8 COLLATE=utf8_unicode_ci;

--
-- Dumping data for table `Ticket`
--

INSERT INTO `Ticket` (`ticket_id`, `train_id`, `passenger_name`, `departure_date`, `seat_number`, `fare_amount`, `payment_id`) VALUES
(0, 187, 'Audrey', '2023-01-19', 346, 2182, 475),
(1, 1, 'yosi', '2023-03-15', 1, 25, 0),
(2, 2, 'dani', '2023-03-01', 3, 150, 0),
(3, 1, 'levi', '2023-03-08', 4, 27, 0),
(4, 577, 'Derek', '2023-01-05', 295, 883, 155),
(5, 783, 'Skylar', '2023-02-04', 74, 949, 588),
(6, 433, 'Makayla', '2023-01-28', 251, 949, 546),
(7, 553, 'Lester', '2023-01-29', 36, 1620, 292),
(8, 520, 'Gabrielle', '2023-02-05', 480, 176, 516),
(9, 275, 'Christopher', '2023-01-10', 215, 1146, 546),
(10, 684, 'Peyton', '2023-01-04', 157, 2281, 366),
(11, 612, 'Albert', '2023-02-02', 443, 1574, 285),
(12, 421, 'Kennedy', '2023-02-07', 335, 2688, 7),
(13, 770, 'Skylar', '2023-02-07', 82, 1410, 774),
(14, 633, 'Isaiah', '2023-01-11', 32, 639, 541),
(15, 429, 'Roger', '2023-01-24', 353, 200, 178),
(16, 84, 'Norman', '2023-02-15', 354, 904, 90),
(17, 255, 'Taylor', '2023-02-16', 240, 533, 723),
(18, 1, 'Taylor', '2023-02-14', 68, 2538, 85),
(19, 191, 'Derek', '2023-01-16', 390, 1232, 422),
(20, 397, 'William', '2023-01-28', 108, 758, 754),
(21, 417, 'Jacob', '2023-01-13', 259, 1041, 6),
(22, 519, 'Allison', '2023-01-18', 429, 834, 565),
(23, 816, 'Amanda', '2023-01-08', 300, 2031, 768),
(24, 161, 'Harold', '2023-01-08', 386, 1388, 725),
(25, 512, 'Riley', '2023-01-17', 452, 2317, 94),
(26, 417, 'Lawrence', '2023-01-28', 109, 2286, 417),
(27, 638, 'Derek', '2023-01-01', 440, 2529, 89),
(28, 436, 'Frank', '2023-02-10', 484, 1393, 945),
(29, 2, 'Samantha', '2023-01-13', 260, 1700, 859),
(30, 796, 'Peyton', '2023-02-12', 197, 2956, 93),
(31, 198, 'Ralph', '2023-01-29', 350, 2827, 263),
(32, 674, 'Dennis', '2023-01-30', 44, 568, 153),
(33, 486, 'Sadie', '2023-01-17', 101, 1416, 867),
(34, 11, 'Jessica', '2023-02-07', 225, 2657, 379),
(35, 177, 'Edward', '2023-01-19', 146, 602, 534),
(36, 30, 'Levi', '2023-02-09', 386, 179, 891),
(37, 925, 'Terry', '2023-01-27', 266, 2323, 378),
(38, 536, 'Brandon', '2023-01-18', 448, 1270, 298),
(39, 127, 'Howard', '2023-01-16', 84, 2089, 965),
(40, 94, 'Sophie', '2023-01-03', 499, 1724, 571),
(41, 322, 'Joel', '2023-02-04', 267, 307, 824),
(42, 676, 'Joel', '2023-01-19', 6, 2656, 861),
(43, 681, 'Piper', '2023-01-19', 335, 222, 714),
(44, 512, 'Faith', '2023-02-06', 494, 1607, 152),
(45, 500, 'Faith', '2023-01-08', 104, 1490, 983),
(46, 138, 'Rachel', '2023-01-23', 430, 1564, 20),
(47, 441, 'Oscar', '2023-01-07', 432, 2915, 656),
(48, 448, 'Matthew', '2023-01-02', 379, 2325, 894),
(49, 314, 'Danielle', '2023-01-14', 234, 2274, 230),
(50, 881, 'Michael', '2023-01-15', 124, 2159, 624),
(51, 791, 'Emily', '2023-01-23', 162, 2088, 305),
(52, 41, 'Roger', '2023-01-30', 161, 1990, 52),
(53, 842, 'Cameron', '2023-01-01', 464, 2558, 575),
(54, 778, 'Tyler', '2023-01-15', 231, 416, 286),
(55, 303, 'Claire', '2023-02-05', 107, 1161, 656),
(56, 931, 'Alexandra', '2023-01-15', 152, 647, 92),
(57, 303, 'Bradley', '2023-02-02', 469, 1866, 608),
(58, 338, 'Donald', '2023-01-21', 154, 310, 777),
(59, 278, 'Taylor', '2023-02-03', 475, 2199, 647),
(60, 397, 'Lauren', '2023-02-10', 147, 855, 597),
(61, 784, 'Paige', '2023-01-09', 445, 994, 64),
(62, 701, 'Keith', '2023-01-15', 59, 629, 452),
(63, 587, 'Emily', '2023-02-07', 397, 1611, 98),
(64, 72, 'Paige', '2023-01-05', 479, 175, 300),
(65, 645, 'Aria', '2023-01-13', 195, 2428, 721),
(66, 34, 'Joseph', '2023-01-26', 346, 535, 126),
(67, 215, 'Morgan', '2023-02-16', 269, 96, 418),
(68, 802, 'William', '2023-01-09', 42, 2662, 587),
(69, 271, 'Sydney', '2023-01-31', 366, 1705, 964),
(70, 463, 'Layla', '2023-01-02', 230, 2470, 926),
(71, 781, 'Olivia', '2023-02-07', 337, 1231, 432),
(72, 95, 'Charles', '2023-01-16', 177, 2844, 509),
(73, 683, 'Albert', '2023-01-21', 319, 2309, 743),
(74, 106, 'Trevor', '2023-01-29', 391, 2779, 644),
(75, 657, 'Tyler', '2023-02-11', 118, 1956, 123),
(76, 59, 'Mia', '2023-02-02', 80, 1404, 604),
(77, 508, 'David', '2023-01-25', 472, 310, 94),
(78, 2, 'Thomas', '2023-01-19', 244, 1381, 51),
(79, 85, 'Jonathan', '2023-02-14', 75, 826, 605),
(80, 261, 'Louis', '2023-01-11', 126, 775, 869),
(81, 946, 'Leah', '2023-02-06', 302, 2647, 97),
(82, 109, 'Madison', '2023-02-15', 219, 67, 460),
(83, 873, 'Roger', '2023-02-14', 324, 811, 396),
(84, 473, 'Alyssa', '2023-01-17', 186, 1864, 757),
(85, 852, 'Adalyn', '2023-01-17', 162, 751, 809),
(86, 567, 'Harry', '2023-02-03', 304, 793, 239),
(87, 668, 'Kaitlyn', '2023-01-29', 336, 1677, 308),
(88, 284, 'Lily', '2023-02-13', 142, 1255, 431),
(89, 563, 'Gerald', '2023-01-28', 5, 822, 170),
(90, 500, 'Walter', '2023-02-01', 389, 2519, 69),
(91, 82, 'Richard', '2023-01-01', 424, 2293, 448),
(92, 142, 'Gregory', '2023-01-01', 357, 1788, 307),
(93, 278, 'Kaitlyn', '2023-01-28', 168, 2932, 599),
(94, 325, 'Emily', '2023-02-01', 339, 2145, 11),
(95, 652, 'Albert', '2023-01-23', 320, 1113, 472),
(96, 661, 'Gabriella', '2023-02-10', 311, 1859, 836),
(97, 475, 'Joshua', '2023-02-11', 71, 71, 514),
(98, 39, 'Jocelyn', '2023-02-13', 480, 2799, 479),
(99, 605, 'Calvin', '2023-02-03', 111, 364, 799),
(100, 866, 'Emma', '2023-02-13', 373, 1428, 222),
(101, 712, 'Harold', '2023-01-28', 45, 2669, 580),
(102, 924, 'Thomas', '2023-02-03', 39, 1044, 453),
(103, 574, 'Frank', '2023-01-27', 468, 496, 708),
(104, 201, 'Audrey', '2023-01-28', 112, 1123, 847),
(105, 555, 'Tyler', '2023-01-25', 171, 1367, 437),
(106, 620, 'Taylor', '2023-01-05', 229, 2042, 325),
(107, 248, 'Kaitlyn', '2023-01-25', 54, 1579, 248),
(108, 771, 'Calvin', '2023-01-10', 61, 2172, 721),
(109, 845, 'Gianna', '2023-01-29', 444, 304, 416),
(110, 930, 'Roger', '2023-02-14', 410, 1496, 525),
(111, 631, 'Charles', '2023-02-09', 18, 514, 468),
(112, 107, 'Joseph', '2023-01-14', 237, 1974, 407),
(113, 551, 'Emily', '2023-01-29', 493, 2090, 152),
(114, 834, 'Maya', '2023-01-13', 76, 2955, 892),
(115, 638, 'Sophie', '2023-01-24', 238, 370, 321),
(116, 413, 'Raymond', '2023-01-21', 481, 2453, 66),
(117, 34, 'Glenn', '2023-02-11', 361, 823, 784),
(118, 650, 'Louis', '2023-02-12', 340, 859, 60),
(119, 986, 'Adalyn', '2023-01-02', 469, 127, 76),
(120, 35, 'Matthew', '2023-02-08', 36, 1570, 631),
(121, 972, 'Charles', '2023-01-12', 135, 1442, 703),
(122, 862, 'Kylie', '2023-01-19', 113, 1785, 153),
(123, 502, 'Stephen', '2023-01-26', 173, 2211, 671),
(124, 191, 'Eric', '2023-01-26', 108, 335, 747),
(125, 164, 'Peter', '2023-01-03', 206, 1452, 706),
(126, 404, 'Londyn', '2023-01-31', 256, 645, 153),
(127, 126, 'Eugene', '2023-01-16', 233, 696, 161),
(128, 944, 'Faith', '2023-02-12', 127, 372, 927),
(129, 172, 'Bradley', '2023-02-02', 20, 230, 749),
(130, 341, 'Louis', '2023-01-05', 83, 88, 526),
(131, 508, 'Lawrence', '2023-02-08', 46, 2985, 823),
(132, 924, 'Richard', '2023-01-12', 466, 1216, 862),
(133, 308, 'Anna', '2023-02-05', 227, 490, 370),
(134, 338, 'Sophie', '2023-01-15', 108, 2416, 737),
(135, 164, 'Kayla', '2023-02-07', 446, 1541, 32),
(136, 606, 'Mark', '2023-02-12', 339, 1989, 486),
(137, 708, 'Donald', '2023-01-24', 356, 1187, 569),
(138, 820, 'Roy', '2023-02-12', 148, 331, 424),
(139, 625, 'Aaliyah', '2023-02-13', 236, 2434, 962),
(140, 183, 'Carl', '2023-02-12', 39, 2645, 172),
(141, 872, 'Elise', '2023-01-17', 400, 472, 30),
(142, 506, 'Miles', '2023-01-05', 304, 1768, 818),
(143, 646, 'Sydney', '2023-02-08', 340, 1677, 661),
(144, 281, 'Megan', '2023-02-07', 365, 2680, 777),
(145, 488, 'Cameron', '2023-01-20', 468, 1029, 556),
(146, 31, 'Caroline', '2023-01-31', 51, 187, 810),
(147, 411, 'Leah', '2023-01-06', 49, 352, 611),
(148, 130, 'Eugene', '2023-01-01', 429, 1600, 318),
(149, 96, 'Haley', '2023-01-27', 31, 1854, 706),
(150, 610, 'Megan', '2023-01-06', 232, 1347, 821),
(151, 305, 'Jocelyn', '2023-02-02', 14, 1778, 688),
(152, 508, 'Arthur', '2023-01-16', 385, 242, 873),
(153, 768, 'Brian', '2023-01-31', 33, 565, 233),
(154, 700, 'Delaney', '2023-01-31', 141, 2115, 69),
(155, 799, 'Julia', '2023-02-09', 342, 934, 646),
(156, 509, 'Walter', '2023-02-02', 451, 896, 640),
(157, 359, 'Megan', '2023-01-16', 116, 270, 924),
(158, 570, 'Christopher', '2023-01-13', 240, 918, 196),
(159, 382, 'Tyler', '2023-02-07', 141, 943, 748),
(160, 545, 'Gregory', '2023-01-29', 315, 1559, 979),
(161, 498, 'Tyler', '2023-02-15', 480, 566, 939),
(162, 283, 'Charles', '2023-02-01', 222, 1946, 340),
(163, 245, 'Edward', '2023-01-24', 394, 338, 543),
(164, 247, 'Adalyn', '2023-02-05', 285, 1147, 49),
(165, 978, 'Keith', '2023-01-18', 273, 2155, 822),
(166, 111, 'Oscar', '2023-02-03', 201, 895, 65),
(167, 884, 'Alexandra', '2023-01-18', 39, 273, 303),
(168, 314, 'Isabella', '2023-02-16', 47, 847, 190),
(169, 455, 'Paige', '2023-02-15', 253, 986, 950),
(170, 153, 'Samuel', '2023-02-13', 206, 2262, 878),
(171, 519, 'Christopher', '2023-02-08', 93, 2132, 419),
(172, 690, 'Nicholas', '2023-01-09', 77, 1628, 879),
(173, 885, 'Philip', '2023-01-28', 474, 1465, 787),
(174, 511, 'Albert', '2023-01-24', 4, 2934, 946),
(175, 500, 'George', '2023-01-23', 236, 2589, 132),
(176, 462, 'Francis', '2023-02-01', 142, 1293, 505),
(177, 678, 'Kayla', '2023-01-21', 450, 985, 107),
(178, 435, 'Maya', '2023-01-31', 26, 1349, 64),
(179, 392, 'Kaitlyn', '2023-01-15', 473, 622, 896),
(180, 34, 'Lawrence', '2023-01-10', 163, 1471, 236),
(181, 525, 'Thomas', '2023-01-13', 202, 2564, 666),
(182, 631, 'Gregory', '2023-01-02', 176, 1969, 125),
(183, 293, 'Anna', '2023-01-30', 212, 738, 147),
(184, 756, 'Dennis', '2023-01-14', 305, 2984, 110),
(185, 57, 'Roy', '2023-01-05', 91, 1374, 155),
(186, 777, 'Alyssa', '2023-01-02', 24, 1036, 89),
(187, 96, 'Brandon', '2023-01-18', 365, 735, 766),
(188, 387, 'Megan', '2023-02-04', 212, 2164, 579),
(189, 96, 'Layla', '2023-01-25', 312, 1400, 443),
(190, 789, 'Gianna', '2023-02-03', 368, 2797, 472),
(191, 165, 'Cameron', '2023-01-12', 343, 2570, 735),
(192, 748, 'Max', '2023-01-15', 118, 2944, 771),
(193, 860, 'Gregory', '2023-01-23', 212, 743, 104),
(194, 795, 'Scott', '2023-01-24', 483, 531, 304),
(195, 92, 'Angelina', '2023-01-03', 414, 2305, 786),
(196, 915, 'Gerald', '2023-01-27', 422, 344, 409),
(197, 32, 'Londyn', '2023-01-07', 39, 564, 80),
(198, 940, 'Alexandra', '2023-01-27', 377, 2236, 364),
(199, 47, 'Claire', '2023-02-01', 293, 624, 913),
(200, 750, 'Gregory', '2023-01-05', 485, 2232, 21),
(201, 418, 'Aaliyah', '2023-01-24', 276, 1653, 193),
(202, 395, 'Lauren', '2023-01-09', 442, 862, 280),
(203, 71, 'Ryan', '2023-01-02', 151, 1554, 522),
(204, 975, 'Layla', '2023-01-07', 93, 2536, 13),
(205, 65, 'John', '2023-02-03', 324, 2332, 704),
(206, 604, 'Sadie', '2023-01-24', 328, 1318, 475),
(207, 857, 'Jeffrey', '2023-01-07', 114, 2559, 671),
(208, 560, 'Kennedy', '2023-02-09', 175, 879, 43),
(209, 926, 'Walter', '2023-01-07', 413, 1406, 456),
(210, 598, 'Lawrence', '2023-01-20', 200, 773, 157),
(211, 418, 'Derek', '2023-02-06', 250, 2220, 925),
(212, 627, 'William', '2023-02-07', 417, 2251, 291),
(213, 8, 'Sara', '2023-02-03', 481, 1241, 465),
(214, 367, 'Julianna', '2023-01-29', 374, 1591, 896),
(215, 788, 'Alexandra', '2023-01-12', 471, 2895, 436),
(216, 872, 'Trevor', '2023-01-07', 386, 74, 989),
(217, 392, 'Avery', '2023-01-07', 108, 708, 751),
(218, 220, 'Harry', '2023-01-14', 49, 81, 607),
(219, 178, 'Donald', '2023-01-11', 457, 2505, 906),
(220, 396, 'Joshua', '2023-01-12', 157, 2309, 736),
(221, 632, 'Brandon', '2023-01-17', 120, 1199, 550),
(222, 650, 'Jessica', '2023-01-03', 55, 1624, 804),
(223, 895, 'Aubrey', '2023-01-06', 132, 2526, 944),
(224, 252, 'Landon', '2023-01-26', 207, 1110, 974),
(225, 401, 'Adam', '2023-01-01', 170, 2470, 950),
(226, 41, 'Danielle', '2023-01-12', 314, 1390, 237),
(227, 277, 'Jared', '2023-01-22', 485, 2145, 653),
(228, 103, 'Miles', '2023-01-22', 105, 1798, 438),
(229, 733, 'Londyn', '2023-02-09', 350, 697, 363),
(230, 99, 'Cameron', '2023-02-14', 115, 2611, 540),
(231, 776, 'Leonard', '2023-01-30', 111, 765, 282),
(232, 667, 'Leah', '2023-01-19', 393, 1103, 610),
(233, 10, 'Madison', '2023-01-26', 32, 1688, 18),
(234, 583, 'Faith', '2023-02-01', 366, 1646, 90),
(235, 360, 'Derek', '2023-01-31', 467, 481, 402),
(236, 578, 'Philip', '2023-01-10', 150, 197, 685),
(237, 819, 'Daniel', '2023-01-23', 481, 713, 870),
(238, 989, 'Sophie', '2023-01-19', 42, 1241, 53),
(239, 37, 'Evelyn', '2023-01-12', 76, 473, 23),
(240, 266, 'Andrew', '2023-02-01', 199, 1399, 901),
(241, 397, 'Patrick', '2023-01-26', 417, 2756, 691),
(242, 577, 'Skylar', '2023-02-08', 200, 2859, 806),
(243, 39, 'Makenna', '2023-01-10', 173, 2007, 623),
(244, 878, 'Lily', '2023-01-21', 19, 2491, 653),
(245, 241, 'Martin', '2023-01-04', 111, 1305, 443),
(246, 107, 'Frederick', '2023-02-13', 311, 1476, 950),
(247, 276, 'Adriana', '2023-01-11', 394, 1906, 85),
(248, 303, 'William', '2023-02-02', 205, 458, 804),
(249, 198, 'Brianna', '2023-01-20', 298, 2178, 448),
(250, 812, 'Matthew', '2023-02-16', 9, 2780, 643),
(251, 303, 'Eugene', '2023-01-27', 469, 1090, 691),
(252, 7, 'Aubrey', '2023-02-08', 308, 2361, 134),
(253, 797, 'Samantha', '2023-01-27', 148, 843, 612),
(254, 818, 'Brianna', '2023-02-11', 314, 726, 413),
(255, 281, 'Ashley', '2023-01-02', 88, 886, 195),
(256, 508, 'Alexandra', '2023-01-10', 424, 2226, 466),
(257, 554, 'Faith', '2023-02-07', 195, 1912, 235),
(258, 474, 'Skylar', '2023-01-21', 342, 2225, 455),
(259, 543, 'Michael', '2023-02-10', 367, 2206, 242),
(260, 944, 'Isabel', '2023-02-13', 335, 2512, 788),
(261, 146, 'Ashley', '2023-02-09', 325, 452, 932),
(262, 136, 'Lila', '2023-01-14', 275, 1947, 331),
(263, 798, 'Thomas', '2023-01-25', 251, 614, 259),
(264, 233, 'Bella', '2023-02-11', 352, 268, 989),
(265, 593, 'Sophie', '2023-01-11', 248, 794, 759),
(266, 754, 'Evelyn', '2023-02-05', 196, 746, 287),
(267, 437, 'Ryan', '2023-01-17', 152, 1221, 627),
(268, 821, 'Albert', '2023-01-29', 382, 2907, 367),
(269, 735, 'Ralph', '2023-02-10', 0, 2480, 538),
(270, 58, 'Emily', '2023-01-29', 199, 447, 3),
(271, 526, 'Eugene', '2023-01-23', 183, 2218, 80),
(272, 579, 'Lauren', '2023-02-15', 25, 2991, 925),
(273, 959, 'Michael', '2023-01-30', 140, 1280, 532),
(274, 644, 'Adam', '2023-01-02', 236, 1991, 980),
(275, 607, 'Lily', '2023-02-15', 29, 302, 38),
(276, 615, 'Layla', '2023-01-19', 424, 503, 114),
(277, 973, 'Oscar', '2023-02-05', 327, 96, 374),
(278, 65, 'Max', '2023-02-09', 9, 1212, 473),
(279, 643, 'Audrey', '2023-02-02', 179, 2836, 898),
(280, 922, 'Kaitlyn', '2023-02-12', 458, 237, 979),
(281, 10, 'Ariana', '2023-02-16', 221, 2948, 256),
(282, 350, 'Evelyn', '2023-02-13', 393, 2961, 226),
(283, 99, 'Clarence', '2023-01-22', 144, 1910, 907),
(284, 528, 'Emily', '2023-01-16', 263, 813, 288),
(285, 859, 'Hailey', '2023-01-22', 207, 2752, 376),
(286, 740, 'Calvin', '2023-01-21', 372, 1882, 482),
(287, 307, 'Makenna', '2023-01-22', 8, 2050, 69),
(288, 900, 'Adriana', '2023-01-07', 443, 782, 340),
(289, 261, 'Claire', '2023-01-20', 310, 1191, 18),
(290, 554, 'Faith', '2023-02-04', 355, 588, 116),
(291, 261, 'Emily', '2023-01-15', 302, 1328, 707),
(292, 9, 'Maya', '2023-01-21', 477, 457, 751),
(293, 90, 'Madison', '2023-01-21', 496, 1708, 759),
(294, 365, 'Terry', '2023-02-14', 432, 2232, 695),
(295, 468, 'Maya', '2023-01-04', 409, 2777, 419),
(296, 859, 'Leah', '2023-01-29', 109, 365, 480),
(297, 489, 'Benjamin', '2023-02-10', 253, 1226, 369),
(298, 419, 'Clarence', '2023-02-08', 295, 552, 150),
(299, 392, 'Jessica', '2023-01-20', 79, 712, 940),
(300, 545, 'Madison', '2023-02-05', 217, 1602, 486),
(301, 268, 'Landon', '2023-01-14', 463, 2070, 998),
(302, 386, 'Anna', '2023-02-08', 181, 2411, 737),
(303, 575, 'Levi', '2023-01-29', 106, 1794, 735),
(304, 230, 'Brian', '2023-01-30', 477, 1725, 59),
(305, 75, 'Taylor', '2023-01-12', 187, 1695, 282),
(306, 925, 'Keith', '2023-01-03', 347, 838, 457),
(307, 836, 'Adriana', '2023-01-21', 89, 2081, 923),
(308, 318, 'Audrey', '2023-01-31', 101, 2543, 288),
(309, 582, 'Mia', '2023-01-20', 383, 1132, 340),
(310, 304, 'Olivia', '2023-01-11', 71, 1763, 409),
(311, 279, 'Jerome', '2023-02-07', 273, 59, 515),
(312, 701, 'Madison', '2023-01-22', 475, 2167, 259),
(313, 110, 'Isaac', '2023-01-19', 287, 1298, 97),
(314, 567, 'Levi', '2023-01-30', 235, 275, 448),
(315, 616, 'Gerald', '2023-02-12', 436, 2309, 460),
(316, 599, 'Olivia', '2023-01-05', 286, 1600, 503),
(317, 228, 'Sarah', '2023-01-03', 441, 2856, 361),
(318, 134, 'Hailey', '2023-01-27', 59, 670, 675),
(319, 216, 'Kayla', '2023-02-03', 420, 2614, 54),
(320, 171, 'Layla', '2023-01-05', 390, 648, 523),
(321, 262, 'Peyton', '2023-01-24', 339, 1951, 93),
(322, 305, 'Maya', '2023-01-19', 404, 2578, 490),
(323, 259, 'Isabella', '2023-01-20', 262, 1939, 749),
(324, 520, 'Stephanie', '2023-01-19', 479, 1919, 218),
(325, 303, 'Joshua', '2023-02-11', 305, 1798, 425),
(326, 469, 'Nathan', '2023-01-26', 332, 2864, 979),
(327, 825, 'Tyler', '2023-02-14', 198, 879, 648),
(328, 91, 'Isaac', '2023-02-07', 100, 2531, 960),
(329, 335, 'Carl', '2023-02-07', 400, 2909, 492),
(330, 14, 'Joel', '2023-01-29', 359, 429, 591),
(331, 84, 'William', '2023-01-06', 18, 1627, 109),
(332, 49, 'Stephen', '2023-02-07', 164, 296, 736),
(333, 888, 'Gabriella', '2023-01-03', 341, 2714, 515),
(334, 128, 'Roger', '2023-01-09', 191, 959, 791),
(335, 614, 'Chloe', '2023-01-22', 14, 1860, 936),
(336, 436, 'Leonard', '2023-01-01', 102, 1575, 882),
(337, 137, 'Audrey', '2023-01-28', 372, 2835, 337),
(338, 196, 'Bella', '2023-02-02', 448, 1862, 171),
(339, 695, 'Jeffrey', '2023-02-08', 32, 2551, 70),
(340, 998, 'Ariana', '2023-02-13', 156, 425, 926),
(341, 793, 'Jacob', '2023-01-15', 438, 1070, 935),
(342, 392, 'Albert', '2023-02-02', 170, 1072, 301),
(343, 883, 'Victor', '2023-02-13', 468, 1266, 245),
(344, 980, 'Louis', '2023-01-06', 131, 1273, 135),
(345, 927, 'Gabriella', '2023-01-16', 184, 2738, 708),
(346, 101, 'Peyton', '2023-02-05', 375, 101, 239),
(347, 521, 'Martin', '2023-01-22', 301, 1459, 330),
(348, 330, 'Brianna', '2023-01-07', 115, 712, 417),
(349, 554, 'Adalyn', '2023-01-11', 1, 1072, 197),
(350, 725, 'Gordon', '2023-01-27', 413, 420, 687),
(351, 771, 'Kayla', '2023-01-27', 20, 1443, 639),
(352, 451, 'Eric', '2023-02-01', 390, 1284, 524),
(353, 934, 'Grace', '2023-02-02', 255, 2510, 266),
(354, 355, 'Charles', '2023-02-14', 428, 1657, 353),
(355, 779, 'Scott', '2023-01-08', 188, 1208, 583),
(356, 260, 'Ellie', '2023-01-26', 309, 1120, 58),
(357, 609, 'Ryan', '2023-02-14', 64, 894, 214),
(358, 315, 'Roy', '2023-02-11', 347, 604, 214),
(359, 686, 'Nicole', '2023-02-09', 441, 1802, 753),
(360, 583, 'Angelina', '2023-02-14', 41, 2510, 268),
(361, 855, 'Dennis', '2023-01-26', 81, 2750, 794),
(362, 962, 'Alexis', '2023-01-15', 77, 1247, 940),
(363, 778, 'Henry', '2023-01-19', 390, 352, 461),
(364, 878, 'Lauren', '2023-01-09', 321, 822, 976),
(365, 982, 'Anthony', '2023-01-19', 217, 1439, 593),
(366, 565, 'Peter', '2023-02-08', 217, 2793, 937),
(367, 582, 'Andrew', '2023-02-07', 73, 986, 760),
(368, 330, 'Alexis', '2023-01-30', 412, 1770, 426),
(369, 478, 'Stephanie', '2023-01-27', 112, 2584, 749),
(370, 601, 'Henry', '2023-02-15', 230, 2078, 824),
(371, 565, 'Delaney', '2023-01-15', 178, 1133, 299),
(372, 869, 'Dennis', '2023-01-26', 30, 796, 964),
(373, 923, 'Gordon', '2023-01-01', 1, 1362, 187),
(374, 212, 'Bradley', '2023-02-12', 118, 592, 378),
(375, 828, 'Mia', '2023-01-08', 23, 1704, 97),
(376, 661, 'Mark', '2023-01-17', 429, 1012, 337),
(377, 584, 'Brooke', '2023-02-01', 175, 2354, 226),
(378, 594, 'Madison', '2023-01-10', 17, 2960, 262),
(379, 31, 'Emma', '2023-01-04', 137, 1875, 400),
(380, 203, 'Amelia', '2023-01-03', 418, 1297, 93),
(381, 962, 'Charles', '2023-01-22', 385, 933, 694),
(382, 410, 'Wayne', '2023-02-06', 372, 697, 522),
(383, 163, 'Isabelle', '2023-01-09', 465, 2215, 252),
(384, 563, 'Stephen', '2023-01-03', 172, 1866, 335),
(385, 91, 'Peyton', '2023-01-26', 105, 2382, 225),
(386, 23, 'Daniel', '2023-02-07', 116, 692, 787),
(387, 830, 'Rylee', '2023-02-02', 255, 92, 180),
(388, 387, 'Grace', '2023-02-04', 37, 1618, 242),
(389, 955, 'William', '2023-01-12', 323, 1543, 833),
(390, 321, 'Stephen', '2023-01-02', 13, 1121, 798),
(391, 805, 'Christopher', '2023-01-05', 291, 2922, 807),
(392, 193, 'Patrick', '2023-02-13', 272, 904, 785),
(393, 604, 'Faith', '2023-02-01', 207, 2385, 734),
(394, 954, 'Grace', '2023-01-31', 319, 1632, 558),
(395, 20, 'Piper', '2023-01-23', 395, 460, 756),
(396, 985, 'Landon', '2023-01-24', 385, 2838, 245),
(397, 121, 'Jessica', '2023-02-12', 313, 700, 789),
(398, 397, 'Alexis', '2023-02-02', 3, 2646, 618),
(399, 920, 'Jennifer', '2023-01-07', 201, 2451, 123),
(400, 324, 'Hailey', '2023-02-15', 288, 1285, 752),
(401, 411, 'Samantha', '2023-02-14', 255, 2144, 596),
(402, 651, 'Jonathan', '2023-01-14', 206, 2956, 777),
(403, 438, 'Isaac', '2023-01-04', 62, 1848, 791),
(404, 683, 'Thomas', '2023-01-02', 344, 2323, 851),
(405, 949, 'Megan', '2023-02-06', 142, 372, 448),
(406, 220, 'Samuel', '2023-01-05', 440, 1016, 771),
(407, 196, 'Oscar', '2023-01-09', 208, 1803, 849),
(408, 229, 'Glenn', '2023-02-16', 211, 585, 609),
(409, 749, 'Francis', '2023-02-09', 259, 2233, 950),
(410, 558, 'Alexis', '2023-01-10', 468, 1956, 729),
(411, 92, 'Frank', '2023-01-27', 491, 580, 912),
(412, 125, 'George', '2023-01-07', 467, 2920, 252),
(413, 278, 'Gregory', '2023-02-05', 323, 2812, 392),
(414, 272, 'Wayne', '2023-01-04', 302, 2368, 200),
(415, 888, 'Carl', '2023-01-26', 32, 2316, 348),
(416, 332, 'Christopher', '2023-02-12', 198, 1284, 981),
(417, 139, 'Sarah', '2023-01-05', 413, 317, 12),
(418, 698, 'Emily', '2023-02-12', 40, 501, 317),
(419, 840, 'Carl', '2023-02-07', 14, 668, 929),
(420, 691, 'Lester', '2023-02-05', 227, 563, 469),
(421, 71, 'Olivia', '2023-01-11', 158, 939, 118),
(422, 77, 'Christopher', '2023-02-06', 122, 1046, 60),
(423, 96, 'Hailey', '2023-02-07', 315, 284, 417),
(424, 621, 'Glenn', '2023-01-26', 273, 1335, 647),
(425, 956, 'Jeffrey', '2023-01-30', 160, 2355, 973),
(426, 742, 'Aubrey', '2023-01-20', 187, 2667, 121),
(427, 753, 'Grace', '2023-01-27', 118, 2431, 357),
(428, 370, 'Claire', '2023-02-16', 499, 2431, 27),
(429, 926, 'Lila', '2023-01-05', 304, 1262, 903),
(430, 119, 'Albert', '2023-01-11', 480, 2273, 247),
(431, 810, 'Ariana', '2023-02-15', 467, 2496, 550),
(432, 848, 'Ariana', '2023-01-24', 295, 2351, 603),
(433, 989, 'Julia', '2023-01-14', 45, 845, 604),
(434, 537, 'Raymond', '2023-01-28', 9, 2783, 19),
(435, 851, 'Jordyn', '2023-01-02', 213, 2284, 260),
(436, 282, 'Roland', '2023-01-20', 35, 1964, 997),
(437, 578, 'Olivia', '2023-02-08', 104, 1248, 543),
(438, 540, 'Nicole', '2023-02-16', 190, 2166, 281),
(439, 851, 'Lawrence', '2023-02-05', 60, 2517, 909),
(440, 360, 'Calvin', '2023-02-11', 158, 1606, 541),
(441, 513, 'Norman', '2023-01-02', 64, 2894, 136),
(442, 75, 'Jocelyn', '2023-02-16', 462, 871, 492),
(443, 503, 'Jennifer', '2023-01-28', 355, 869, 411),
(444, 942, 'Gregory', '2023-02-13', 256, 2438, 901),
(445, 473, 'Amelia', '2023-02-02', 26, 725, 936),
(446, 221, 'Audrey', '2023-01-18', 341, 1247, 111),
(447, 422, 'Lawrence', '2023-02-11', 55, 2909, 404),
(448, 849, 'Frank', '2023-01-07', 339, 1197, 845),
(449, 349, 'Chloe', '2023-02-16', 88, 1598, 733),
(450, 762, 'Adalyn', '2023-01-23', 152, 1413, 80),
(451, 625, 'Megan', '2023-01-06', 452, 554, 273),
(452, 525, 'Eric', '2023-01-30', 304, 232, 62),
(453, 517, 'Francis', '2023-02-12', 131, 709, 216),
(454, 293, 'Ronald', '2023-01-13', 254, 2372, 904),
(455, 15, 'Rachel', '2023-01-26', 224, 1897, 746),
(456, 468, 'Gabriella', '2023-02-12', 311, 572, 164),
(457, 777, 'Amelia', '2023-02-04', 490, 327, 702),
(458, 537, 'Amanda', '2023-01-20', 6, 2405, 320),
(459, 863, 'Keith', '2023-01-25', 317, 463, 583),
(460, 768, 'Alyssa', '2023-01-27', 238, 2367, 789),
(461, 574, 'Ariana', '2023-02-15', 380, 1067, 573),
(462, 370, 'Walter', '2023-02-07', 244, 1202, 951),
(463, 514, 'Tyler', '2023-01-30', 409, 375, 944),
(464, 540, 'Scott', '2023-01-19', 17, 2066, 556),
(465, 574, 'Sarah', '2023-01-04', 83, 89, 850),
(466, 598, 'Christopher', '2023-02-05', 321, 1583, 323),
(467, 229, 'Lauren', '2023-01-17', 247, 2844, 294),
(468, 769, 'Kayla', '2023-02-08', 11, 1965, 870),
(469, 636, 'Ellie', '2023-01-19', 195, 1132, 704),
(470, 567, 'Grace', '2023-01-08', 10, 2549, 392),
(471, 161, 'Andrew', '2023-01-25', 139, 1858, 144),
(472, 657, 'Kayla', '2023-01-19', 344, 1315, 822),
(473, 162, 'Kayla', '2023-02-12', 9, 1834, 658),
(474, 24, 'Sadie', '2023-02-10', 419, 2654, 412),
(475, 638, 'Albert', '2023-02-07', 308, 2104, 138),
(476, 29, 'Stephanie', '2023-01-10', 340, 998, 495),
(477, 412, 'Gabrielle', '2023-01-25', 43, 643, 972),
(478, 250, 'Max', '2023-02-14', 258, 149, 580),
(479, 695, 'Ralph', '2023-01-30', 46, 239, 8),
(480, 284, 'Kaitlyn', '2023-01-09', 374, 2324, 385),
(481, 251, 'Grace', '2023-01-14', 27, 2390, 866),
(482, 643, 'Leonard', '2023-01-18', 266, 2578, 224),
(483, 611, 'Mark', '2023-01-31', 94, 1699, 362),
(484, 390, 'Richard', '2023-02-15', 242, 1021, 946),
(485, 127, 'Bradley', '2023-01-24', 434, 311, 953),
(486, 866, 'Landon', '2023-01-06', 207, 2063, 110),
(487, 778, 'Keith', '2023-02-13', 245, 1757, 941),
(488, 597, 'Morgan', '2023-02-13', 29, 2505, 983),
(489, 764, 'Leonard', '2023-01-20', 254, 2491, 688),
(490, 633, 'Natalie', '2023-02-07', 68, 1257, 359),
(491, 649, 'Lily', '2023-01-29', 306, 882, 455),
(492, 826, 'Bella', '2023-01-02', 395, 2009, 906),
(493, 327, 'Haley', '2023-01-22', 348, 2502, 60),
(494, 418, 'Amanda', '2023-02-14', 409, 605, 547),
(495, 716, 'Lily', '2023-02-08', 175, 2036, 518),
(496, 732, 'Norman', '2023-01-07', 296, 1940, 9),
(497, 557, 'Lila', '2023-02-01', 400, 313, 673),
(498, 984, 'Amelia', '2023-02-03', 137, 2442, 105),
(499, 253, 'Lawrence', '2023-01-15', 93, 1766, 479),
(500, 430, 'Isabel', '2023-01-11', 187, 1688, 313),
(501, 692, 'Stephanie', '2023-02-01', 16, 2471, 434),
(502, 324, 'Michael', '2023-02-05', 158, 1713, 23),
(503, 264, 'Delaney', '2023-02-16', 78, 1913, 720),
(504, 479, 'Ralph', '2023-02-13', 179, 1945, 778),
(505, 331, 'Amelia', '2023-01-23', 385, 2497, 589),
(506, 129, 'Isabella', '2023-01-18', 272, 2467, 693),
(507, 50, 'Kevin', '2023-01-03', 150, 161, 234),
(508, 424, 'Isaiah', '2023-02-04', 402, 1861, 924),
(509, 927, 'Mariah', '2023-01-31', 466, 800, 958),
(510, 309, 'Makayla', '2023-01-20', 11, 2699, 571),
(511, 920, 'Edward', '2023-02-03', 358, 328, 763),
(512, 487, 'Philip', '2023-01-14', 474, 1331, 254),
(513, 323, 'Gerald', '2023-01-21', 113, 341, 66),
(514, 158, 'Mckenzie', '2023-01-21', 49, 1304, 972),
(515, 106, 'Edward', '2023-01-23', 411, 1894, 871),
(516, 914, 'Albert', '2023-02-16', 227, 697, 981),
(517, 534, 'Charles', '2023-02-02', 93, 2534, 4),
(518, 747, 'Trevor', '2023-02-13', 215, 2712, 438),
(519, 582, 'Taylor', '2023-01-02', 327, 1320, 491),
(520, 669, 'Daniel', '2023-02-10', 283, 2381, 336),
(521, 456, 'John', '2023-01-01', 366, 2280, 687),
(522, 671, 'Jerome', '2023-02-16', 51, 2454, 552),
(523, 466, 'Roger', '2023-01-10', 95, 2850, 647),
(524, 475, 'Landon', '2023-02-09', 5, 959, 882),
(525, 130, 'Audrey', '2023-01-14', 478, 2356, 614),
(526, 153, 'Alexis', '2023-01-22', 110, 113, 148),
(527, 704, 'Anthony', '2023-01-20', 483, 1750, 364),
(528, 691, 'Mariah', '2023-02-06', 412, 897, 250),
(529, 789, 'Francis', '2023-02-13', 115, 1911, 476),
(530, 539, 'Julia', '2023-01-08', 239, 1243, 836),
(531, 36, 'Anthony', '2023-01-10', 126, 2774, 206),
(532, 362, 'Kenneth', '2023-01-28', 317, 2973, 650),
(533, 164, 'Makayla', '2023-02-13', 234, 862, 100),
(534, 402, 'Piper', '2023-01-02', 112, 1414, 982),
(535, 506, 'Elise', '2023-01-22', 133, 2161, 171),
(536, 905, 'Joseph', '2023-01-08', 217, 66, 503),
(537, 53, 'Makayla', '2023-01-14', 418, 922, 376),
(538, 416, 'Audrey', '2023-02-06', 171, 214, 513),
(539, 443, 'Gabrielle', '2023-01-17', 148, 2837, 487),
(540, 532, 'Lily', '2023-01-30', 139, 1450, 181),
(541, 933, 'Stephen', '2023-01-03', 256, 1414, 466),
(542, 776, 'Kylie', '2023-01-12', 111, 1509, 363),
(543, 38, 'Gregory', '2023-02-12', 219, 691, 995),
(544, 422, 'Isabelle', '2023-01-05', 313, 2430, 754),
(545, 739, 'Leonard', '2023-01-01', 269, 2381, 352),
(546, 641, 'Ashley', '2023-01-24', 1, 1253, 822),
(547, 846, 'Rachel', '2023-02-16', 383, 1953, 83),
(548, 107, 'Roger', '2023-01-27', 96, 217, 547),
(549, 164, 'Olivia', '2023-01-02', 366, 1154, 845),
(550, 3, 'Elise', '2023-02-07', 428, 2452, 990),
(551, 771, 'Adam', '2023-02-07', 109, 182, 494),
(552, 390, 'Claire', '2023-02-02', 19, 2904, 119),
(553, 607, 'David', '2023-01-14', 99, 1370, 405),
(554, 847, 'Elizabeth', '2023-01-14', 179, 2288, 409),
(555, 246, 'Patrick', '2023-01-03', 414, 2056, 21),
(556, 896, 'Patrick', '2023-01-30', 248, 1693, 427),
(557, 573, 'Lawrence', '2023-01-15', 37, 2780, 312),
(558, 975, 'Chloe', '2023-01-31', 286, 1300, 493),
(559, 952, 'Ariana', '2023-01-20', 206, 225, 258),
(560, 550, 'Peter', '2023-01-16', 393, 2585, 394),
(561, 527, 'Clarence', '2023-01-06', 267, 1751, 517),
(562, 821, 'Nicole', '2023-02-02', 389, 2773, 921),
(563, 25, 'Aaliyah', '2023-01-30', 404, 1983, 646),
(564, 286, 'Danielle', '2023-02-13', 494, 1069, 368),
(565, 539, 'Benjamin', '2023-02-10', 195, 1209, 618),
(566, 70, 'Jocelyn', '2023-01-26', 492, 798, 607),
(567, 744, 'Oscar', '2023-02-06', 460, 1213, 341),
(568, 746, 'Sarah', '2023-02-13', 330, 1563, 725),
(569, 596, 'Keith', '2023-02-08', 249, 1936, 884),
(570, 563, 'Adriana', '2023-02-07', 120, 1854, 269),
(571, 168, 'Brandon', '2023-01-18', 158, 703, 291),
(572, 81, 'Norman', '2023-02-10', 83, 950, 880),
(573, 661, 'Wayne', '2023-02-05', 393, 2080, 573),
(574, 602, 'William', '2023-02-08', 147, 1203, 693),
(575, 564, 'Charles', '2023-01-13', 204, 143, 521),
(576, 687, 'Donald', '2023-01-15', 472, 2577, 410),
(577, 311, 'Bella', '2023-01-03', 144, 2005, 884),
(578, 64, 'Taylor', '2023-01-10', 52, 2579, 731),
(579, 569, 'Grace', '2023-01-31', 453, 2517, 571),
(580, 447, 'Frank', '2023-01-17', 203, 305, 805),
(581, 312, 'Brandon', '2023-01-26', 327, 417, 325),
(582, 424, 'Aaliyah', '2023-01-14', 355, 968, 431),
(583, 949, 'Alexandra', '2023-01-25', 54, 684, 849),
(584, 803, 'Edward', '2023-02-08', 222, 2785, 539),
(585, 77, 'Sarah', '2023-01-06', 284, 1438, 101),
(586, 349, 'Gianna', '2023-01-10', 398, 2262, 854),
(587, 347, 'Glenn', '2023-01-19', 35, 706, 574),
(588, 768, 'Nicole', '2023-01-21', 463, 1249, 123),
(589, 506, 'Victor', '2023-02-04', 475, 1451, 184),
(590, 438, 'Rylee', '2023-02-09', 115, 1593, 376),
(591, 235, 'Lauren', '2023-02-08', 102, 820, 833),
(592, 550, 'Gianna', '2023-02-08', 258, 914, 413),
(593, 54, 'Katherine', '2023-01-09', 494, 2767, 326),
(594, 350, 'Aubrey', '2023-01-08', 190, 218, 26),
(595, 236, 'Derek', '2023-02-07', 226, 1416, 0),
(596, 49, 'Gregory', '2023-01-15', 66, 2081, 357),
(597, 941, 'Dennis', '2023-01-07', 265, 1046, 476),
(598, 275, 'Taylor', '2023-01-17', 261, 353, 554),
(599, 18, 'Skylar', '2023-02-12', 188, 1485, 559),
(600, 790, 'Harold', '2023-01-04', 271, 1033, 741),
(601, 68, 'Ralph', '2023-01-18', 257, 1474, 588),
(602, 163, 'Makenna', '2023-01-12', 209, 2728, 796),
(603, 498, 'Michael', '2023-01-06', 142, 2060, 122),
(604, 925, 'Alyssa', '2023-01-13', 386, 1946, 459),
(605, 258, 'Londyn', '2023-01-04', 148, 794, 386),
(606, 706, 'Londyn', '2023-01-29', 373, 466, 848),
(607, 210, 'Julia', '2023-01-10', 367, 997, 314),
(608, 430, 'Stephanie', '2023-01-18', 30, 1606, 523),
(609, 657, 'Ralph', '2023-02-14', 447, 55, 795),
(610, 696, 'Grace', '2023-01-06', 286, 1553, 737),
(611, 819, 'Roy', '2023-02-11', 45, 1628, 251),
(612, 867, 'Kylie', '2023-01-21', 207, 138, 295),
(613, 954, 'Nicholas', '2023-01-21', 161, 1712, 973),
(614, 851, 'Gianna', '2023-01-02', 137, 469, 633),
(615, 486, 'Norman', '2023-01-06', 313, 2583, 701),
(616, 369, 'Landon', '2023-01-14', 214, 793, 862),
(617, 49, 'Terry', '2023-01-28', 259, 1176, 442),
(618, 614, 'Rylee', '2023-01-26', 405, 2303, 11),
(619, 121, 'Sarah', '2023-01-26', 338, 1044, 543),
(620, 876, 'Ashley', '2023-02-06', 286, 1187, 315),
(621, 115, 'Amanda', '2023-02-07', 296, 2778, 712),
(622, 413, 'Isabella', '2023-02-04', 142, 504, 811),
(623, 470, 'Ashley', '2023-01-08', 436, 1136, 204),
(624, 482, 'Cameron', '2023-01-27', 352, 1297, 172),
(625, 263, 'Chloe', '2023-01-15', 0, 2514, 170),
(626, 218, 'Elizabeth', '2023-01-29', 82, 2833, 53),
(627, 280, 'Eugene', '2023-01-09', 115, 2981, 162),
(628, 86, 'Ariana', '2023-01-19', 457, 1411, 426),
(629, 918, 'Ryan', '2023-02-10', 303, 1610, 116),
(630, 780, 'Brandon', '2023-01-27', 215, 2782, 330),
(631, 59, 'Henry', '2023-01-19', 389, 617, 256),
(632, 855, 'Wayne', '2023-01-01', 439, 2927, 200),
(633, 397, 'Julia', '2023-01-20', 171, 1080, 414),
(634, 284, 'Derek', '2023-01-25', 226, 2025, 159),
(635, 486, 'Alex', '2023-02-16', 466, 1253, 17),
(636, 376, 'Derek', '2023-01-04', 466, 796, 749),
(637, 402, 'Avery', '2023-01-02', 52, 439, 111),
(638, 194, 'Ryan', '2023-01-01', 190, 1463, 924),
(639, 472, 'Violet', '2023-01-25', 299, 656, 126),
(640, 863, 'Gregory', '2023-02-12', 302, 2071, 331),
(641, 826, 'Christopher', '2023-02-07', 274, 556, 167),
(642, 923, 'Audrey', '2023-01-14', 279, 2556, 307),
(643, 794, 'Rachel', '2023-01-09', 276, 2003, 578),
(644, 889, 'Sara', '2023-01-21', 190, 2258, 769),
(645, 454, 'Dennis', '2023-01-15', 132, 2848, 530),
(646, 688, 'Derek', '2023-01-03', 361, 2202, 588),
(647, 339, 'Ellie', '2023-01-09', 386, 2465, 893),
(648, 706, 'Nicholas', '2023-01-18', 202, 1080, 565),
(649, 673, 'Martin', '2023-02-14', 13, 1152, 984),
(650, 324, 'Arthur', '2023-02-01', 415, 909, 225),
(651, 895, 'Sara', '2023-02-15', 422, 2010, 448),
(652, 508, 'Norman', '2023-01-22', 73, 1968, 722),
(653, 607, 'Tyler', '2023-01-20', 493, 616, 520),
(654, 270, 'Robert', '2023-01-03', 30, 1152, 730),
(655, 117, 'Francis', '2023-01-16', 399, 2360, 235),
(656, 525, 'Delaney', '2023-01-17', 227, 1199, 725),
(657, 384, 'Anthony', '2023-01-23', 235, 1200, 785),
(658, 499, 'Nicholas', '2023-01-16', 495, 179, 973),
(659, 378, 'Allison', '2023-02-16', 448, 1786, 221),
(660, 159, 'Paige', '2023-01-01', 23, 162, 544),
(661, 132, 'Bradley', '2023-01-17', 186, 874, 584),
(662, 640, 'Frederick', '2023-01-19', 261, 2767, 333),
(663, 931, 'Aaliyah', '2023-01-03', 114, 96, 716),
(664, 68, 'Audrey', '2023-01-28', 82, 836, 448),
(665, 724, 'Jared', '2023-01-30', 178, 2045, 891),
(666, 337, 'Jacob', '2023-02-14', 291, 2653, 818),
(667, 844, 'Lauren', '2023-01-10', 447, 167, 131),
(668, 124, 'Olivia', '2023-02-08', 349, 1727, 515),
(669, 262, 'Louis', '2023-01-03', 246, 2899, 866),
(670, 544, 'Hailey', '2023-02-03', 319, 402, 872),
(671, 436, 'Ronald', '2023-01-28', 139, 586, 915),
(672, 153, 'Adam', '2023-01-30', 386, 2341, 933),
(673, 873, 'Allison', '2023-01-05', 432, 1833, 877),
(674, 988, 'Nicole', '2023-01-03', 107, 2615, 903),
(675, 647, 'Jonathan', '2023-02-09', 302, 265, 740),
(676, 669, 'Jeffrey', '2023-02-13', 223, 2976, 631),
(677, 892, 'Frederick', '2023-01-12', 21, 715, 801),
(678, 361, 'Grace', '2023-01-30', 191, 660, 370),
(679, 807, 'Victoria', '2023-01-20', 198, 923, 176),
(680, 590, 'Stephen', '2023-01-10', 214, 2629, 336),
(681, 699, 'Emma', '2023-02-08', 6, 2792, 54),
(682, 0, 'Tyler', '2023-01-16', 479, 1910, 198),
(683, 349, 'Aaron', '2023-01-30', 160, 477, 366),
(684, 642, 'Melissa', '2023-02-05', 339, 2147, 412),
(685, 368, 'Delaney', '2023-01-27', 443, 2521, 652),
(686, 591, 'Jacob', '2023-01-08', 35, 1247, 409),
(687, 926, 'Jacob', '2023-01-11', 141, 772, 333),
(688, 264, 'Isabelle', '2023-02-08', 4, 2587, 400),
(689, 876, 'Jessica', '2023-01-21', 399, 990, 22),
(690, 380, 'Victoria', '2023-01-24', 282, 622, 819),
(691, 633, 'Danielle', '2023-01-08', 424, 1892, 69),
(692, 515, 'Frank', '2023-02-14', 174, 1716, 996),
(693, 483, 'Jordyn', '2023-01-05', 272, 1601, 479),
(694, 176, 'Hannah', '2023-01-04', 460, 1957, 609),
(695, 656, 'George', '2023-01-12', 290, 2756, 326),
(696, 58, 'Makayla', '2023-02-07', 425, 2338, 886),
(697, 703, 'Violet', '2023-02-09', 153, 797, 507),
(698, 23, 'Brandon', '2023-02-11', 199, 1184, 521),
(699, 539, 'Haley', '2023-02-08', 329, 1749, 994),
(700, 85, 'Francis', '2023-01-17', 272, 429, 546),
(701, 681, 'Thomas', '2023-01-17', 177, 1489, 767),
(702, 971, 'Mia', '2023-02-10', 86, 407, 213),
(703, 758, 'Londyn', '2023-01-13', 152, 2852, 256),
(704, 794, 'Victoria', '2023-01-07', 28, 2925, 14),
(705, 420, 'Victor', '2023-01-28', 380, 1861, 0),
(706, 669, 'Natalie', '2023-02-16', 450, 1465, 346),
(707, 125, 'Donald', '2023-01-03', 173, 1964, 130),
(708, 207, 'Skylar', '2023-02-08', 368, 2570, 625),
(709, 894, 'Kevin', '2023-01-23', 401, 1173, 905),
(710, 631, 'Daniel', '2023-01-04', 107, 86, 922),
(711, 797, 'Jasmine', '2023-02-02', 160, 1831, 515),
(712, 830, 'Steven', '2023-02-11', 484, 1449, 328),
(713, 959, 'Angelina', '2023-01-20', 474, 1023, 725),
(714, 717, 'Stephanie', '2023-02-05', 304, 2891, 470),
(715, 557, 'Taylor', '2023-01-16', 211, 253, 496),
(716, 977, 'Christopher', '2023-02-04', 461, 1090, 188),
(717, 856, 'Walter', '2023-02-03', 216, 1948, 318),
(718, 839, 'Elise', '2023-01-04', 211, 2099, 809),
(719, 590, 'Delaney', '2023-01-25', 387, 3000, 107),
(720, 796, 'Joshua', '2023-01-31', 297, 184, 829),
(721, 138, 'Roy', '2023-01-20', 199, 2093, 425),
(722, 202, 'Kayla', '2023-02-12', 194, 1778, 457),
(723, 435, 'Cameron', '2023-02-16', 191, 883, 667),
(724, 135, 'Jacob', '2023-02-02', 336, 2173, 778),
(725, 47, 'Adam', '2023-01-17', 302, 1710, 66),
(726, 220, 'Adam', '2023-01-29', 467, 339, 800),
(727, 328, 'Jared', '2023-01-08', 367, 2165, 520),
(728, 839, 'Eugene', '2023-01-26', 243, 1721, 732),
(729, 996, 'Emma', '2023-01-11', 288, 2833, 624),
(730, 348, 'Caroline', '2023-02-09', 85, 2327, 76),
(731, 617, 'Kevin', '2023-01-27', 71, 2487, 360),
(732, 658, 'Kenneth', '2023-01-25', 42, 670, 968),
(733, 455, 'Francis', '2023-01-15', 333, 2262, 582),
(734, 691, 'Jordyn', '2023-01-23', 130, 1611, 285),
(735, 483, 'Arthur', '2023-02-10', 280, 2864, 183),
(736, 951, 'Stephen', '2023-01-27', 30, 929, 744),
(737, 412, 'Harry', '2023-01-13', 212, 1656, 648),
(738, 197, 'Arthur', '2023-02-03', 303, 612, 953),
(739, 207, 'Ralph', '2023-01-29', 274, 1198, 983),
(740, 987, 'Olivia', '2023-02-08', 3, 2839, 771),
(741, 727, 'Ralph', '2023-01-09', 37, 2077, 642),
(742, 356, 'Martin', '2023-02-16', 348, 2615, 835),
(743, 196, 'Emma', '2023-01-19', 242, 1710, 531),
(744, 216, 'Ralph', '2023-01-12', 95, 253, 923),
(745, 749, 'Aubrey', '2023-01-06', 350, 2227, 613),
(746, 96, 'Aubrey', '2023-02-14', 206, 2126, 457),
(747, 863, 'Aaliyah', '2023-01-07', 13, 177, 552),
(748, 744, 'Stephanie', '2023-01-26', 428, 952, 37),
(749, 713, 'Andrew', '2023-01-04', 80, 1218, 201),
(750, 915, 'Jonathan', '2023-01-18', 235, 2020, 725),
(751, 233, 'Claire', '2023-01-09', 348, 1198, 47),
(752, 211, 'Frank', '2023-01-02', 102, 1663, 883),
(753, 115, 'Derek', '2023-02-11', 259, 2800, 731),
(754, 486, 'Andrew', '2023-01-01', 108, 1895, 401),
(755, 934, 'Kayla', '2023-02-12', 123, 2033, 901),
(756, 147, 'Mackenzie', '2023-01-24', 496, 993, 99),
(757, 960, 'Isabelle', '2023-01-04', 266, 2537, 139),
(758, 418, 'Dennis', '2023-02-11', 234, 602, 79),
(759, 60, 'Albert', '2023-01-18', 42, 134, 583),
(760, 321, 'William', '2023-01-07', 115, 901, 126),
(761, 143, 'Claire', '2023-02-11', 483, 1180, 720),
(762, 253, 'Francis', '2023-02-08', 315, 2074, 831),
(763, 254, 'Dennis', '2023-02-03', 305, 1213, 250),
(764, 933, 'Derek', '2023-01-14', 330, 2909, 184),
(765, 30, 'Raymond', '2023-02-05', 258, 411, 63),
(766, 555, 'Roger', '2023-01-19', 449, 555, 438),
(767, 318, 'John', '2023-01-15', 492, 52, 233),
(768, 600, 'Sydney', '2023-02-11', 194, 164, 775),
(769, 486, 'Taylor', '2023-01-29', 345, 1909, 551),
(770, 699, 'Aaron', '2023-01-21', 382, 268, 690),
(771, 305, 'Sophie', '2023-01-15', 264, 1111, 252),
(772, 148, 'Ashley', '2023-01-07', 247, 259, 866),
(773, 863, 'Joel', '2023-01-18', 212, 692, 181),
(774, 230, 'Ralph', '2023-02-08', 203, 973, 187),
(775, 376, 'Steven', '2023-01-17', 424, 784, 830),
(776, 669, 'Caroline', '2023-01-30', 240, 2786, 326),
(777, 286, 'Clarence', '2023-01-05', 377, 1090, 274),
(778, 200, 'Peter', '2023-01-08', 340, 566, 45),
(779, 42, 'Cameron', '2023-01-22', 375, 1993, 756),
(780, 725, 'Alyssa', '2023-02-07', 416, 2687, 699),
(781, 203, 'Martin', '2023-02-03', 299, 2741, 655),
(782, 212, 'John', '2023-01-08', 32, 650, 713),
(783, 344, 'Frederick', '2023-01-29', 351, 2198, 818),
(784, 433, 'Avery', '2023-01-11', 183, 1555, 519),
(785, 41, 'Sara', '2023-01-25', 140, 982, 841),
(786, 861, 'Nathan', '2023-01-31', 48, 2873, 263),
(787, 295, 'Howard', '2023-02-12', 363, 1821, 164),
(788, 460, 'Isaac', '2023-02-02', 166, 468, 582),
(789, 462, 'Gabrielle', '2023-02-10', 48, 1583, 132),
(790, 415, 'Makayla', '2023-01-20', 335, 63, 424),
(791, 317, 'Christopher', '2023-01-21', 235, 2247, 576),
(792, 666, 'Rylee', '2023-01-05', 57, 1390, 772),
(793, 996, 'Allison', '2023-02-06', 396, 2076, 595),
(794, 146, 'Nicholas', '2023-01-10', 25, 2784, 391),
(795, 462, 'Harry', '2023-01-08', 284, 1101, 804),
(796, 624, 'Roger', '2023-01-31', 337, 2446, 825),
(797, 315, 'Alexandra', '2023-01-06', 207, 1381, 386),
(798, 302, 'Haley', '2023-01-25', 188, 902, 92),
(799, 959, 'Chloe', '2023-02-11', 47, 1491, 417),
(800, 808, 'Avery', '2023-01-26', 378, 2258, 976),
(801, 384, 'Trevor', '2023-01-17', 351, 1527, 244),
(802, 527, 'Daniel', '2023-01-10', 481, 1886, 677),
(803, 735, 'Richard', '2023-01-08', 185, 503, 452),
(804, 426, 'Mark', '2023-01-29', 494, 123, 874),
(805, 942, 'Mckenzie', '2023-01-15', 339, 1758, 974),
(806, 43, 'Adam', '2023-01-17', 273, 1840, 35),
(807, 388, 'Adam', '2023-02-06', 468, 2764, 89),
(808, 259, 'Chloe', '2023-01-04', 244, 737, 846),
(809, 376, 'Derek', '2023-01-11', 397, 1589, 206),
(810, 516, 'Trevor', '2023-01-02', 359, 1007, 670),
(811, 170, 'Mckenzie', '2023-01-01', 135, 2740, 708),
(812, 309, 'Melissa', '2023-01-21', 207, 851, 692),
(813, 292, 'Terry', '2023-01-12', 494, 843, 468),
(814, 662, 'Mia', '2023-02-14', 52, 2843, 116),
(815, 439, 'Philip', '2023-01-18', 290, 662, 40),
(816, 696, 'Ellie', '2023-01-21', 237, 516, 922),
(817, 506, 'Aaliyah', '2023-01-02', 448, 222, 584),
(818, 715, 'Emma', '2023-01-31', 59, 2068, 283),
(819, 81, 'Samuel', '2023-01-13', 109, 905, 407),
(820, 946, 'Grace', '2023-01-08', 480, 1238, 54),
(821, 43, 'Chloe', '2023-01-01', 89, 1517, 73),
(822, 493, 'Megan', '2023-01-18', 177, 1960, 756),
(823, 270, 'Julia', '2023-01-24', 409, 2654, 907),
(824, 612, 'Mckenzie', '2023-02-11', 358, 1468, 592),
(825, 52, 'Emily', '2023-01-18', 237, 982, 465),
(826, 977, 'Victor', '2023-01-09', 358, 2724, 660),
(827, 933, 'Rachel', '2023-02-08', 262, 403, 107),
(828, 725, 'Evelyn', '2023-01-23', 432, 2356, 647),
(829, 441, 'Gianna', '2023-01-31', 102, 2608, 848),
(830, 954, 'Makenna', '2023-01-05', 278, 115, 19),
(831, 63, 'Makenna', '2023-01-12', 18, 1862, 651),
(832, 288, 'Jerome', '2023-02-16', 238, 2730, 758),
(833, 778, 'Samuel', '2023-02-03', 291, 101, 976),
(834, 32, 'Piper', '2023-02-04', 391, 1246, 968),
(835, 782, 'Piper', '2023-02-12', 450, 2749, 778),
(836, 359, 'Morgan', '2023-02-12', 486, 140, 558),
(837, 572, 'Jeffrey', '2023-01-31', 116, 2469, 759),
(838, 603, 'Aaron', '2023-01-10', 237, 2179, 387),
(839, 648, 'Danielle', '2023-01-03', 434, 886, 235),
(840, 571, 'Jerome', '2023-01-11', 408, 1610, 433),
(841, 800, 'Matthew', '2023-01-19', 259, 176, 92),
(842, 781, 'Aaliyah', '2023-01-15', 178, 1863, 680),
(843, 615, 'Alex', '2023-01-24', 33, 1695, 984),
(844, 283, 'Adriana', '2023-02-01', 460, 1753, 403),
(845, 990, 'Katherine', '2023-01-01', 104, 2874, 551),
(846, 519, 'Aria', '2023-01-08', 44, 830, 338),
(847, 273, 'Eddie', '2023-02-13', 227, 508, 483),
(848, 321, 'Carl', '2023-02-07', 176, 103, 645),
(849, 713, 'Jennifer', '2023-01-09', 296, 638, 274),
(850, 173, 'Clarence', '2023-02-07', 224, 698, 722),
(851, 950, 'Joel', '2023-02-15', 47, 1922, 72),
(852, 8, 'Joel', '2023-01-17', 352, 200, 68),
(853, 783, 'Oscar', '2023-02-07', 441, 1228, 577),
(854, 41, 'Charles', '2023-01-23', 364, 2028, 330),
(855, 104, 'Alexandra', '2023-01-29', 78, 2057, 653),
(856, 761, 'Sara', '2023-02-14', 159, 527, 957),
(857, 732, 'Jerome', '2023-01-09', 466, 2716, 103),
(858, 591, 'Olivia', '2023-01-06', 134, 1480, 637),
(859, 981, 'Patrick', '2023-01-21', 342, 1594, 957),
(860, 883, 'Carl', '2023-02-06', 457, 1794, 446),
(861, 857, 'Nora', '2023-02-05', 210, 1597, 345),
(862, 263, 'Joseph', '2023-02-16', 29, 1519, 889),
(863, 946, 'Allison', '2023-01-29', 288, 1339, 896),
(864, 765, 'Madeline', '2023-01-01', 337, 595, 888),
(865, 96, 'Samantha', '2023-01-18', 66, 2327, 480),
(866, 789, 'David', '2023-01-22', 362, 250, 99),
(867, 614, 'Piper', '2023-01-05', 163, 1729, 831),
(868, 442, 'Alexis', '2023-02-07', 30, 904, 921),
(869, 597, 'Elise', '2023-01-03', 55, 1889, 657),
(870, 996, 'Richard', '2023-02-07', 116, 2219, 898),
(871, 23, 'Oscar', '2023-01-08', 421, 2838, 659),
(872, 884, 'Christopher', '2023-01-23', 14, 93, 207),
(873, 631, 'Matthew', '2023-02-02', 256, 2918, 493),
(874, 659, 'Nora', '2023-01-27', 390, 1187, 12),
(875, 272, 'Lila', '2023-02-15', 397, 143, 167),
(876, 671, 'Albert', '2023-01-18', 188, 2693, 632),
(877, 30, 'Louis', '2023-01-20', 32, 1831, 247),
(878, 680, 'Frederick', '2023-01-07', 443, 1218, 222),
(879, 474, 'Madison', '2023-02-08', 31, 1477, 81),
(880, 146, 'Leonard', '2023-01-23', 18, 1814, 561),
(881, 873, 'Megan', '2023-01-16', 332, 1459, 128),
(882, 273, 'Lily', '2023-02-04', 477, 2135, 229),
(883, 602, 'Bradley', '2023-02-12', 178, 2261, 632),
(884, 376, 'Alex', '2023-02-08', 209, 538, 708),
(885, 886, 'Peter', '2023-02-06', 152, 2150, 2),
(886, 726, 'Ellie', '2023-01-03', 485, 1304, 986),
(887, 263, 'Frederick', '2023-01-06', 46, 883, 163),
(888, 31, 'Isaac', '2023-01-03', 311, 1995, 973),
(889, 422, 'Allison', '2023-01-21', 451, 1835, 103),
(890, 34, 'Ellie', '2023-01-16', 34, 281, 396),
(891, 247, 'Isaiah', '2023-01-13', 123, 2878, 558),
(892, 85, 'Jeffrey', '2023-02-13', 284, 2309, 431),
(893, 83, 'Gregory', '2023-02-12', 229, 1300, 41),
(894, 685, 'Emma', '2023-02-04', 344, 2541, 426),
(895, 400, 'Avery', '2023-02-12', 478, 2167, 945),
(896, 864, 'Frank', '2023-02-01', 244, 1060, 4),
(897, 672, 'Landon', '2023-01-23', 217, 908, 744),
(898, 944, 'Layla', '2023-02-08', 220, 1766, 924),
(899, 831, 'Howard', '2023-01-13', 292, 2920, 119),
(900, 462, 'Aubrey', '2023-01-03', 374, 1246, 250),
(901, 882, 'Nora', '2023-01-27', 425, 854, 133),
(902, 627, 'Sadie', '2023-01-04', 9, 2932, 959),
(903, 524, 'Cameron', '2023-02-02', 287, 344, 52),
(904, 64, 'Leah', '2023-02-10', 300, 2810, 765),
(905, 334, 'Keith', '2023-01-31', 326, 641, 892),
(906, 167, 'Emma', '2023-01-30', 481, 2192, 39),
(907, 204, 'Gabriella', '2023-02-07', 32, 1694, 147),
(908, 576, 'Emma', '2023-01-07', 29, 1659, 181),
(909, 487, 'Gianna', '2023-01-25', 45, 1989, 676),
(910, 823, 'Frank', '2023-01-06', 328, 1297, 596),
(911, 168, 'Peter', '2023-01-31', 174, 1464, 310),
(912, 321, 'Mckenzie', '2023-01-07', 73, 2316, 134),
(913, 778, 'Max', '2023-02-05', 306, 505, 4),
(914, 385, 'Kylie', '2023-02-10', 437, 2213, 848),
(915, 95, 'Bradley', '2023-02-12', 13, 1742, 344),
(916, 638, 'Jennifer', '2023-01-12', 360, 1353, 599),
(917, 359, 'William', '2023-01-30', 71, 284, 812),
(918, 800, 'Steven', '2023-01-13', 7, 381, 451),
(919, 943, 'Morgan', '2023-02-10', 164, 1011, 519),
(920, 329, 'Anthony', '2023-01-04', 306, 960, 310),
(921, 212, 'Julia', '2023-01-01', 388, 1595, 926),
(922, 558, 'Sarah', '2023-02-15', 441, 794, 477),
(923, 611, 'Benjamin', '2023-01-12', 233, 2425, 791),
(924, 81, 'Gordon', '2023-01-23', 240, 2915, 695),
(925, 948, 'Paige', '2023-02-02', 222, 474, 17),
(926, 90, 'Victor', '2023-02-06', 499, 470, 2),
(927, 592, 'Peter', '2023-02-10', 174, 367, 474),
(928, 950, 'Raymond', '2023-01-14', 127, 2233, 506),
(929, 677, 'Ronald', '2023-01-20', 243, 2168, 234),
(930, 259, 'Kevin', '2023-01-12', 97, 1651, 128),
(931, 640, 'Albert', '2023-01-27', 112, 1329, 741),
(932, 152, 'Sarah', '2023-02-11', 402, 455, 312),
(933, 558, 'Richard', '2023-01-13', 453, 2798, 628),
(934, 641, 'Audrey', '2023-01-02', 18, 119, 579),
(935, 804, 'Harold', '2023-02-11', 76, 2890, 778),
(936, 912, 'Benjamin', '2023-01-19', 71, 1344, 451),
(937, 179, 'Landon', '2023-01-06', 160, 2706, 822),
(938, 890, 'Rachel', '2023-01-13', 458, 1845, 791),
(939, 595, 'Rachel', '2023-01-06', 340, 822, 568),
(940, 479, 'Aaliyah', '2023-01-20', 278, 2238, 215),
(941, 728, 'Terry', '2023-02-04', 19, 1537, 37),
(942, 685, 'Aubrey', '2023-02-08', 341, 742, 247),
(943, 54, 'Donald', '2023-01-10', 340, 123, 418),
(944, 36, 'Max', '2023-01-13', 35, 156, 527),
(945, 395, 'Brooke', '2023-02-15', 43, 1177, 909),
(946, 551, 'Gabriella', '2023-01-15', 63, 510, 892),
(947, 693, 'Gregory', '2023-01-11', 314, 1066, 198),
(948, 98, 'Frank', '2023-01-25', 311, 666, 633),
(949, 629, 'Levi', '2023-01-08', 203, 1851, 387),
(950, 38, 'Rylee', '2023-01-14', 288, 1625, 757),
(951, 540, 'Jessica', '2023-02-11', 169, 2105, 692),
(952, 189, 'Nicholas', '2023-01-06', 0, 732, 802),
(953, 319, 'Lauren', '2023-01-12', 450, 1361, 403),
(954, 944, 'Patrick', '2023-01-28', 64, 2618, 173),
(955, 260, 'Jocelyn', '2023-01-24', 36, 1443, 452),
(956, 834, 'Derek', '2023-01-12', 232, 2541, 692),
(957, 866, 'Gregory', '2023-01-19', 413, 1814, 916),
(958, 322, 'Miles', '2023-01-28', 410, 1841, 786),
(959, 439, 'Isaiah', '2023-01-14', 287, 2620, 545),
(960, 141, 'Lila', '2023-01-30', 480, 2785, 216),
(961, 256, 'Roland', '2023-01-29', 495, 2958, 469),
(962, 390, 'Alex', '2023-01-21', 144, 203, 515),
(963, 939, 'Alyssa', '2023-01-19', 73, 1569, 404),
(964, 87, 'Roy', '2023-01-12', 290, 1369, 699),
(965, 980, 'Thomas', '2023-01-14', 141, 2837, 59),
(966, 155, 'Mariah', '2023-02-09', 273, 379, 107),
(967, 840, 'John', '2023-02-10', 443, 732, 650),
(968, 740, 'Layla', '2023-01-03', 170, 2913, 502),
(969, 548, 'Amelia', '2023-02-13', 376, 1833, 806),
(970, 764, 'Maya', '2023-01-17', 99, 993, 109),
(971, 440, 'Michael', '2023-01-03', 187, 1682, 843),
(972, 883, 'Christopher', '2023-02-09', 266, 2759, 962),
(973, 998, 'Bradley', '2023-01-09', 493, 529, 199),
(974, 751, 'Walter', '2023-01-08', 21, 2282, 806),
(975, 625, 'Dennis', '2023-01-23', 132, 1153, 979),
(976, 645, 'Isabella', '2023-01-27', 149, 2826, 61),
(977, 988, 'Claire', '2023-02-09', 227, 154, 40),
(978, 19, 'Brianna', '2023-02-12', 27, 2155, 280),
(979, 876, 'Skylar', '2023-01-06', 78, 1640, 171),
(980, 114, 'Violet', '2023-01-12', 46, 469, 912),
(981, 193, 'Carl', '2023-01-28', 338, 2524, 944),
(982, 901, 'Nora', '2023-01-15', 458, 870, 205),
(983, 115, 'Samantha', '2023-02-08', 296, 1077, 727),
(984, 888, 'Anna', '2023-01-15', 235, 2973, 165),
(985, 831, 'Norman', '2023-01-30', 413, 2674, 648),
(986, 854, 'Lester', '2023-02-06', 395, 2545, 375),
(987, 46, 'Aaron', '2023-01-15', 342, 458, 533),
(988, 521, 'Cameron', '2023-02-06', 2, 438, 697),
(989, 166, 'Ellie', '2023-02-01', 97, 2141, 333),
(990, 675, 'Trevor', '2023-01-07', 355, 1560, 565),
(991, 107, 'Aaron', '2023-02-13', 123, 2239, 995),
(992, 633, 'Makenna', '2023-01-06', 27, 1423, 627),
(993, 917, 'Isabelle', '2023-01-20', 452, 752, 739),
(994, 97, 'Hannah', '2023-01-24', 299, 338, 762),
(995, 414, 'Madeline', '2023-01-12', 129, 793, 433),
(996, 586, 'Timothy', '2023-02-09', 389, 173, 167),
(997, 420, 'Lila', '2023-01-31', 487, 1029, 514),
(998, 439, 'Gabrielle', '2023-02-12', 43, 995, 401),
(999, 965, 'Alex', '2023-02-14', 198, 1634, 692),
(888888, 12, '', '2015-07-09', 77, 23, 197548),
(7777777, 4444444, 'shlom', '2014-06-11', 23, 158, 1246575),
(7777877, 4444444, 'roni', '2014-06-11', 26, 158, 1246575),
(7777977, 4444644, 'roni', '2014-06-13', 36, 19, 1246895),
(12345678, 12345678, 'jo', '2015-07-09', 23, 44, 23),
(77179977, 4444844, 'ben', '2014-06-22', 39, 20, 136895),
(77779577, 4444644, 'ben', '2014-06-13', 36, 20, 1236895),
(77779977, 4444844, 'ben', '2014-06-21', 39, 20, 136895);

--
-- Triggers `Ticket`
--
DELIMITER $$
CREATE TRIGGER `update_train_status` AFTER INSERT ON `Ticket` FOR EACH ROW BEGIN
    DECLARE num_tickets INT;
    DECLARE train_id INT;

    -- Get the train ID for the inserted ticket
    SELECT train_id INTO train_id FROM Ticket WHERE ticket_id = NEW.ticket_id;

    -- Count the number of tickets for the train
    SELECT COUNT(*) INTO num_tickets FROM Ticket WHERE train_id = train_id;

    -- Update the train type based on the number of tickets
    IF num_tickets > 10 THEN
        UPDATE Train SET train_type = 'bobmobil' WHERE train_id = train_id;
    END IF;
END
$$
DELIMITER ;

-- --------------------------------------------------------

--
-- Table structure for table `Train`
--

CREATE TABLE `Train` (
  `train_id` int(8) NOT NULL,
  `train_name` varchar(20) NOT NULL,
  `route_id` int(8) NOT NULL,
  `departure_time` time NOT NULL,
  `arrival_time` time NOT NULL,
  `type_train` varchar(20) NOT NULL
) ENGINE=InnoDB DEFAULT CHARSET=utf8 COLLATE=utf8_unicode_ci;

--
-- Dumping data for table `Train`
--

INSERT INTO `Train` (`train_id`, `train_name`, `route_id`, `departure_time`, `arrival_time`, `type_train`) VALUES
(0, 'Dolly', 755, '23:39:44', '00:43:43', 'Bugatti Chiron'),
(1, 'lea', 1, '12:40:00', '14:00:00', 'ferary'),
(2, 'ana', 2, '21:00:00', '23:40:00', 'carmel'),
(3, 'Evelyn', 668, '18:00:34', '04:53:33', 'Ford EcoSport'),
(4, 'Delaney', 223, '06:28:08', '05:04:50', 'Buick Cascada'),
(5, 'Diana', 424, '04:36:14', '17:37:48', 'Dodge Charger'),
(6, 'Aliyah', 692, '03:31:06', '21:54:30', 'Jaguar XF'),
(7, 'Aubrey', 942, '23:17:56', '04:17:42', 'Maserati Quattroport'),
(8, 'Bella', 241, '13:48:56', '11:00:28', 'Lotus Elise'),
(9, 'Brianna', 678, '01:02:47', '06:04:56', 'Acura NSX'),
(10, 'Cara', 992, '08:43:23', '06:18:44', 'Dodge Challenger'),
(11, 'Aurora', 846, '06:23:51', '16:31:29', 'Acura RLX'),
(12, 'Ella', 509, '11:03:46', '07:31:12', 'Genesis G80'),
(13, 'Danna', 922, '04:06:46', '11:25:11', 'Maserati Levante'),
(14, 'Arianna', 193, '20:24:35', '02:37:20', 'Jeep Cherokee'),
(15, 'Daphne', 81, '17:43:30', '19:24:08', 'Porsche Panamera'),
(16, 'Carly', 312, '03:46:38', '12:21:22', 'Subaru Outback'),
(17, 'Corinne', 968, '03:52:32', '13:30:27', 'Volkswagen Jetta'),
(18, 'Chloe', 650, '06:01:14', '09:10:49', 'Ford EcoSport'),
(19, 'Crystal', 242, '05:57:38', '04:16:52', 'Lexus GX'),
(20, 'Celeste', 596, '05:33:24', '13:02:50', 'Mazda CX-5'),
(21, 'Deborah', 92, '10:00:20', '04:04:27', 'Lincoln MKC'),
(22, 'Alexia', 802, '11:15:16', '07:35:38', 'Bugatti Veyron'),
(23, 'Avalyn', 726, '22:50:46', '15:53:09', 'Subaru Outback'),
(24, 'Camille', 395, '12:14:42', '23:33:40', 'Lamborghini Urus'),
(25, 'Bridget', 478, '03:35:40', '16:32:38', 'Acura RLX'),
(26, 'Athena', 98, '23:42:02', '05:28:58', 'Mitsubishi Mirage'),
(27, 'Ella', 252, '20:25:29', '05:24:01', 'Audi RS7'),
(28, 'Aniyah', 685, '07:37:51', '16:43:42', 'Bugatti Veyron'),
(29, 'Collins', 343, '07:13:34', '12:11:15', 'Lotus Exige'),
(30, 'Audrina', 486, '12:59:16', '13:22:41', 'Dodge Challenger'),
(31, 'Collins', 515, '04:42:32', '14:10:33', 'Volvo S90'),
(32, 'Aliyah', 207, '06:11:22', '01:51:13', 'Toyota Supra'),
(33, 'Cecilia', 709, '16:28:47', '01:50:43', 'Honda Accord'),
(34, 'Charlee', 164, '19:45:28', '23:44:13', 'Cadillac ATS'),
(35, 'Bianca', 690, '03:46:38', '14:21:09', 'Hyundai Accent'),
(36, 'Dakota', 127, '03:26:57', '22:04:21', 'Mitsubishi Mirage'),
(37, 'Brylee', 605, '09:50:49', '11:16:51', 'Jeep Cherokee'),
(38, 'Christina', 783, '03:43:49', '13:13:04', 'Lexus GX'),
(39, 'Arya', 45, '04:42:32', '13:48:56', 'Lexus LS'),
(40, 'Danna', 214, '19:21:52', '19:18:48', 'Audi RS7'),
(41, 'Athena', 557, '01:10:12', '13:10:41', 'Acura TLX'),
(42, 'Cassidy', 517, '04:05:03', '03:25:45', 'Cadillac ATS'),
(43, 'Grace', 619, '12:44:50', '21:08:03', 'Porsche Panamera'),
(44, 'Anna', 59, '11:54:00', '00:31:36', 'BMW 8 Series'),
(45, 'Nora', 906, '20:15:33', '05:58:58', 'Aston Martin Vantage'),
(46, 'Victoria', 221, '05:37:31', '04:06:46', 'BMW M4'),
(47, 'Davina', 15, '17:20:00', '16:59:45', 'Chrysler 300'),
(48, 'Ava', 190, '07:58:53', '15:32:02', 'Volvo XC90'),
(49, 'Amanda', 569, '15:41:18', '04:27:03', 'Chrysler Pacifica'),
(50, 'Audra', 837, '15:53:09', '15:31:07', 'Mazda CX-5'),
(51, 'Charley', 251, '00:49:32', '06:10:33', 'Nissan GT-R'),
(52, 'Cassidy', 444, '19:58:43', '07:15:08', 'Ferrari Portofino'),
(53, 'Anastasia', 945, '05:03:30', '21:38:51', 'Acura TLX'),
(54, 'Elizabeth', 517, '16:15:06', '03:28:18', 'Jeep Cherokee'),
(55, 'Destiny', 605, '08:14:14', '06:20:34', 'Cadillac Escalade'),
(56, 'Dream', 857, '20:57:29', '13:48:09', 'Jaguar XE'),
(57, 'Dakota', 612, '04:29:09', '22:12:03', 'Bentley Mulsanne'),
(58, 'Amanda', 821, '04:06:52', '18:46:08', 'Lexus GX'),
(59, 'Charlize', 786, '14:12:40', '17:10:08', 'GMC Yukon'),
(60, 'Celia', 389, '08:26:49', '03:09:24', 'Lamborghini Aventado'),
(61, 'Brianna', 733, '04:43:33', '07:04:12', 'Aston Martin Vantage'),
(62, 'Daniela', 210, '04:06:52', '19:11:59', 'Hyundai Sonata'),
(63, 'Athena', 394, '17:07:17', '15:42:48', 'Chrysler 300'),
(64, 'Braelynn', 708, '12:15:16', '19:21:07', 'Porsche 911'),
(65, 'Claudia', 604, '09:12:20', '05:36:44', 'Lincoln MKC'),
(66, 'Colette', 197, '15:15:20', '23:10:17', 'Genesis G90'),
(67, 'Athena', 180, '21:37:25', '03:53:24', 'Fiat 124 Spider'),
(68, 'Brielle', 77, '10:45:04', '16:43:42', 'Mitsubishi Lancer Ev'),
(69, 'Dorothy', 189, '17:20:00', '13:55:41', 'Fiat 500X'),
(70, 'Nova', 351, '22:27:57', '09:01:51', 'Honda Clarity'),
(71, 'Camille', 832, '05:24:01', '17:38:41', 'Lincoln MKC'),
(72, 'Braelynn', 647, '13:25:13', '22:13:24', 'Genesis G70'),
(73, 'Isabella', 763, '18:24:45', '23:42:07', 'Fiat 500'),
(74, 'Danna', 860, '01:44:34', '05:33:24', 'Infiniti QX50'),
(75, 'Aubrie', 380, '09:27:44', '08:53:03', 'Kia Optima'),
(76, 'Cassidy', 241, '09:01:51', '09:36:28', 'Toyota Supra'),
(77, 'Charlize', 324, '13:30:27', '14:18:30', 'Land Rover Defender'),
(78, 'Brylee', 814, '10:26:53', '22:50:46', 'Lexus LS'),
(79, 'Brooke', 771, '16:10:06', '13:25:05', 'Buick Enclave'),
(80, 'Colette', 227, '05:56:35', '10:11:13', 'Lexus LS'),
(81, 'Brianna', 790, '19:21:07', '03:39:01', 'Infiniti Q50'),
(82, 'Brinley', 69, '03:06:35', '14:21:09', 'Aston Martin Rapide'),
(83, 'Sophia', 152, '19:29:15', '14:52:56', 'BMW X7'),
(84, 'Alondra', 478, '13:27:30', '18:31:19', 'Kia Stinger'),
(85, 'Mia', 410, '06:22:46', '14:17:39', 'Porsche Panamera'),
(86, 'Audra', 377, '07:43:35', '11:42:01', 'Bentley Mulsanne'),
(87, 'Armani', 719, '21:00:42', '09:30:01', 'Hyundai Sonata'),
(88, 'Mia', 34, '15:19:37', '05:00:14', 'Acura NSX'),
(89, 'Charley', 719, '04:37:45', '12:39:02', 'Jeep Cherokee'),
(90, 'Azalea', 42, '00:40:32', '19:55:31', 'McLaren 570S'),
(91, 'Arya', 711, '06:06:48', '17:08:39', 'Cadillac ATS'),
(92, 'Amina', 888, '20:40:52', '08:26:49', 'Dodge Journey'),
(93, 'Alondra', 860, '00:59:16', '01:58:07', 'Lincoln Navigator'),
(94, 'Anne', 897, '20:41:29', '16:48:35', 'Alfa Romeo Giulia'),
(95, 'Cali', 600, '07:54:48', '17:07:32', 'Lotus Elise'),
(96, 'Camila', 625, '12:14:45', '12:39:08', 'Kia Optima'),
(97, 'Audrina', 488, '13:22:41', '02:01:43', 'Maserati Quattroport'),
(98, 'Bella', 74, '13:00:09', '14:33:41', 'Genesis G80'),
(99, 'Alivia', 633, '09:18:38', '22:50:46', 'Tesla Model X'),
(100, 'Avalyn', 25, '10:01:09', '12:21:08', 'Land Rover Range Rov'),
(101, 'Dior', 952, '20:57:29', '03:11:32', 'Acura TLX'),
(102, 'Annalise', 187, '21:39:59', '02:37:14', 'McLaren 570S'),
(103, 'Camila', 392, '04:29:19', '11:35:23', 'Mercedes-Benz E-Clas'),
(104, 'Sophia', 694, '00:33:28', '07:29:33', 'Bentley Mulsanne'),
(105, 'Adrianna', 898, '22:09:18', '22:40:45', 'Buick Regal'),
(106, 'Diana', 419, '18:09:59', '00:10:01', 'Maserati Levante'),
(107, 'Charlotte', 122, '03:00:34', '07:02:47', 'Ferrari 488 GTB'),
(108, 'Cassidy', 317, '07:31:34', '00:10:41', 'Bugatti Chiron'),
(109, 'Eleanor', 629, '17:43:30', '15:34:31', 'Fiat 500X'),
(110, 'Autumn', 107, '02:37:14', '15:57:09', 'Infiniti QX50'),
(111, 'Audrey', 407, '07:13:34', '09:01:51', 'Volkswagen Jetta'),
(112, 'Camille', 542, '23:17:56', '01:19:16', 'Nissan GT-R'),
(113, 'Amara', 698, '13:06:14', '18:09:59', 'Ferrari 488 GTB'),
(114, 'Riley', 246, '23:51:41', '23:40:39', 'Mitsubishi Mirage'),
(115, 'Carina', 332, '07:01:16', '04:40:48', 'Bentley Mulsanne'),
(116, 'Cecilia', 958, '20:57:29', '02:44:50', 'Mitsubishi Outlander'),
(117, 'Olivia', 555, '22:59:04', '02:17:16', 'Subaru Outback'),
(118, 'Angel', 300, '01:25:23', '04:06:53', 'Mitsubishi Mirage'),
(119, 'Armani', 179, '18:26:04', '20:51:15', 'Dodge Journey'),
(120, 'Colette', 736, '03:34:45', '12:55:58', 'Dodge Challenger'),
(121, 'Clara', 886, '20:05:49', '21:27:18', 'Dodge Charger'),
(122, 'Angel', 840, '08:25:44', '23:02:15', 'Lamborghini Urus'),
(123, 'Bonnie', 935, '18:49:19', '05:45:00', 'Ferrari 488 GTB'),
(124, 'Dorothy', 808, '11:25:56', '22:03:30', 'Jaguar XF'),
(125, 'Danna', 577, '07:38:58', '10:12:12', 'Infiniti QX50'),
(126, 'Camille', 39, '21:59:21', '15:46:25', 'Lexus ES'),
(127, 'Crystal', 783, '16:59:45', '04:43:33', 'Mercedes-Benz AMG GT'),
(128, 'Audrey', 921, '16:49:52', '04:36:14', 'Hyundai Elantra'),
(129, 'Arya', 145, '03:43:42', '16:05:12', 'BMW X7'),
(130, 'Bianca', 659, '05:01:44', '10:24:07', 'Bugatti Veyron'),
(131, 'Olivia', 177, '08:54:34', '22:15:01', 'Bentley Continental '),
(132, 'Dior', 660, '13:05:04', '21:09:38', 'Jaguar F-Type'),
(133, 'Danielle', 456, '17:12:33', '23:42:02', 'Honda Clarity'),
(134, 'Harper', 346, '14:16:35', '21:02:44', 'Volvo XC90'),
(135, 'Angelica', 386, '07:19:56', '21:20:48', 'Ferrari 812 Superfas'),
(136, 'Dana', 412, '14:54:39', '16:43:42', 'Tesla Model X'),
(137, 'Dior', 593, '15:50:07', '19:35:16', 'Chrysler 300'),
(138, 'Chloe', 13, '04:16:52', '19:24:08', 'Toyota Camry'),
(139, 'Christine', 99, '23:17:56', '13:12:30', 'Maserati Levante'),
(140, 'Alyssa', 614, '18:31:19', '01:15:47', 'Mini Countryman'),
(141, 'Daniella', 108, '22:54:22', '21:17:59', 'Rolls-Royce Phantom'),
(142, 'Charlee', 664, '12:24:59', '10:08:21', 'Porsche Cayenne'),
(143, 'Brinley', 68, '20:24:35', '22:03:30', 'Porsche Panamera'),
(144, 'Angel', 552, '15:22:37', '06:18:44', 'Honda Civic'),
(145, 'Cassandra', 420, '08:57:07', '04:10:33', 'Mercedes-Benz AMG GT'),
(146, 'Bella', 983, '08:37:45', '09:09:07', 'Maserati Quattroport'),
(147, 'Dayana', 984, '10:05:12', '12:59:16', 'Tesla Model X'),
(148, 'Charlee', 317, '04:46:45', '01:10:12', 'Mercedes-Benz S-Clas'),
(149, 'Penelope', 564, '04:24:03', '13:00:59', 'Honda Civic'),
(150, 'Cassandra', 903, '10:47:55', '01:55:31', 'Kia Optima'),
(151, 'Catherine', 422, '14:00:28', '09:06:20', 'Porsche Cayenne'),
(152, 'Cindy', 529, '04:09:16', '00:33:28', 'Chrysler Pacifica'),
(153, 'Aaliyah', 968, '17:32:37', '05:18:05', 'Porsche Panamera'),
(154, 'Aviana', 3, '01:21:38', '14:54:11', 'Jeep Grand Cherokee'),
(155, 'Donna', 719, '13:10:41', '23:05:14', 'Land Rover Defender'),
(156, 'Blakely', 961, '22:40:45', '02:32:51', 'Ferrari 812 Superfas'),
(157, 'Aaliyah', 1, '23:50:07', '09:11:44', 'Buick Enclave'),
(158, 'Braelynn', 924, '15:46:27', '01:45:42', 'Volvo XC90'),
(159, 'Ayla', 991, '03:23:54', '09:51:30', 'Buick Enclave'),
(160, 'Dayana', 402, '17:10:08', '01:45:42', 'Mini Countryman'),
(161, 'Cassidy', 344, '19:29:15', '09:17:31', 'Chrysler 200'),
(162, 'Eleanor', 296, '19:13:07', '15:34:31', 'Lexus ES'),
(163, 'Aliyah', 283, '02:40:48', '23:14:59', 'Volkswagen Golf'),
(164, 'Cecilia', 151, '21:39:59', '12:21:08', 'Chevrolet Camaro'),
(165, 'Layla', 268, '01:13:32', '14:17:39', 'Dodge Charger'),
(166, 'Cassidy', 818, '13:53:48', '13:00:59', 'Land Rover Range Rov'),
(167, 'Alessandra', 770, '04:05:03', '18:03:08', 'Lincoln Continental'),
(168, 'Denise', 446, '04:16:52', '23:18:29', 'Tesla Model S'),
(169, 'Bianca', 183, '06:20:34', '09:19:50', 'Subaru WRX STI'),
(170, 'Candace', 769, '09:26:05', '18:05:13', 'Hyundai Accent'),
(171, 'Aria', 379, '04:19:42', '04:04:27', 'McLaren 720S'),
(172, 'Caitlin', 400, '21:11:55', '07:37:00', 'Ford F-150'),
(173, 'Cheyenne', 275, '13:04:37', '08:14:14', 'Jeep Cherokee'),
(174, 'Dakota', 677, '19:42:43', '14:33:00', 'Ford F-150'),
(175, 'Casey', 653, '08:21:14', '11:10:53', 'Genesis G70'),
(176, 'Amy', 480, '04:07:38', '00:15:01', 'Ford Mustang'),
(177, 'Brynlee', 885, '06:24:03', '02:46:04', 'Lamborghini Huracan'),
(178, 'Eleanor', 810, '19:42:43', '00:03:02', 'Buick Cascada'),
(179, 'Aubrie', 498, '20:30:20', '11:47:35', 'Mercedes-Benz AMG GT'),
(180, 'Aviana', 149, '14:11:34', '20:59:26', 'Audi A7'),
(181, 'Delilah', 720, '13:53:48', '19:18:09', 'Aston Martin Rapide'),
(182, 'Aurora', 351, '15:39:00', '15:36:30', 'Mitsubishi Outlander'),
(183, 'Deanna', 69, '13:02:50', '06:40:41', 'Dodge Charger'),
(184, 'Amelia', 114, '05:38:13', '15:50:07', 'Honda Accord'),
(185, 'Dorothy', 285, '21:15:57', '03:06:35', 'Honda Civic'),
(186, 'Amy', 800, '07:39:28', '05:40:44', 'Toyota Camry'),
(187, 'Davina', 125, '05:33:26', '23:10:17', 'Mazda CX-5'),
(188, 'Christine', 680, '20:12:09', '05:22:03', 'Infiniti QX80'),
(189, 'Adalynn', 895, '09:19:46', '13:48:09', 'Mini Cooper'),
(190, 'Autumn', 480, '05:58:58', '04:55:29', 'McLaren 675LT'),
(191, 'Alessandra', 212, '06:28:08', '00:46:03', 'Toyota Supra'),
(192, 'Mia', 89, '15:17:06', '05:38:13', 'Hyundai Accent'),
(193, 'Dorothy', 522, '02:14:14', '09:41:59', 'Dodge Challenger'),
(194, 'Aurora', 866, '09:22:41', '17:10:08', 'Alfa Romeo Stelvio'),
(195, 'Dixie', 641, '13:38:38', '09:17:31', 'Ferrari 812 Superfas'),
(196, 'Aniyah', 90, '21:34:03', '09:20:52', 'Mercedes-Benz S-Clas'),
(197, 'Carla', 769, '17:38:41', '05:18:05', 'Mazda CX-9'),
(198, 'Diana', 582, '23:02:15', '04:17:42', 'Subaru WRX STI'),
(199, 'Carly', 987, '13:12:30', '04:19:42', 'Honda Accord'),
(200, 'Carla', 641, '04:50:16', '13:51:03', 'Jeep Cherokee'),
(201, 'Brielle', 487, '07:15:38', '19:14:44', 'Bentley Mulsanne'),
(202, 'Desiree', 780, '19:19:40', '00:58:54', 'Mercedes-Benz AMG GT'),
(203, 'Christine', 707, '13:49:18', '03:25:45', 'Mazda MX-5 Miata'),
(204, 'Amy', 145, '21:22:04', '23:50:07', 'Cadillac CTS-V'),
(205, 'Chanel', 240, '15:08:24', '04:13:39', 'Nissan GT-R'),
(206, 'Charmaine', 689, '13:00:09', '13:36:28', 'Lexus GX'),
(207, 'Dixie', 312, '10:31:42', '07:15:21', 'Aston Martin Rapide'),
(208, 'Clementine', 291, '14:17:39', '03:43:45', 'Kia Forte'),
(209, 'Charlee', 730, '20:32:19', '14:21:09', 'Chrysler Pacifica'),
(210, 'Autumn', 236, '07:31:33', '09:53:21', 'Jaguar F-Type'),
(211, 'Brielle', 157, '05:28:58', '10:35:16', 'Toyota Camry'),
(212, 'Abigail', 161, '20:05:49', '18:18:01', 'Infiniti QX50'),
(213, 'Dior', 936, '02:49:46', '07:38:58', 'Maserati Levante'),
(214, 'Riley', 390, '15:24:52', '23:51:06', 'Infiniti QX80'),
(215, 'Dior', 472, '02:24:29', '19:17:36', 'Subaru Outback'),
(216, 'Bentley', 268, '09:52:40', '06:09:38', 'Hyundai Accent'),
(217, 'Penelope', 550, '09:19:54', '11:43:42', 'Lexus LS'),
(218, 'Destiny', 509, '18:18:13', '19:39:08', 'GMC Yukon'),
(219, 'Allison', 190, '20:48:28', '17:10:08', 'Alfa Romeo Giulia'),
(220, 'Carly', 896, '23:01:42', '20:52:01', 'Dodge Challenger'),
(221, 'Carla', 503, '09:53:21', '20:08:01', 'Volvo S90'),
(222, 'Aurora', 515, '19:45:08', '13:53:18', 'Acura RLX'),
(223, 'Ebony', 948, '19:31:26', '15:57:24', 'Tesla Model S'),
(224, 'Blake', 891, '19:02:04', '14:24:51', 'Maserati Quattroport'),
(225, 'Anna', 251, '04:26:46', '15:53:09', 'GMC Yukon'),
(226, 'Donna', 947, '09:26:05', '09:17:31', 'Tesla Model X'),
(227, 'Catalina', 466, '01:49:04', '11:24:23', 'Bentley Bentayga'),
(228, 'Danika', 670, '23:52:33', '06:33:20', 'Jeep Wrangler'),
(229, 'Dana', 2, '05:03:30', '09:36:28', 'Lexus ES'),
(230, 'Allison', 362, '03:53:07', '10:35:54', 'Acura NSX'),
(231, 'Azalea', 106, '02:30:09', '18:25:27', 'Hyundai Accent'),
(232, 'Anna', 935, '08:14:14', '21:03:18', 'Maserati GranTurismo'),
(233, 'Cadence', 680, '23:29:13', '04:56:14', 'Dodge Charger'),
(234, 'Avalyn', 178, '23:05:14', '20:59:26', 'Porsche Cayenne'),
(235, 'Celia', 396, '20:58:55', '02:23:36', 'Chevrolet Impala'),
(236, 'Aurora', 668, '04:56:14', '17:49:38', 'Kia Optima'),
(237, 'Daphne', 401, '07:29:10', '06:29:11', 'Buick Cascada'),
(238, 'Avery', 793, '16:31:29', '05:27:08', 'GMC Sierra'),
(239, 'Nora', 566, '17:49:02', '18:39:47', 'Fiat 500X'),
(240, 'Carla', 925, '05:00:18', '01:01:34', 'Aston Martin Rapide'),
(241, 'Olivia', 13, '06:06:48', '10:56:01', 'Porsche 911'),
(242, 'Amanda', 914, '16:33:39', '17:54:38', 'Lamborghini Huracan'),
(243, 'Eleanor', 573, '18:17:39', '06:30:28', 'Acura RLX'),
(244, 'Caylee', 940, '13:28:33', '01:50:43', 'Land Rover Defender'),
(245, 'Isabella', 302, '04:41:02', '17:36:34', 'Mercedes-Benz E-Clas'),
(246, 'Layla', 308, '15:22:37', '04:10:09', 'Infiniti QX80'),
(247, 'Amara', 587, '19:08:30', '17:07:32', 'Acura RLX'),
(248, 'Riley', 130, '23:18:29', '17:20:00', 'Bugatti Veyron'),
(249, 'Anna', 194, '20:51:15', '06:05:03', 'Honda Civic'),
(250, 'Danielle', 799, '18:17:39', '04:18:29', 'Ferrari 812 Superfas'),
(251, 'Cali', 154, '02:18:13', '16:59:45', 'Lincoln MKC'),
(252, 'Aubrey', 897, '04:10:33', '06:09:38', 'Bentley Bentayga'),
(253, 'Victoria', 746, '18:48:18', '15:24:52', 'Chrysler 200'),
(254, 'Cali', 125, '23:19:19', '08:45:21', 'Toyota Supra'),
(255, 'Casey', 339, '04:21:25', '10:22:41', 'Audi RS7'),
(256, 'Aubrie', 38, '06:38:18', '14:06:20', 'Volkswagen Golf'),
(257, 'Diana', 869, '14:55:46', '07:02:47', 'Porsche Panamera'),
(258, 'Allison', 424, '05:57:38', '19:24:50', 'Porsche 911'),
(259, 'Emily', 740, '22:59:58', '04:20:47', 'Lamborghini Huracan'),
(260, 'Emma', 468, '07:14:00', '19:16:24', 'Maserati GranTurismo'),
(261, 'Charley', 648, '04:36:14', '04:06:53', 'Cadillac Escalade'),
(262, 'Brooklyn', 181, '23:05:14', '16:49:52', 'Ford F-150'),
(263, 'Carissa', 839, '23:50:07', '13:00:09', 'Audi RS7'),
(264, 'Brylee', 835, '11:32:55', '19:45:08', 'Mercedes-Benz E-Clas'),
(265, 'Angel', 59, '23:44:13', '17:31:34', 'Maserati GranTurismo'),
(266, 'Daniela', 980, '21:02:13', '02:40:48', 'Acura RLX'),
(267, 'Carly', 662, '15:41:18', '14:36:03', 'Lincoln Navigator'),
(268, 'Collins', 627, '07:35:38', '00:20:43', 'Chrysler 300'),
(269, 'Athena', 14, '16:31:29', '23:57:52', 'Mazda CX-9'),
(270, 'Belle', 436, '11:32:55', '02:28:19', 'Toyota Supra'),
(271, 'Arya', 522, '03:46:38', '09:06:44', 'Audi RS7'),
(272, 'Ariana', 425, '06:53:18', '15:01:27', 'Cadillac CTS-V'),
(273, 'Claudia', 922, '05:38:13', '13:48:09', 'Acura NSX'),
(274, 'Dayana', 347, '22:06:09', '18:46:49', 'Audi R8'),
(275, 'Ella', 391, '11:48:05', '06:38:18', 'Aston Martin Vantage'),
(276, 'Bridget', 798, '05:18:05', '22:59:04', 'Ford EcoSport'),
(277, 'Aubrey', 655, '01:44:34', '20:51:15', 'Bentley Continental '),
(278, 'Anne', 198, '06:51:56', '23:31:33', 'Fiat 124 Spider'),
(279, 'Amara', 383, '06:58:55', '17:16:09', 'Tesla Model X'),
(280, 'Dior', 887, '05:24:32', '23:07:43', 'McLaren 720S'),
(281, 'Ariel', 250, '18:43:19', '18:03:08', 'Mitsubishi Lancer Ev'),
(282, 'Ariel', 221, '21:03:18', '06:43:13', 'Lotus Elise'),
(283, 'Dorothy', 637, '02:02:49', '01:56:31', 'Acura RLX'),
(284, 'Deanna', 646, '02:18:31', '03:23:54', 'Chrysler 200'),
(285, 'Daniella', 893, '04:56:14', '05:00:04', 'Volvo XC90'),
(286, 'Bentley', 937, '04:36:33', '15:46:27', 'Mini Clubman'),
(287, 'Amelia', 328, '16:49:19', '17:19:16', 'Mitsubishi Mirage'),
(288, 'Camille', 17, '07:28:04', '15:22:37', 'Volkswagen Jetta'),
(289, 'Caroline', 455, '22:40:45', '03:11:16', 'Fiat 124 Spider'),
(290, 'Aubree', 348, '15:39:52', '04:27:03', 'Kia Optima'),
(291, 'Bailey', 101, '06:20:34', '23:29:45', 'Maserati Quattroport'),
(292, 'Dream', 963, '20:40:47', '06:20:34', 'Dodge Journey'),
(293, 'Charlotte', 832, '06:05:52', '22:13:24', 'Alfa Romeo 4C'),
(294, 'Penelope', 270, '20:10:41', '06:42:04', 'Lotus Elise'),
(295, 'Candace', 361, '19:21:52', '16:06:03', 'Lincoln Continental'),
(296, 'Camille', 546, '19:55:31', '10:16:14', 'Jeep Wrangler'),
(297, 'Dorothy', 902, '10:35:16', '18:26:04', 'GMC Canyon'),
(298, 'Danna', 733, '01:14:14', '11:09:50', 'Aston Martin DBS Sup'),
(299, 'Danielle', 590, '16:41:07', '09:29:03', 'Lincoln MKC'),
(300, 'Aria', 610, '16:06:03', '11:31:38', 'Audi A7'),
(301, 'Celeste', 770, '04:09:50', '15:02:02', 'Dodge Journey'),
(302, 'Cara', 453, '14:54:39', '22:55:44', 'Audi R8'),
(303, 'Audra', 994, '20:22:57', '16:50:30', 'Porsche 911'),
(304, 'Aubree', 493, '13:43:13', '22:33:59', 'Lincoln Continental'),
(305, 'Bianca', 850, '23:42:02', '23:18:23', 'Chevrolet Camaro'),
(306, 'Cheyenne', 835, '00:03:01', '13:06:14', 'Toyota Supra'),
(307, 'Charleigh', 17, '15:15:20', '14:32:56', 'Tesla Model X'),
(308, 'Amelia', 228, '05:45:19', '20:52:29', 'Mini Cooper'),
(309, 'Dayana', 894, '16:28:13', '00:17:26', 'Jeep Grand Cherokee'),
(310, 'Daphne', 127, '18:49:19', '02:19:56', 'Infiniti Q50'),
(311, 'Darlene', 391, '01:21:38', '14:39:53', 'Bugatti Chiron'),
(312, 'Catherine', 995, '14:17:39', '19:19:40', 'Land Rover Range Rov'),
(313, 'Davina', 519, '07:04:12', '13:53:53', 'Infiniti Q50'),
(314, 'Cindy', 17, '06:58:55', '06:28:08', 'Jaguar XF'),
(315, 'Armani', 766, '00:17:06', '00:25:43', 'Mini Cooper'),
(316, 'Anna', 657, '13:49:23', '04:18:29', 'Lincoln Navigator'),
(317, 'Dana', 214, '02:38:00', '22:59:58', 'Honda Clarity'),
(318, 'Audrey', 355, '00:25:43', '23:42:07', 'Lexus ES'),
(319, 'Scarlett', 378, '18:52:48', '20:22:57', 'Subaru Outback'),
(320, 'Brooke', 190, '02:37:14', '15:50:07', 'Porsche 911'),
(321, 'Aurora', 63, '07:37:00', '03:43:56', 'Dodge Journey'),
(322, 'Aurelia', 339, '12:14:42', '17:20:00', 'Porsche 911'),
(323, 'Carly', 554, '04:24:03', '23:18:29', 'Genesis G90'),
(324, 'Emily', 400, '02:40:48', '18:14:42', 'Mini Clubman'),
(325, 'Aliyah', 304, '16:57:09', '01:46:16', 'Volkswagen Golf'),
(326, 'Braelynn', 68, '13:49:18', '03:26:57', 'Mini Countryman'),
(327, 'Abigail', 59, '06:50:38', '17:57:13', 'Mazda CX-5'),
(328, 'Brooklyn', 951, '10:02:33', '09:19:46', 'Honda Accord'),
(329, 'Audra', 746, '05:03:30', '04:09:50', 'Fiat 124 Spider'),
(330, 'Allison', 759, '10:45:04', '16:41:07', 'Cadillac ATS'),
(331, 'Bridget', 503, '03:31:52', '09:13:14', 'Lexus GX'),
(332, 'Ava', 10, '04:53:33', '20:08:36', 'Chevrolet Camaro'),
(333, 'Callie', 819, '04:24:03', '14:54:11', 'Maserati GranTurismo'),
(334, 'Dream', 398, '07:28:04', '08:34:08', 'Volkswagen Golf'),
(335, 'Brooklyn', 673, '18:04:27', '04:36:33', 'Lexus LS'),
(336, 'Harper', 182, '01:28:39', '20:13:39', 'GMC Canyon'),
(337, 'Annie', 258, '15:44:18', '17:37:48', 'Fiat 124 Spider'),
(338, 'Dominique', 293, '03:39:01', '21:43:19', 'Mitsubishi Outlander'),
(339, 'Caylee', 82, '06:50:38', '00:33:28', 'Mazda CX-5'),
(340, 'Blake', 189, '02:34:49', '13:36:28', 'Mazda CX-5'),
(341, 'Aubrey', 918, '02:30:09', '05:28:59', 'Ferrari Portofino'),
(342, 'Callie', 5, '05:56:35', '08:55:56', 'Audi A7'),
(343, 'Carly', 814, '14:44:44', '04:16:52', 'Lamborghini Urus'),
(344, 'Azalea', 22, '20:22:57', '05:36:44', 'Lamborghini Huracan'),
(345, 'Luna', 548, '07:38:58', '04:29:09', 'Land Rover Range Rov'),
(346, 'Diane', 68, '08:34:17', '22:45:25', 'Mazda CX-9'),
(347, 'Dulce', 493, '02:16:29', '15:16:50', 'Nissan Altima'),
(348, 'Corinne', 868, '22:14:57', '01:12:22', 'Maserati GranTurismo'),
(349, 'Deanna', 639, '00:22:08', '19:20:03', 'Mini Countryman'),
(350, 'Brooke', 862, '14:36:03', '15:16:12', 'Volvo XC90'),
(351, 'Brylee', 992, '03:18:29', '04:21:13', 'Maserati Quattroport'),
(352, 'Aubree', 716, '03:53:24', '09:34:00', 'Mini Countryman'),
(353, 'Davina', 209, '17:10:08', '16:07:06', 'Chevrolet Impala'),
(354, 'Cheyenne', 705, '18:41:37', '19:21:07', 'Cadillac ATS'),
(355, 'Alivia', 54, '12:16:00', '00:04:18', 'Maserati Quattroport'),
(356, 'Penelope', 991, '04:45:27', '23:42:07', 'Land Rover Range Rov'),
(357, 'Zoey', 541, '11:45:00', '09:18:38', 'Bugatti Chiron'),
(358, 'Collins', 128, '10:01:09', '01:14:14', 'Nissan Leaf'),
(359, 'Celeste', 49, '09:50:49', '15:31:07', 'Mitsubishi Outlander'),
(360, 'Arianna', 189, '17:36:25', '05:22:03', 'Lexus ES'),
(361, 'Caylee', 791, '19:55:31', '04:16:52', 'Jeep Wrangler'),
(362, 'Dorothy', 860, '01:36:41', '07:56:42', 'Lotus Elise'),
(363, 'Audrina', 964, '16:05:12', '23:35:43', 'Bugatti Chiron'),
(364, 'Chloe', 530, '18:52:48', '19:45:28', 'Volvo XC90'),
(365, 'Angelica', 365, '13:58:43', '21:34:03', 'Mini Clubman'),
(366, 'Bentley', 856, '13:25:05', '05:30:40', 'Lexus LS'),
(367, 'Aaliyah', 405, '17:57:26', '14:06:13', 'Ferrari 812 Superfas'),
(368, 'Charley', 616, '01:43:15', '20:47:13', 'Audi RS7'),
(369, 'Amelia', 883, '14:42:36', '04:57:58', 'Cadillac ATS'),
(370, 'Dakota', 406, '17:10:35', '23:30:43', 'Mini Cooper'),
(371, 'Colette', 164, '06:38:18', '09:06:18', 'Maserati Quattroport'),
(372, 'Deborah', 609, '19:22:34', '05:03:18', 'Land Rover Defender'),
(373, 'Aaliyah', 536, '10:31:16', '13:06:14', 'McLaren 570S'),
(374, 'Olivia', 82, '12:15:16', '05:28:59', 'Mazda CX-9'),
(375, 'Brittany', 386, '13:19:10', '02:40:48', 'Porsche 911'),
(376, 'Elizabeth', 785, '18:17:19', '20:56:25', 'Mini Clubman'),
(377, 'Cindy', 371, '03:26:57', '23:51:19', 'BMW M4'),
(378, 'Danielle', 206, '01:46:16', '05:56:35', 'GMC Canyon'),
(379, 'Corinne', 749, '06:40:41', '01:31:51', 'Genesis G80'),
(380, 'Eleanor', 122, '17:06:47', '07:29:10', 'Fiat 500'),
(381, 'Cadence', 32, '07:15:21', '07:02:47', 'Kia Forte'),
(382, 'Abigail', 33, '03:16:06', '09:10:49', 'McLaren 570S'),
(383, 'Daphne', 407, '00:03:54', '07:58:53', 'GMC Sierra'),
(384, 'Carla', 548, '15:15:20', '08:25:44', 'Dodge Journey'),
(385, 'Aurora', 493, '21:20:40', '13:00:59', 'Chrysler 200'),
(386, 'Adeline', 820, '14:05:54', '07:43:35', 'Lamborghini Huracan'),
(387, 'Casey', 835, '12:09:46', '05:14:13', 'Volvo XC90'),
(388, 'Charmaine', 978, '14:33:00', '00:10:41', 'Lexus LS'),
(389, 'Catherine', 733, '23:04:19', '12:14:42', 'Ferrari 812 Superfas'),
(390, 'Angela', 89, '03:31:52', '05:28:59', 'Rolls-Royce Ghost'),
(391, 'Ariel', 101, '14:18:00', '04:46:45', 'Mazda CX-9'),
(392, 'Dior', 644, '06:05:03', '13:49:39', 'Cadillac Escalade'),
(393, 'Anne', 979, '00:20:41', '14:22:51', 'Ferrari 488 GTB'),
(394, 'Casey', 675, '23:52:33', '15:41:40', 'Buick Enclave'),
(395, 'Daniella', 517, '21:57:22', '14:12:40', 'Jeep Grand Cherokee'),
(396, 'Cecilia', 390, '02:11:11', '20:26:13', 'Hyundai Accent'),
(397, 'Adalynn', 780, '21:20:40', '21:39:18', 'Rolls-Royce Phantom'),
(398, 'Brittany', 940, '22:47:40', '06:38:18', 'Porsche 911'),
(399, 'Clara', 84, '04:18:43', '21:37:10', 'Kia Forte'),
(400, 'Riley', 473, '04:17:26', '12:02:47', 'Aston Martin Vantage'),
(401, 'Charley', 960, '05:29:54', '17:47:25', 'Cadillac ATS'),
(402, 'Aubree', 406, '13:27:30', '23:35:25', 'Alfa Romeo Stelvio'),
(403, 'Bonnie', 989, '05:00:18', '09:15:58', 'Volkswagen Golf'),
(404, 'August', 48, '12:21:22', '15:33:13', 'Porsche Cayenne'),
(405, 'Aurora', 380, '01:35:18', '17:49:02', 'Aston Martin Rapide'),
(406, 'Dream', 829, '18:17:37', '23:21:12', 'Kia Forte'),
(407, 'Chloe', 436, '10:11:13', '13:02:50', 'Honda Civic'),
(408, 'Catalina', 193, '13:27:30', '07:31:34', 'Cadillac Escalade'),
(409, 'Evelyn', 134, '16:02:50', '04:13:39', 'Mercedes-Benz S-Clas'),
(410, 'Alexandra', 487, '23:18:23', '12:39:08', 'Fiat 500X'),
(411, 'August', 235, '09:06:44', '18:17:19', 'Lamborghini Aventado'),
(412, 'Chloe', 517, '18:49:19', '09:19:54', 'Aston Martin DBS Sup'),
(413, 'Alexis', 573, '02:16:26', '04:25:04', 'Mazda MX-5 Miata'),
(414, 'Annalise', 91, '06:29:23', '23:31:33', 'Maserati GranTurismo'),
(415, 'Claudia', 349, '01:14:14', '03:23:42', 'Chevrolet Camaro'),
(416, 'Aubrey', 409, '01:22:21', '15:19:37', 'Chrysler Pacifica'),
(417, 'Brylee', 532, '01:58:07', '23:29:13', 'Maserati Quattroport'),
(418, 'Corinne', 44, '21:52:13', '05:24:01', 'Mini Countryman'),
(419, 'Clementine', 634, '08:53:03', '21:34:03', 'Dodge Challenger'),
(420, 'Allison', 539, '04:54:50', '04:21:13', 'Genesis G90'),
(421, 'Dayana', 201, '07:28:04', '12:40:32', 'Kia Optima'),
(422, 'Annie', 516, '02:53:59', '00:14:46', 'Toyota Camry'),
(423, 'Annalise', 898, '10:01:09', '07:37:51', 'Audi A7'),
(424, 'Cecilia', 359, '00:43:19', '03:25:41', 'Bentley Continental '),
(425, 'Bridget', 900, '14:09:38', '18:04:27', 'Fiat 124 Spider'),
(426, 'Audra', 608, '13:53:48', '12:33:03', 'Rolls-Royce Phantom'),
(427, 'Cecilia', 13, '12:39:58', '07:28:04', 'Lincoln Continental'),
(428, 'Dior', 142, '17:10:08', '14:33:41', 'Tesla Model X'),
(429, 'Adalynn', 45, '01:21:38', '20:39:46', 'Nissan Altima'),
(430, 'Delilah', 128, '20:24:15', '01:15:47', 'Audi A7'),
(431, 'Casey', 622, '12:59:16', '05:24:01', 'Honda Clarity'),
(432, 'Aviana', 757, '22:55:44', '00:20:41', 'Alfa Romeo 4C'),
(433, 'Carissa', 926, '05:57:34', '12:19:32', 'Dodge Challenger'),
(434, 'Alexandra', 191, '22:33:59', '11:17:01', 'Lotus Elise'),
(435, 'Bridget', 568, '03:28:18', '14:05:54', 'Alfa Romeo Stelvio'),
(436, 'Danika', 146, '23:18:35', '19:39:26', 'Mazda CX-5'),
(437, 'Diane', 686, '16:14:23', '03:28:18', 'Kia Stinger'),
(438, 'Alexandra', 751, '03:26:57', '19:20:03', 'BMW X7'),
(439, 'Cali', 553, '08:36:05', '04:18:29', 'McLaren 675LT'),
(440, 'Annie', 838, '16:05:13', '14:44:03', 'Porsche Cayenne'),
(441, 'Alexandria', 388, '22:43:22', '23:57:09', 'Fiat 500'),
(442, 'Christine', 558, '15:16:50', '05:56:35', 'Land Rover Defender'),
(443, 'Bristol', 645, '06:28:08', '01:18:52', 'Mercedes-Benz AMG GT'),
(444, 'Azalea', 748, '07:15:21', '23:40:39', 'Chrysler 200'),
(445, 'Davina', 487, '14:32:53', '23:19:19', 'Aston Martin Rapide'),
(446, 'Alondra', 375, '10:58:07', '00:17:26', 'Hyundai Accent'),
(447, 'Cassandra', 525, '12:02:47', '19:18:48', 'Buick Enclave'),
(448, 'Ava', 328, '18:18:01', '12:59:16', 'Mazda MX-5 Miata'),
(449, 'Angel', 677, '23:10:17', '21:52:13', 'Lexus LS'),
(450, 'Charley', 256, '10:42:26', '03:07:21', 'BMW M4'),
(451, 'Braelynn', 765, '04:17:42', '09:55:13', 'Aston Martin Vantage'),
(452, 'Chloe', 549, '19:55:31', '08:26:52', 'Maserati Quattroport'),
(453, 'Danika', 643, '12:16:00', '09:10:42', 'Porsche 911'),
(454, 'Cecilia', 521, '05:00:14', '14:10:49', 'GMC Yukon'),
(455, 'Carly', 138, '04:41:02', '18:41:37', 'Fiat 500'),
(456, 'Camila', 896, '14:44:03', '19:29:15', 'Mini Cooper'),
(457, 'Aviana', 82, '17:03:35', '22:59:14', 'Hyundai Sonata'),
(458, 'Angel', 684, '01:40:30', '07:42:56', 'Lexus LS'),
(459, 'Athena', 653, '01:05:31', '12:09:46', 'Lexus LS'),
(460, 'Danielle', 217, '20:56:25', '06:23:51', 'Maserati Levante'),
(461, 'Aviana', 475, '17:46:44', '13:38:28', 'Volkswagen Jetta'),
(462, 'Chloe', 349, '11:05:52', '23:33:40', 'Bentley Mulsanne'),
(463, 'Layla', 128, '17:30:20', '14:16:41', 'Cadillac ATS'),
(464, 'Cecilia', 356, '05:28:59', '17:57:13', 'Rolls-Royce Phantom'),
(465, 'Chloe', 979, '03:07:21', '02:38:00', 'GMC Sierra'),
(466, 'Adrianna', 496, '04:07:38', '22:06:09', 'Ford EcoSport'),
(467, 'Charmaine', 417, '06:38:41', '22:29:38', 'Kia Forte'),
(468, 'Aubrey', 185, '15:41:40', '12:52:51', 'Jeep Cherokee'),
(469, 'Adalynn', 352, '03:28:18', '17:36:08', 'Mercedes-Benz AMG GT'),
(470, 'Aviana', 46, '10:43:51', '04:29:19', 'Buick Cascada'),
(471, 'Clarissa', 569, '10:22:41', '07:29:33', 'Infiniti QX50'),
(472, 'Danna', 449, '01:58:07', '16:33:39', 'Kia Stinger'),
(473, 'Deborah', 115, '18:17:37', '19:08:06', 'Mitsubishi Lancer Ev'),
(474, 'Callie', 55, '14:33:41', '06:43:13', 'Jeep Grand Cherokee'),
(475, 'Aliyah', 589, '07:19:06', '04:24:50', 'Chrysler Pacifica'),
(476, 'Ella', 651, '14:49:46', '16:50:16', 'Land Rover Range Rov'),
(477, 'Brinley', 884, '09:55:13', '20:40:52', 'Lincoln Navigator'),
(478, 'Cora', 578, '14:41:24', '23:07:43', 'Cadillac Escalade'),
(479, 'Danika', 379, '05:29:54', '11:05:52', 'Dodge Charger'),
(480, 'Brynlee', 516, '13:30:27', '15:44:18', 'Bentley Mulsanne'),
(481, 'Chelsea', 750, '12:02:47', '20:32:19', 'Mini Countryman'),
(482, 'Clementine', 464, '01:05:31', '04:55:29', 'Mini Clubman'),
(483, 'Charmaine', 315, '06:28:08', '08:43:23', 'Jeep Cherokee'),
(484, 'Clementine', 579, '18:28:13', '14:49:46', 'Chevrolet Camaro'),
(485, 'Grace', 649, '03:29:48', '18:46:49', 'Aston Martin Rapide'),
(486, 'Harper', 218, '21:19:12', '21:59:21', 'Mitsubishi Mirage'),
(487, 'Chanel', 772, '04:37:45', '05:00:18', 'Infiniti QX50'),
(488, 'Dorothy', 95, '14:09:58', '17:10:35', 'GMC Yukon'),
(489, 'Cara', 683, '04:54:50', '21:57:36', 'Mitsubishi Lancer Ev'),
(490, 'Avery', 783, '14:10:33', '13:18:51', 'Toyota Supra'),
(491, 'Ava', 486, '00:03:02', '04:24:03', 'Tesla Model S'),
(492, 'Bailey', 82, '16:50:30', '14:00:28', 'Alfa Romeo 4C'),
(493, 'Eleanor', 161, '07:29:10', '11:37:37', 'Subaru WRX STI'),
(494, 'Dayana', 488, '12:39:35', '09:18:38', 'Hyundai Sonata'),
(495, 'Amanda', 174, '13:49:39', '22:42:27', 'Lamborghini Aventado'),
(496, 'Ariana', 26, '04:17:53', '16:36:53', 'Jeep Grand Cherokee'),
(497, 'Camila', 96, '04:40:48', '20:48:28', 'Subaru Outback'),
(498, 'Brielle', 996, '14:35:24', '01:18:26', 'Bugatti Veyron'),
(499, 'Alexia', 865, '14:17:39', '11:54:00', 'Nissan Altima'),
(500, 'Clementine', 338, '06:29:11', '09:19:54', 'Fiat 500X'),
(501, 'Dixie', 166, '21:39:59', '11:42:41', 'Jeep Grand Cherokee'),
(502, 'Alexis', 340, '09:06:18', '17:43:30', 'Subaru Outback'),
(503, 'Nora', 808, '05:45:19', '13:12:30', 'Mercedes-Benz E-Clas'),
(504, 'Cheyenne', 102, '23:35:43', '12:52:51', 'Mazda CX-5'),
(505, 'Aliyah', 873, '14:27:51', '13:16:41', 'Jaguar F-Type'),
(506, 'Adalynn', 870, '10:02:33', '14:10:33', 'Land Rover Range Rov'),
(507, 'Cora', 723, '09:01:42', '14:09:38', 'Lexus ES'),
(508, 'Alexis', 763, '04:09:50', '18:17:03', 'Lamborghini Urus'),
(509, 'Candace', 796, '01:12:22', '23:31:33', 'Kia Stinger'),
(510, 'Aubree', 664, '00:17:21', '20:40:47', 'Acura NSX'),
(511, 'Carina', 298, '13:59:00', '23:44:13', 'Chevrolet Impala'),
(512, 'Bonnie', 290, '07:54:48', '05:00:14', 'Rolls-Royce Ghost'),
(513, 'Dulce', 310, '07:13:34', '09:22:41', 'Genesis G90'),
(514, 'Brinley', 153, '19:35:16', '18:46:08', 'Land Rover Range Rov'),
(515, 'Carly', 512, '02:06:35', '16:44:58', 'Acura TLX'),
(516, 'Autumn', 967, '01:39:24', '05:57:12', 'Kia Optima'),
(517, 'Emily', 676, '10:43:51', '03:15:41', 'GMC Sierra'),
(518, 'Chloe', 295, '05:50:52', '04:21:17', 'Lamborghini Urus'),
(519, 'Clara', 565, '17:43:30', '08:38:48', 'Lincoln Navigator'),
(520, 'Aubrie', 863, '16:50:16', '22:13:24', 'Hyundai Sonata'),
(521, 'Aurora', 714, '00:10:01', '05:05:01', 'Lincoln Continental'),
(522, 'Cassandra', 255, '22:03:30', '05:36:01', 'Hyundai Elantra'),
(523, 'Brittany', 234, '19:24:50', '14:33:41', 'Jeep Grand Cherokee'),
(524, 'Luna', 159, '09:24:45', '03:23:54', 'Jaguar XF'),
(525, 'Ariel', 571, '03:23:42', '00:59:16', 'Chrysler 300'),
(526, 'Bella', 334, '13:25:00', '20:56:25', 'Jaguar XE'),
(527, 'Aviana', 345, '11:15:24', '22:06:09', 'Porsche Cayenne'),
(528, 'Allison', 403, '21:57:36', '00:03:46', 'McLaren 675LT'),
(529, 'Eleanor', 18, '03:30:31', '15:06:56', 'Mazda MX-5 Miata'),
(530, 'Diana', 598, '05:20:15', '09:11:44', 'Mitsubishi Mirage'),
(531, 'Addison', 359, '07:31:34', '13:38:17', 'Land Rover Defender'),
(532, 'Cecilia', 209, '11:00:28', '06:44:10', 'Dodge Journey'),
(533, 'Avaeh', 517, '16:15:26', '15:05:11', 'Subaru WRX STI'),
(534, 'Arianna', 316, '10:31:42', '10:33:00', 'Lexus GX'),
(535, 'Caitlin', 80, '16:32:38', '14:21:03', 'Mazda CX-5'),
(536, 'Allison', 96, '14:32:46', '00:15:01', 'Honda Civic'),
(537, 'Chanel', 779, '09:37:40', '19:45:08', 'Aston Martin DBS Sup'),
(538, 'Adeline', 256, '08:37:45', '07:28:04', 'Cadillac CTS-V'),
(539, 'Andrea', 418, '01:21:38', '22:55:44', 'Cadillac ATS'),
(540, 'Layla', 895, '18:46:08', '13:19:14', 'Chrysler Pacifica'),
(541, 'Diana', 596, '11:03:46', '09:11:09', 'Land Rover Range Rov'),
(542, 'Charlie', 723, '01:40:30', '00:03:46', 'Audi RS7'),
(543, 'Dulce', 554, '06:29:11', '12:50:11', 'Honda Clarity'),
(544, 'Charley', 999, '16:49:52', '03:31:00', 'Lotus Elise'),
(545, 'Audra', 679, '03:29:48', '22:54:22', 'Buick Enclave'),
(546, 'Corinne', 55, '18:05:56', '21:47:38', 'Jaguar XF'),
(547, 'Audrina', 404, '05:22:03', '03:12:47', 'Mercedes-Benz E-Clas'),
(548, 'Christine', 785, '05:00:14', '16:04:48', 'Cadillac Escalade'),
(549, 'Cara', 273, '04:07:22', '03:34:45', 'Acura NSX'),
(550, 'Bristol', 278, '03:04:20', '00:09:07', 'Chrysler Pacifica'),
(551, 'Chelsea', 210, '05:37:31', '13:30:27', 'Lexus LS'),
(552, 'Camila', 476, '18:00:34', '21:42:53', 'Genesis G80'),
(553, 'Abigail', 384, '10:47:55', '22:45:25', 'Genesis G90'),
(554, 'Athena', 957, '19:19:40', '18:32:31', 'Maserati Quattroport'),
(555, 'Daniella', 220, '15:39:00', '07:42:56', 'Infiniti Q50'),
(556, 'Daphne', 13, '21:22:04', '19:53:43', 'Toyota Camry'),
(557, 'Luna', 987, '22:45:25', '09:13:14', 'Nissan GT-R'),
(558, 'Denise', 119, '05:36:01', '19:42:43', 'Mini Countryman'),
(559, 'Riley', 454, '21:26:42', '13:13:04', 'Lexus LS'),
(560, 'Bonnie', 556, '04:55:29', '09:01:42', 'Land Rover Range Rov'),
(561, 'Colette', 982, '00:35:52', '22:18:59', 'Kia Optima'),
(562, 'Dayana', 138, '08:21:14', '21:19:12', 'Chrysler Pacifica'),
(563, 'Annie', 551, '05:20:15', '17:51:01', 'Mazda MX-5 Miata'),
(564, 'Autumn', 778, '13:13:04', '22:59:04', 'Mitsubishi Outlander'),
(565, 'Brittany', 666, '13:51:03', '12:11:38', 'Kia Stinger'),
(566, 'Annabelle', 327, '10:56:01', '19:53:02', 'Land Rover Defender'),
(567, 'Carina', 217, '15:44:18', '05:03:42', 'Mazda CX-5'),
(568, 'Bella', 392, '13:18:51', '06:58:55', 'Lincoln Continental'),
(569, 'Alexia', 455, '20:46:50', '10:22:41', 'Honda Accord'),
(570, 'Corinne', 372, '01:55:31', '04:45:27', 'Chrysler Pacifica'),
(571, 'Charmaine', 295, '13:06:19', '14:23:28', 'Tesla Model X'),
(572, 'Aurora', 548, '18:17:39', '22:59:14', 'Ford Mustang'),
(573, 'Adalynn', 841, '12:44:50', '04:16:52', 'Cadillac ATS'),
(574, 'Delaney', 446, '15:02:02', '14:32:53', 'Maserati GranTurismo'),
(575, 'Annalise', 25, '16:48:35', '23:07:43', 'GMC Sierra'),
(576, 'Darlene', 806, '04:06:52', '02:03:47', 'Porsche 911'),
(577, 'Blake', 157, '13:55:41', '13:19:14', 'Chrysler Pacifica'),
(578, 'Brielle', 458, '00:42:07', '20:51:08', 'Infiniti Q50'),
(579, 'Chloe', 313, '19:08:30', '06:01:14', 'Fiat 500'),
(580, 'Alexis', 163, '16:29:51', '02:17:16', 'Tesla Model S'),
(581, 'Blakely', 268, '17:57:26', '05:24:32', 'Land Rover Defender'),
(582, 'Brylee', 998, '03:35:40', '05:03:18', 'Chevrolet Camaro'),
(583, 'Angela', 254, '16:36:53', '15:35:49', 'Mitsubishi Outlander'),
(584, 'Cecilia', 335, '13:36:49', '23:04:42', 'Jeep Cherokee'),
(585, 'Cara', 691, '04:29:09', '14:22:51', 'Lamborghini Urus'),
(586, 'Donna', 768, '01:01:34', '13:58:43', 'Mini Countryman'),
(587, 'Bentley', 810, '15:53:09', '01:15:47', 'Porsche 911'),
(588, 'Colette', 361, '00:37:47', '18:18:13', 'Mitsubishi Outlander'),
(589, 'Braelynn', 393, '17:03:35', '17:37:48', 'Aston Martin Vantage'),
(590, 'Brianna', 411, '04:39:24', '04:21:13', 'Maserati Quattroport'),
(591, 'Dulce', 146, '06:24:10', '14:00:28', 'Bentley Bentayga'),
(592, 'Annalise', 614, '07:31:33', '12:50:14', 'Porsche Cayenne'),
(593, 'Aniyah', 276, '06:33:20', '20:24:35', 'Mitsubishi Outlander'),
(594, 'Daphne', 259, '17:37:48', '11:42:01', 'Ferrari 488 GTB'),
(595, 'Cora', 564, '15:16:12', '16:04:48', 'Mazda CX-5'),
(596, 'Harper', 266, '19:31:59', '14:32:53', 'Cadillac CTS-V'),
(597, 'Audra', 543, '02:44:50', '13:32:43', 'GMC Canyon'),
(598, 'Danielle', 457, '13:53:22', '18:39:47', 'Porsche Panamera'),
(599, 'Carmen', 252, '04:39:24', '23:37:41', 'Porsche Cayenne'),
(600, 'Camille', 574, '16:48:21', '14:05:54', 'Audi RS7'),
(601, 'Celeste', 688, '12:25:21', '00:42:46', 'Honda Civic'),
(602, 'Belle', 463, '20:48:28', '00:42:21', 'Lamborghini Huracan'),
(603, 'Athena', 139, '20:52:29', '09:13:14', 'BMW X7'),
(604, 'Amara', 387, '03:43:56', '23:40:39', 'Nissan Altima'),
(605, 'Dana', 64, '16:50:46', '07:32:25', 'Dodge Challenger'),
(606, 'Amelia', 696, '19:08:06', '05:36:44', 'Lincoln MKC'),
(607, 'Scarlett', 501, '23:29:13', '09:36:28', 'Volvo S90'),
(608, 'Audrina', 791, '09:12:20', '10:00:20', 'Audi A7'),
(609, 'Corinne', 14, '02:46:04', '21:38:51', 'Mini Clubman'),
(610, 'Cadence', 519, '13:53:48', '20:41:29', 'McLaren 675LT'),
(611, 'Bridget', 141, '14:12:40', '11:53:56', 'Lincoln MKC'),
(612, 'Davina', 357, '23:31:33', '14:00:28', 'Chevrolet Corvette'),
(613, 'August', 331, '21:02:26', '18:04:27', 'Ford F-150'),
(614, 'Bianca', 5, '10:26:53', '11:05:52', 'Bentley Mulsanne'),
(615, 'Arianna', 566, '14:44:44', '05:17:54', 'Mercedes-Benz AMG GT'),
(616, 'Athena', 695, '16:14:23', '22:27:57', 'Mini Cooper'),
(617, 'Annie', 657, '10:28:04', '07:11:53', 'Honda Clarity'),
(618, 'Dior', 893, '15:02:02', '02:19:56', 'Buick Cascada'),
(619, 'Addison', 264, '15:17:06', '15:23:10', 'Hyundai Elantra'),
(620, 'Carina', 710, '14:49:46', '13:16:41', 'Lotus Evora'),
(621, 'Dior', 375, '21:22:04', '23:07:43', 'Aston Martin Vantage'),
(622, 'Dolly', 65, '13:38:17', '04:06:46', 'Rolls-Royce Phantom'),
(623, 'Celia', 29, '02:24:34', '05:00:04', 'Bugatti Veyron'),
(624, 'Victoria', 277, '11:46:16', '06:09:25', 'Genesis G90'),
(625, 'Abigail', 705, '02:54:05', '06:47:32', 'Volkswagen Jetta'),
(626, 'Charlize', 424, '19:53:02', '07:56:42', 'Bentley Mulsanne'),
(627, 'Daisy', 600, '15:05:11', '08:54:34', 'Mini Clubman'),
(628, 'Cara', 789, '07:01:16', '12:57:52', 'Ford Mustang'),
(629, 'Carol', 790, '22:31:12', '14:18:30', 'Maserati Levante'),
(630, 'Dream', 844, '03:58:45', '16:28:13', 'Chrysler Pacifica'),
(631, 'Carolyn', 712, '01:51:16', '19:20:03', 'Fiat 500'),
(632, 'Bridget', 315, '05:12:01', '21:36:27', 'Aston Martin DBS Sup'),
(633, 'Dominique', 554, '12:02:47', '19:39:26', 'Jaguar F-Type'),
(634, 'Cecilia', 636, '03:06:35', '02:14:14', 'Fiat 500'),
(635, 'Dominique', 553, '03:43:20', '09:50:49', 'Jaguar XE'),
(636, 'Arianna', 788, '14:36:03', '04:21:17', 'Cadillac ATS'),
(637, 'Charleigh', 187, '16:04:48', '07:43:35', 'Chrysler Pacifica'),
(638, 'Evelyn', 79, '00:03:54', '06:05:03', 'BMW M4'),
(639, 'Isabella', 461, '07:02:47', '14:39:53', 'Fiat 500'),
(640, 'Angel', 2, '21:02:44', '07:58:53', 'Acura RLX'),
(641, 'Claudia', 282, '12:28:10', '04:45:27', 'Lotus Evora'),
(642, 'Callie', 578, '04:25:04', '19:29:12', 'Infiniti QX80'),
(643, 'Grace', 666, '13:25:05', '02:05:58', 'Bentley Bentayga'),
(644, 'Braelynn', 932, '09:55:13', '19:08:30', 'Lotus Exige'),
(645, 'Crystal', 338, '12:06:34', '08:45:21', 'Jaguar XE'),
(646, 'Donna', 305, '09:01:51', '09:06:44', 'Aston Martin Vantage'),
(647, 'Dayana', 65, '07:37:16', '20:58:55', 'Mitsubishi Outlander'),
(648, 'Cara', 40, '16:07:06', '05:57:34', 'Chrysler Pacifica'),
(649, 'Danika', 358, '23:29:45', '18:05:13', 'Fiat 500X'),
(650, 'Davina', 310, '05:45:19', '10:00:20', 'Porsche Cayenne'),
(651, 'Carissa', 471, '16:50:30', '08:37:45', 'Chrysler Pacifica'),
(652, 'Ella', 144, '17:07:32', '02:01:43', 'Infiniti QX50'),
(653, 'Christine', 138, '02:15:48', '17:32:37', 'Chrysler 200'),
(654, 'Bridget', 748, '13:22:41', '18:17:03', 'Buick Enclave'),
(655, 'Amanda', 166, '13:36:28', '23:18:29', 'Mazda CX-5'),
(656, 'Dream', 196, '18:46:49', '02:24:29', 'Mercedes-Benz AMG GT'),
(657, 'Clementine', 581, '20:22:57', '00:52:56', 'Honda Civic'),
(658, 'Christine', 826, '17:07:19', '15:11:02', 'Genesis G80'),
(659, 'Emma', 125, '08:14:14', '19:09:43', 'Land Rover Range Rov'),
(660, 'Alexia', 736, '03:08:41', '23:38:52', 'Buick Enclave'),
(661, 'Aurora', 439, '17:36:08', '11:32:55', 'Chrysler 200'),
(662, 'Dixie', 445, '21:04:57', '04:24:51', 'Toyota Supra'),
(663, 'Dorothy', 797, '15:17:06', '13:49:39', 'Audi R8'),
(664, 'Deborah', 6, '04:09:16', '04:26:46', 'Hyundai Sonata'),
(665, 'Deborah', 759, '01:12:22', '14:16:35', 'Nissan GT-R'),
(666, 'Athena', 902, '21:38:51', '09:01:51', 'Buick Enclave'),
(667, 'Dream', 313, '22:54:22', '05:57:12', 'McLaren 570S'),
(668, 'Braelynn', 794, '05:01:44', '15:39:52', 'Nissan Leaf'),
(669, 'Ebony', 216, '20:30:20', '09:38:12', 'Audi R8'),
(670, 'Allison', 898, '00:52:56', '03:29:48', 'Mercedes-Benz S-Clas'),
(671, 'Aubrie', 632, '08:02:09', '01:44:34', 'Alfa Romeo Stelvio'),
(672, 'Christina', 194, '11:43:42', '23:51:19', 'Subaru Outback'),
(673, 'Sophia', 199, '17:32:37', '23:33:40', 'Bentley Mulsanne'),
(674, 'Emma', 547, '16:01:11', '18:17:37', 'Aston Martin DBS Sup'),
(675, 'Anne', 952, '12:16:00', '07:19:56', 'Chevrolet Corvette'),
(676, 'Callie', 890, '02:03:47', '00:42:46', 'Acura TLX'),
(677, 'Athena', 640, '16:36:53', '10:17:11', 'Hyundai Accent'),
(678, 'Brylee', 436, '15:25:03', '23:57:09', 'Jeep Wrangler'),
(679, 'Riley', 905, '16:05:12', '05:28:59', 'Bentley Bentayga'),
(680, 'Carmen', 281, '15:06:56', '04:41:02', 'BMW M4'),
(681, 'Dakota', 493, '14:01:10', '11:15:24', 'Dodge Charger'),
(682, 'Belle', 24, '14:41:24', '22:41:09', 'Porsche 911'),
(683, 'Grace', 429, '14:00:28', '02:34:49', 'Volkswagen Golf'),
(684, 'Nova', 190, '20:41:13', '12:40:32', 'Fiat 500'),
(685, 'Mia', 317, '09:55:13', '01:10:16', 'Lamborghini Huracan'),
(686, 'Penelope', 924, '23:51:06', '00:17:26', 'Alfa Romeo Giulia'),
(687, 'Brielle', 482, '17:08:39', '12:09:59', 'BMW 8 Series'),
(688, 'Alexandra', 147, '12:49:27', '18:30:42', 'Bentley Mulsanne'),
(689, 'Autumn', 104, '09:38:12', '13:18:51', 'Dodge Journey'),
(690, 'Brielle', 662, '11:25:11', '07:15:21', 'Genesis G80'),
(691, 'Bridget', 719, '14:46:51', '02:46:04', 'Mini Countryman'),
(692, 'Callie', 501, '14:52:56', '03:28:18', 'Chrysler 200'),
(693, 'Amelia', 690, '21:42:53', '14:10:49', 'Hyundai Elantra'),
(694, 'Aubree', 238, '19:21:52', '03:43:49', 'Cadillac ATS'),
(695, 'Audra', 679, '00:00:09', '18:25:27', 'Rolls-Royce Ghost'),
(696, 'Charlize', 896, '03:26:57', '18:31:19', 'Nissan GT-R'),
(697, 'Christine', 987, '20:26:13', '03:34:45', 'Nissan GT-R'),
(698, 'Destiny', 239, '16:22:04', '21:52:40', 'Fiat 500'),
(699, 'Adalynn', 794, '17:06:47', '05:42:39', 'Cadillac ATS'),
(700, 'Brianna', 932, '23:40:39', '15:11:02', 'Tesla Model X'),
(701, 'Casey', 247, '02:03:47', '08:32:42', 'Ford Mustang'),
(702, 'Caitlin', 11, '14:24:51', '19:14:44', 'Aston Martin DBS Sup'),
(703, 'Alessandra', 431, '02:58:40', '21:19:37', 'Ford F-150'),
(704, 'Destiny', 389, '04:09:50', '10:26:53', 'Mitsubishi Outlander'),
(705, 'Dana', 234, '06:05:03', '05:38:13', 'Fiat 500'),
(706, 'Dulce', 384, '14:32:53', '12:24:59', 'Infiniti QX50'),
(707, 'Celia', 737, '22:41:24', '18:41:37', 'Lexus ES'),
(708, 'Daniella', 132, '03:11:32', '18:35:42', 'Land Rover Range Rov'),
(709, 'Daniela', 137, '04:24:03', '04:07:38', 'McLaren 720S'),
(710, 'Cadence', 904, '09:51:30', '14:01:10', 'Chrysler 300'),
(711, 'Audra', 758, '04:55:29', '23:07:43', 'Lotus Elise'),
(712, 'Anna', 362, '06:24:10', '02:54:05', 'Lexus GX'),
(713, 'Diane', 579, '18:17:39', '13:13:04', 'Chrysler Pacifica'),
(714, 'Aaliyah', 585, '11:45:00', '18:32:33', 'Volkswagen Golf'),
(715, 'Bristol', 5, '16:50:30', '13:00:09', 'Lamborghini Aventado'),
(716, 'Bentley', 835, '19:22:34', '10:35:54', 'Subaru WRX STI'),
(717, 'Ariana', 631, '09:15:58', '19:08:06', 'Lamborghini Huracan'),
(718, 'Brylee', 104, '22:27:57', '13:38:28', 'Chrysler 300'),
(719, 'Diana', 847, '01:51:13', '05:45:19', 'Infiniti QX80'),
(720, 'Amara', 496, '13:12:30', '10:35:54', 'Lamborghini Huracan'),
(721, 'Victoria', 625, '13:33:54', '22:45:13', 'Ford F-150'),
(722, 'Aaliyah', 903, '06:40:41', '15:35:49', 'Audi RS7'),
(723, 'Delaney', 74, '00:20:43', '16:50:30', 'Volvo S90'),
(724, 'Bailey', 471, '03:31:52', '04:09:16', 'Buick Cascada'),
(725, 'Clementine', 404, '10:26:04', '06:06:48', 'Lamborghini Huracan'),
(726, 'Daniella', 609, '02:31:55', '13:25:13', 'Lotus Elise'),
(727, 'Chanel', 996, '07:34:41', '18:32:33', 'Cadillac ATS'),
(728, 'Dominique', 856, '23:33:40', '08:34:08', 'GMC Sierra'),
(729, 'Audrina', 483, '04:42:08', '22:55:44', 'Lexus GX'),
(730, 'Alexia', 31, '19:31:59', '11:35:23', 'Buick Enclave'),
(731, 'Carla', 741, '12:46:02', '04:10:09', 'McLaren 675LT'),
(732, 'Grace', 437, '11:25:11', '23:35:43', 'Mini Clubman'),
(733, 'Autumn', 284, '21:43:19', '16:05:13', 'Lexus LS'),
(734, 'Bonnie', 289, '05:05:01', '16:53:18', 'Fiat 500'),
(735, 'Delilah', 258, '10:00:20', '04:27:03', 'Kia Forte'),
(736, 'Charlize', 762, '11:30:55', '18:32:31', 'Buick Enclave'),
(737, 'Harper', 46, '21:19:12', '01:44:34', 'Porsche Panamera'),
(738, 'Emily', 484, '17:20:00', '19:08:06', 'Genesis G70'),
(739, 'Brynlee', 21, '00:09:07', '22:41:09', 'Kia Forte'),
(740, 'Clementine', 371, '08:25:44', '13:00:09', 'Lexus ES'),
(741, 'Amanda', 156, '19:29:12', '15:31:47', 'Mazda CX-9'),
(742, 'Brittany', 259, '10:56:01', '10:01:09', 'Lamborghini Urus'),
(743, 'Adrianna', 966, '15:31:07', '18:05:13', 'Mercedes-Benz E-Clas'),
(744, 'Alexia', 395, '07:54:48', '10:28:04', 'Volkswagen Jetta'),
(745, 'Charlie', 539, '09:10:49', '04:57:58', 'Mitsubishi Outlander'),
(746, 'Angela', 544, '00:03:01', '17:36:08', 'Ford F-150'),
(747, 'Hazel', 727, '23:07:43', '12:21:22', 'Bugatti Chiron'),
(748, 'Delaney', 323, '19:35:16', '10:16:14', 'Ford F-150'),
(749, 'Aubrie', 843, '14:41:49', '06:24:10', 'Lincoln Continental'),
(750, 'Catalina', 470, '04:21:25', '22:35:20', 'Bugatti Veyron'),
(751, 'Ebony', 424, '21:08:03', '08:54:34', 'Nissan Altima'),
(752, 'Amy', 298, '01:33:36', '21:43:19', 'Honda Clarity'),
(753, 'Destiny', 358, '20:51:11', '20:08:01', 'Aston Martin Vantage'),
(754, 'Charmaine', 967, '14:18:30', '03:39:01', 'Genesis G90'),
(755, 'Carina', 234, '12:24:59', '14:18:30', 'Fiat 124 Spider'),
(756, 'Braelynn', 829, '23:51:41', '10:23:35', 'Land Rover Defender'),
(757, 'Carissa', 246, '11:03:46', '12:16:26', 'Rolls-Royce Ghost'),
(758, 'Alivia', 346, '22:12:03', '10:12:12', 'McLaren 675LT'),
(759, 'Dayana', 32, '11:47:35', '18:30:42', 'Alfa Romeo Stelvio'),
(760, 'Danielle', 168, '05:12:01', '15:32:02', 'BMW M4'),
(761, 'Chanel', 709, '10:58:27', '13:39:51', 'Rolls-Royce Phantom'),
(762, 'Grace', 822, '06:45:56', '06:50:38', 'Jeep Cherokee'),
(763, 'Adeline', 375, '19:07:48', '06:29:23', 'Lamborghini Huracan'),
(764, 'Caitlin', 215, '13:07:51', '04:18:29', 'GMC Canyon'),
(765, 'Collins', 828, '11:05:52', '18:43:19', 'Kia Stinger'),
(766, 'Colette', 128, '23:07:43', '04:10:33', 'Chevrolet Camaro'),
(767, 'Anastasia', 387, '14:23:28', '13:16:29', 'Chevrolet Impala'),
(768, 'Luna', 975, '20:41:29', '23:51:41', 'Mazda CX-5'),
(769, 'Dorothy', 875, '09:15:58', '20:40:52', 'Buick Cascada'),
(770, 'Alivia', 283, '03:12:47', '23:07:43', 'Buick Cascada'),
(771, 'Diane', 794, '17:48:55', '19:21:07', 'Aston Martin DBS Sup'),
(772, 'Ariana', 235, '22:54:22', '11:16:51', 'Mazda CX-9'),
(773, 'Collins', 751, '16:32:38', '13:16:41', 'Ford F-150'),
(774, 'Charlotte', 412, '05:46:19', '01:02:47', 'Hyundai Sonata'),
(775, 'Dream', 85, '03:11:25', '02:28:19', 'Rolls-Royce Ghost'),
(776, 'Alondra', 473, '07:50:54', '20:57:36', 'Rolls-Royce Phantom'),
(777, 'Addison', 158, '13:51:03', '15:16:12', 'Porsche Panamera'),
(778, 'Amanda', 622, '00:14:46', '00:25:43', 'Mazda MX-5 Miata'),
(779, 'Corinne', 407, '18:14:42', '23:29:45', 'Bentley Bentayga'),
(780, 'Denise', 563, '04:53:33', '13:59:00', 'Lotus Elise'),
(781, 'Charlotte', 903, '08:26:52', '13:49:39', 'Audi A7'),
(782, 'Aurora', 540, '03:58:45', '19:29:12', 'Mercedes-Benz AMG GT'),
(783, 'Christina', 676, '16:59:45', '03:39:01', 'Volvo XC90'),
(784, 'Isabella', 532, '23:05:14', '13:25:00', 'Ferrari Portofino'),
(785, 'Azalea', 348, '01:52:07', '13:39:51', 'Chrysler Pacifica'),
(786, 'Mia', 283, '22:31:12', '13:12:30', 'Fiat 500'),
(787, 'Carina', 630, '11:35:23', '04:42:08', 'Buick Cascada'),
(788, 'Charlee', 649, '04:17:26', '09:22:41', 'Buick Cascada'),
(789, 'Bonnie', 903, '16:44:58', '13:05:04', 'Kia Optima'),
(790, 'Denise', 637, '09:18:38', '18:49:19', 'Volvo S90'),
(791, 'Annabelle', 455, '04:17:42', '08:02:09', 'Cadillac CTS-V'),
(792, 'Camille', 800, '11:01:43', '21:37:25', 'Volvo S90'),
(793, 'Annalise', 868, '22:41:09', '06:21:31', 'Mini Countryman'),
(794, 'Belle', 555, '22:55:44', '05:03:31', 'Nissan GT-R'),
(795, 'Penelope', 924, '23:18:23', '18:26:04', 'Hyundai Elantra'),
(796, 'Aurelia', 612, '04:10:09', '09:06:51', 'Hyundai Accent'),
(797, 'Bailey', 542, '18:17:03', '03:11:25', 'Alfa Romeo Giulia'),
(798, 'Alexandria', 235, '12:11:38', '12:11:38', 'Volkswagen Golf'),
(799, 'Caitlin', 90, '13:36:49', '16:43:42', 'GMC Yukon'),
(800, 'Cassidy', 117, '07:37:16', '11:16:51', 'Dodge Charger'),
(801, 'Belle', 718, '04:29:09', '18:18:13', 'Lamborghini Urus'),
(802, 'Celeste', 395, '00:22:08', '10:01:09', 'Mercedes-Benz S-Clas'),
(803, 'Aurora', 841, '18:05:56', '11:37:37', 'Lamborghini Aventado'),
(804, 'Aria', 88, '04:21:17', '17:12:33', 'Maserati Levante'),
(805, 'Brinley', 717, '16:48:21', '23:51:06', 'Buick Cascada'),
(806, 'Cheyenne', 42, '09:50:49', '04:24:03', 'BMW X7'),
(807, 'Denise', 55, '20:05:49', '22:45:25', 'Porsche 911'),
(808, 'Angela', 813, '15:42:48', '06:50:07', 'Lotus Exige');
INSERT INTO `Train` (`train_id`, `train_name`, `route_id`, `departure_time`, `arrival_time`, `type_train`) VALUES
(809, 'Avery', 752, '23:35:25', '23:29:45', 'Mini Clubman'),
(810, 'Alexia', 48, '07:42:56', '09:11:44', 'Lamborghini Urus'),
(811, 'Aliyah', 455, '12:59:16', '21:19:37', 'Chrysler 200'),
(812, 'Eleanor', 527, '15:39:52', '20:51:08', 'Ferrari 488 GTB'),
(813, 'Annie', 711, '04:29:19', '03:45:16', 'Hyundai Elantra'),
(814, 'Emma', 54, '13:38:17', '14:16:35', 'Buick Enclave'),
(815, 'Dior', 825, '01:51:13', '04:39:24', 'Buick Regal'),
(816, 'Avery', 663, '05:14:13', '02:03:47', 'Jaguar XE'),
(817, 'Emily', 505, '21:26:42', '14:35:24', 'McLaren 570S'),
(818, 'Amara', 522, '19:55:31', '16:49:52', 'Chrysler 200'),
(819, 'Arianna', 546, '14:06:20', '18:48:18', 'Tesla Model X'),
(820, 'Armani', 914, '03:16:06', '20:36:47', 'Audi A7'),
(821, 'Elizabeth', 526, '15:31:07', '05:30:40', 'Jeep Cherokee'),
(822, 'Scarlett', 603, '04:17:53', '13:58:43', 'Mini Countryman'),
(823, 'Dana', 551, '07:15:08', '00:42:07', 'Bentley Mulsanne'),
(824, 'Nova', 430, '23:35:25', '19:35:16', 'Mitsubishi Outlander'),
(825, 'Cara', 270, '23:01:42', '11:53:56', 'Chrysler 200'),
(826, 'Angel', 383, '15:24:52', '19:45:08', 'Jeep Cherokee'),
(827, 'Brinley', 342, '07:21:03', '01:12:22', 'Mazda CX-5'),
(828, 'Caroline', 600, '13:18:51', '09:13:01', 'Kia Stinger'),
(829, 'Bianca', 314, '07:21:03', '05:00:18', 'Land Rover Range Rov'),
(830, 'Penelope', 230, '17:20:00', '19:16:24', 'Lamborghini Aventado'),
(831, 'Aubrie', 749, '15:31:47', '10:43:51', 'Chevrolet Corvette'),
(832, 'Destiny', 995, '22:45:25', '04:45:27', 'Dodge Charger'),
(833, 'Clementine', 851, '10:23:35', '08:37:45', 'Lotus Evora'),
(834, 'Adalynn', 424, '05:41:11', '23:36:04', 'Genesis G80'),
(835, 'Avaeh', 895, '13:00:09', '04:29:09', 'Fiat 124 Spider'),
(836, 'Carissa', 651, '10:24:07', '06:04:56', 'Land Rover Defender'),
(837, 'Elizabeth', 480, '07:28:04', '01:51:13', 'Toyota Camry'),
(838, 'Dayana', 528, '23:51:41', '04:18:43', 'Jeep Grand Cherokee'),
(839, 'Collins', 357, '15:06:56', '02:44:50', 'Mitsubishi Mirage'),
(840, 'Cassandra', 138, '01:11:53', '21:53:23', 'Audi A7'),
(841, 'Angel', 474, '16:58:10', '01:28:39', 'Ferrari 812 Superfas'),
(842, 'Brianna', 180, '12:42:32', '22:42:54', 'Lamborghini Huracan'),
(843, 'Anastasia', 710, '06:01:14', '19:24:50', 'Lexus GX'),
(844, 'Eleanor', 876, '22:47:40', '11:25:56', 'Mini Countryman'),
(845, 'Amy', 730, '09:19:54', '10:35:54', 'Mazda CX-5'),
(846, 'Brittany', 3, '03:09:24', '13:36:49', 'McLaren 570S'),
(847, 'Brielle', 886, '10:01:09', '02:23:36', 'Honda Clarity'),
(848, 'Davina', 260, '01:10:16', '00:37:47', 'Jeep Wrangler'),
(849, 'Cora', 929, '14:32:53', '18:06:26', 'Ford F-150'),
(850, 'Charlie', 672, '13:32:43', '04:16:52', 'McLaren 570S'),
(851, 'Cora', 39, '00:37:47', '07:31:34', 'Tesla Model X'),
(852, 'Angela', 602, '03:11:25', '20:05:49', 'Mazda CX-9'),
(853, 'Christine', 117, '03:43:42', '16:31:29', 'Alfa Romeo Stelvio'),
(854, 'Audrina', 948, '03:31:00', '05:50:52', 'Infiniti QX50'),
(855, 'Addison', 356, '16:10:06', '05:50:52', 'BMW X7'),
(856, 'Colette', 710, '11:25:11', '11:37:02', 'Maserati GranTurismo'),
(857, 'Allison', 581, '13:49:33', '08:56:39', 'Jeep Cherokee'),
(858, 'Casey', 23, '08:32:42', '14:05:54', 'Buick Regal'),
(859, 'Caroline', 881, '02:15:48', '10:31:16', 'Volkswagen Golf'),
(860, 'Emma', 766, '05:28:58', '03:47:52', 'Maserati Levante'),
(861, 'Cassidy', 93, '06:05:52', '04:20:47', 'Chevrolet Impala'),
(862, 'Scarlett', 727, '02:24:29', '06:03:30', 'Ford EcoSport'),
(863, 'Alexis', 726, '05:38:13', '21:00:42', 'Jaguar XF'),
(864, 'Caitlin', 316, '15:11:02', '07:31:12', 'Tesla Model X'),
(865, 'Deanna', 704, '12:16:00', '07:15:38', 'Hyundai Elantra'),
(866, 'Victoria', 20, '00:20:41', '09:13:14', 'Jeep Cherokee'),
(867, 'Adalynn', 188, '22:04:21', '04:24:00', 'Rolls-Royce Ghost'),
(868, 'Amy', 860, '13:00:59', '12:14:42', 'Ferrari Portofino'),
(869, 'Corinne', 55, '07:32:25', '09:09:07', 'Land Rover Range Rov'),
(870, 'Dolly', 924, '06:28:08', '23:18:29', 'Maserati GranTurismo'),
(871, 'Anastasia', 8, '04:16:52', '05:03:30', 'Dodge Journey'),
(872, 'Arya', 395, '05:56:35', '00:14:46', 'Acura RLX'),
(873, 'Denise', 998, '05:24:01', '04:06:46', 'Bugatti Chiron'),
(874, 'August', 750, '15:44:18', '22:18:59', 'Lamborghini Aventado'),
(875, 'Bonnie', 311, '16:34:12', '14:46:51', 'Subaru Outback'),
(876, 'Deborah', 38, '01:18:52', '10:47:55', 'Ford F-150'),
(877, 'Riley', 144, '09:12:20', '23:35:25', 'Kia Stinger'),
(878, 'Chelsea', 342, '17:57:13', '22:42:27', 'Jaguar F-Type'),
(879, 'Camille', 150, '20:40:52', '17:12:33', 'Mini Cooper'),
(880, 'Nora', 113, '04:42:32', '03:05:39', 'Genesis G90'),
(881, 'Dana', 101, '10:24:07', '02:46:04', 'Buick Enclave'),
(882, 'Cassandra', 467, '04:06:47', '21:17:59', 'Land Rover Range Rov'),
(883, 'Chloe', 11, '20:51:08', '22:03:30', 'Kia Stinger'),
(884, 'Autumn', 531, '08:55:56', '20:13:39', 'GMC Yukon'),
(885, 'Corinne', 840, '04:06:53', '16:41:07', 'Fiat 500'),
(886, 'Charlie', 891, '14:39:53', '05:28:59', 'Jeep Cherokee'),
(887, 'Bella', 750, '16:06:03', '11:16:35', 'Nissan Leaf'),
(888, 'Bailey', 212, '19:29:12', '03:04:28', 'Rolls-Royce Phantom'),
(889, 'Adeline', 963, '07:37:51', '06:49:24', 'Dodge Journey'),
(890, 'Catalina', 827, '00:17:21', '23:52:33', 'Land Rover Range Rov'),
(891, 'Amy', 460, '08:53:03', '22:04:21', 'Ferrari Portofino'),
(892, 'Carla', 796, '06:38:18', '07:37:00', 'Ferrari Portofino'),
(893, 'Chelsea', 986, '07:54:48', '01:40:30', 'Kia Forte'),
(894, 'Alondra', 513, '15:56:19', '07:19:06', 'Mini Clubman'),
(895, 'Cindy', 90, '14:01:10', '19:02:04', 'Maserati GranTurismo'),
(896, 'Dana', 838, '02:37:20', '01:33:36', 'Chrysler 300'),
(897, 'Cali', 85, '23:51:06', '14:32:53', 'Volvo S90'),
(898, 'Emily', 702, '02:23:36', '14:18:00', 'Mercedes-Benz AMG GT'),
(899, 'Aviana', 709, '00:33:28', '21:37:25', 'Chrysler 200'),
(900, 'Alexis', 487, '06:20:34', '19:53:43', 'Bugatti Veyron'),
(901, 'Charley', 89, '03:11:16', '23:36:04', 'Audi R8'),
(902, 'Blake', 160, '19:31:59', '01:51:13', 'Lotus Exige'),
(903, 'Dominique', 540, '00:31:36', '02:53:59', 'Chevrolet Corvette'),
(904, 'Daniella', 229, '01:37:45', '23:35:25', 'Lincoln Continental'),
(905, 'Daisy', 48, '23:18:23', '23:46:03', 'Tesla Model S'),
(906, 'Celia', 738, '20:52:01', '10:33:00', 'Rolls-Royce Phantom'),
(907, 'Anne', 557, '10:54:10', '21:43:19', 'Buick Regal'),
(908, 'Ariana', 152, '00:35:52', '11:24:55', 'Aston Martin Rapide'),
(909, 'Adrianna', 789, '08:24:38', '01:37:45', 'Jeep Wrangler'),
(910, 'Aviana', 180, '11:17:01', '21:34:03', 'Genesis G80'),
(911, 'Cindy', 920, '21:53:59', '16:14:23', 'Buick Regal'),
(912, 'Riley', 748, '11:25:56', '14:27:51', 'Honda Civic'),
(913, 'Chloe', 986, '06:09:38', '07:56:42', 'Aston Martin DBS Sup'),
(914, 'Dakota', 965, '23:04:42', '07:25:04', 'Genesis G70'),
(915, 'Charlee', 425, '12:57:52', '15:16:50', 'Volkswagen Golf'),
(916, 'Cassandra', 779, '23:51:06', '13:04:37', 'Acura TLX'),
(917, 'Charley', 481, '13:58:43', '18:12:23', 'Toyota Supra'),
(918, 'Riley', 571, '16:45:42', '16:31:29', 'GMC Canyon'),
(919, 'Ariana', 389, '22:27:57', '19:58:43', 'Dodge Charger'),
(920, 'Ariel', 683, '15:23:10', '01:21:38', 'Maserati Levante'),
(921, 'Nora', 32, '14:24:51', '20:24:15', 'Tesla Model X'),
(922, 'Angela', 684, '20:41:29', '01:18:26', 'Mini Countryman'),
(923, 'Amanda', 445, '15:24:52', '17:38:41', 'BMW X7'),
(924, 'Elizabeth', 319, '21:54:30', '06:38:18', 'Lotus Exige'),
(925, 'Collins', 779, '23:44:13', '21:15:57', 'Lincoln Navigator'),
(926, 'Brittany', 303, '22:12:03', '02:31:55', 'Cadillac ATS'),
(927, 'Charley', 960, '06:01:14', '01:56:31', 'Hyundai Accent'),
(928, 'Catalina', 276, '00:42:07', '04:43:33', 'Lamborghini Aventado'),
(929, 'Crystal', 546, '20:25:29', '16:05:13', 'Honda Civic'),
(930, 'Danika', 478, '03:45:16', '13:25:05', 'Maserati Quattroport'),
(931, 'Charleigh', 739, '13:38:17', '00:17:26', 'Volvo S90'),
(932, 'Desiree', 46, '15:23:10', '08:26:52', 'Audi R8'),
(933, 'Ebony', 894, '20:59:26', '11:24:23', 'Chevrolet Corvette'),
(934, 'Amelia', 139, '02:28:19', '20:46:50', 'Lamborghini Urus'),
(935, 'Brylee', 975, '18:17:19', '10:35:16', 'Genesis G80'),
(936, 'Charlie', 954, '21:03:18', '23:57:09', 'Alfa Romeo Stelvio'),
(937, 'Belle', 113, '05:28:59', '05:30:40', 'Bentley Bentayga'),
(938, 'Charmaine', 861, '22:55:44', '06:38:41', 'Jaguar XE'),
(939, 'Aviana', 795, '12:57:52', '03:09:24', 'Infiniti QX80'),
(940, 'Adeline', 937, '21:14:00', '20:40:47', 'Honda Clarity'),
(941, 'Charmaine', 366, '23:31:33', '13:25:00', 'Honda Civic'),
(942, 'Cadence', 858, '21:15:57', '00:14:46', 'Subaru Outback'),
(943, 'Cadence', 697, '01:25:23', '12:06:34', 'Land Rover Defender'),
(944, 'Brynlee', 201, '03:29:48', '08:38:48', 'Infiniti Q50'),
(945, 'Dulce', 515, '05:29:54', '18:21:08', 'Genesis G90'),
(946, 'Victoria', 914, '22:43:22', '07:37:57', 'Mitsubishi Outlander'),
(947, 'Cindy', 337, '11:53:05', '02:02:49', 'Alfa Romeo Giulia'),
(948, 'Elizabeth', 29, '00:14:46', '19:29:15', 'Infiniti QX80'),
(949, 'Brianna', 867, '13:53:22', '09:09:07', 'Bugatti Veyron'),
(950, 'Ebony', 468, '14:44:44', '10:45:04', 'Volkswagen Golf'),
(951, 'Annabelle', 960, '11:00:28', '10:24:07', 'Lexus LS'),
(952, 'Catherine', 771, '14:33:00', '02:28:19', 'Land Rover Defender'),
(953, 'Brylee', 14, '07:37:51', '01:44:34', 'Lotus Evora'),
(954, 'Brylee', 790, '18:49:19', '18:21:08', 'GMC Canyon'),
(955, 'Charley', 951, '21:53:23', '15:49:28', 'Mazda CX-5'),
(956, 'Angelica', 526, '19:22:34', '18:17:19', 'Toyota Supra'),
(957, 'Charley', 760, '20:32:19', '11:16:51', 'Porsche Cayenne'),
(958, 'Armani', 980, '05:00:18', '19:22:34', 'Bentley Continental '),
(959, 'Alexia', 480, '22:47:40', '08:34:17', 'Volvo XC90'),
(960, 'Armani', 111, '14:16:35', '05:33:24', 'Infiniti QX80'),
(961, 'Denise', 325, '06:47:32', '16:45:42', 'Lotus Exige'),
(962, 'Cecilia', 452, '01:11:53', '02:02:55', 'Acura TLX'),
(963, 'Addison', 842, '15:31:02', '06:53:18', 'Mazda CX-9'),
(964, 'Desiree', 601, '04:13:39', '12:46:02', 'Mitsubishi Outlander'),
(965, 'Aubrey', 909, '04:29:09', '07:37:00', 'Jaguar XF'),
(966, 'Anna', 711, '05:40:44', '21:34:03', 'Buick Enclave'),
(967, 'Dior', 242, '07:21:19', '23:18:23', 'GMC Yukon'),
(968, 'Desiree', 419, '19:14:44', '06:38:18', 'Buick Regal'),
(969, 'Daniella', 99, '00:10:41', '08:32:42', 'Lotus Exige'),
(970, 'Alyssa', 77, '07:38:58', '10:05:12', 'Kia Forte'),
(971, 'Aurelia', 596, '01:13:32', '00:03:02', 'Mitsubishi Mirage'),
(972, 'Penelope', 436, '18:41:37', '11:10:53', 'Toyota Camry'),
(973, 'Avaeh', 161, '18:05:13', '05:40:11', 'Aston Martin DBS Sup'),
(974, 'Adrianna', 653, '19:24:50', '01:11:53', 'Ferrari 488 GTB'),
(975, 'Annabelle', 435, '18:17:03', '23:50:07', 'Maserati Quattroport'),
(976, 'Aniyah', 97, '04:59:26', '23:51:41', 'Fiat 500'),
(977, 'Athena', 892, '13:49:23', '00:59:16', 'McLaren 570S'),
(978, 'Isabella', 566, '00:17:06', '04:10:09', 'Aston Martin Vantage'),
(979, 'Angel', 902, '17:36:34', '01:39:24', 'Lotus Elise'),
(980, 'Dior', 948, '21:57:36', '02:16:26', 'Hyundai Elantra'),
(981, 'Caitlin', 652, '04:59:26', '05:58:58', 'Genesis G80'),
(982, 'Brylee', 924, '00:33:28', '12:16:00', 'Bugatti Veyron'),
(983, 'Carissa', 602, '22:54:22', '17:57:26', 'Subaru WRX STI'),
(984, 'Charlee', 576, '14:06:16', '01:02:47', 'Cadillac ATS'),
(985, 'Cassandra', 767, '03:43:49', '05:12:01', 'Fiat 500'),
(986, 'Cheyenne', 385, '06:22:46', '12:39:08', 'Cadillac ATS'),
(987, 'Corinne', 282, '04:56:14', '11:24:55', 'Mini Clubman'),
(988, 'Daisy', 762, '21:11:07', '22:54:22', 'Chrysler 200'),
(989, 'Alyssa', 812, '12:28:10', '04:24:51', 'Audi RS7'),
(990, 'Denise', 488, '09:06:20', '12:15:16', 'Porsche 911'),
(991, 'Chelsea', 928, '02:31:55', '19:52:34', 'Lotus Elise'),
(992, 'Amara', 311, '14:52:27', '04:40:48', 'Audi RS7'),
(993, 'Addison', 113, '07:37:57', '12:19:32', 'GMC Yukon'),
(994, 'Danna', 931, '20:01:33', '15:02:02', 'Jeep Wrangler'),
(995, 'Adeline', 509, '15:41:18', '18:24:45', 'Alfa Romeo 4C'),
(996, 'Cassandra', 257, '06:05:52', '17:20:00', 'BMW 8 Series'),
(997, 'Aubree', 232, '10:31:42', '00:10:01', 'Lotus Evora'),
(998, 'Brielle', 984, '13:25:00', '03:09:24', 'Chrysler 300'),
(999, 'Alexandra', 225, '19:19:40', '14:09:58', 'BMW X7'),
(888888, 'di2', 333333, '12:30:00', '14:30:00', 'bisness'),
(4444444, 'di', 333333, '12:30:00', '15:30:00', 'normal'),
(4444644, 'di', 333343, '10:30:00', '15:30:00', 'slow'),
(4444744, 'di', 336643, '10:30:00', '11:30:00', 'fast'),
(4444844, 'di', 336743, '10:30:00', '19:30:00', 'slow'),
(12345678, 'jo', 42, '02:40:00', '03:56:00', 'fast');

-- --------------------------------------------------------

--
-- Structure for view `EngineerTrainView`
--
DROP TABLE IF EXISTS `EngineerTrainView`;

CREATE ALGORITHM=UNDEFINED DEFINER=`id20370336_yonaorunov1`@`%` SQL SECURITY DEFINER VIEW `EngineerTrainView`  AS SELECT `Train`.`train_id` AS `train_id`, `Train`.`train_name` AS `train_name`, `engineer`.`ID` AS `engineer_id`, `engineer`.`type` AS `engineer_type` FROM (`Train` join `engineer` on(`engineer`.`type` = 'machines')) ORDER BY rand() ASC ;

-- --------------------------------------------------------

--
-- Structure for view `RouteStationCashierView`
--
DROP TABLE IF EXISTS `RouteStationCashierView`;

CREATE ALGORITHM=UNDEFINED DEFINER=`id20370336_yonaorunov1`@`%` SQL SECURITY DEFINER VIEW `RouteStationCashierView`  AS SELECT `Route`.`route_id` AS `route_id`, `Route`.`origin_station_id` AS `origin_station_id`, `Route`.`destination_station_id` AS `destination_station_id`, `Station`.`station_name` AS `station_name`, `cashier`.`ID` AS `ID`, `cashier`.`stationName` AS `stationName` FROM ((`Route` join `Station` on(`Route`.`origin_station_id` = `Station`.`station_id`)) join `cashier` on(`Station`.`station_name` = `cashier`.`stationName`)) ;

--
-- Indexes for dumped tables
--

--
-- Indexes for table `Passenger`
--
ALTER TABLE `Passenger`
  ADD PRIMARY KEY (`passenger_id`);

--
-- Indexes for table `Payment`
--
ALTER TABLE `Payment`
  ADD PRIMARY KEY (`payment_id`);

--
-- Indexes for table `Route`
--
ALTER TABLE `Route`
  ADD PRIMARY KEY (`route_id`);

--
-- Indexes for table `Station`
--
ALTER TABLE `Station`
  ADD PRIMARY KEY (`station_id`);

--
-- Indexes for table `Ticket`
--
ALTER TABLE `Ticket`
  ADD PRIMARY KEY (`ticket_id`),
  ADD KEY `train_id` (`train_id`),
  ADD KEY `payment_id` (`payment_id`) USING BTREE;

--
-- Indexes for table `Train`
--
ALTER TABLE `Train`
  ADD PRIMARY KEY (`train_id`),
  ADD KEY `route_id` (`route_id`);

--
-- Constraints for dumped tables
--

--
-- Constraints for table `Ticket`
--
ALTER TABLE `Ticket`
  ADD CONSTRAINT `Ticket_ibfk_1` FOREIGN KEY (`train_id`) REFERENCES `Train` (`train_id`);

--
-- Constraints for table `Train`
--
ALTER TABLE `Train`
  ADD CONSTRAINT `Train_ibfk_1` FOREIGN KEY (`route_id`) REFERENCES `Route` (`route_id`);
COMMIT;

/*!40101 SET CHARACTER_SET_CLIENT=@OLD_CHARACTER_SET_CLIENT */;
/*!40101 SET CHARACTER_SET_RESULTS=@OLD_CHARACTER_SET_RESULTS */;
/*!40101 SET COLLATION_CONNECTION=@OLD_COLLATION_CONNECTION */;
